[2024-01-15T23:16:54.348] [ERROR] default - TELEGRAM ERROR: Telegram bot token not found in environment variables
[2024-01-15T23:16:55.466] [INFO] default - New block received: Block # 52369712
[2024-01-15T23:16:59.176] [INFO] default - New block received: Block # 52369713
[2024-01-15T23:16:59.180] [INFO] default - New block received: Block # 52369714
[2024-01-15T23:17:02.992] [INFO] default - New block received: Block # 52369715
[2024-01-15T23:17:02.996] [INFO] default - New block received: Block # 52369716
[2024-01-15T23:17:06.627] [INFO] default - New block received: Block # 52369717
[2024-01-15T23:17:06.630] [INFO] default - New block received: Block # 52369718
[2024-01-15T23:17:12.332] [INFO] default - New block received: Block # 52369719
[2024-01-15T23:17:12.340] [INFO] default - New block received: Block # 52369720
[2024-01-15T23:17:12.344] [INFO] default - New block received: Block # 52369721
[2024-01-15T23:17:25.274] [INFO] default - New block received: Block # 52369722
[2024-01-15T23:17:25.279] [INFO] default - New block received: Block # 52369723
[2024-01-15T23:17:25.282] [INFO] default - New block received: Block # 52369724
[2024-01-15T23:17:25.285] [INFO] default - New block received: Block # 52369725
[2024-01-15T23:17:25.289] [INFO] default - New block received: Block # 52369726
[2024-01-15T23:17:25.293] [INFO] default - New block received: Block # 52369727
[2024-01-15T23:21:52.097] [ERROR] default - TELEGRAM ERROR: Telegram bot token not found in environment variables
[2024-01-15T23:21:52.170] [INFO] default - New block received: Block # 51501118
[2024-01-15T23:21:58.909] [INFO] default - New block received: Block # 51501119
[2024-01-15T23:22:07.393] [INFO] default - New block received: Block # 51501120
[2024-01-15T23:22:15.089] [INFO] default - New block received: Block # 51501121
[2024-01-15T23:22:24.018] [INFO] default - New block received: Block # 51501122
[2024-01-15T23:22:24.031] [ERROR] default - Error (getReserves(0xaC5D1a011aFD5C33Dcb3fdC8B2Ae5F4091080635)): Error: missing revert data in call exception; Transaction reverted without a reason string [ See: https://links.ethers.org/v5-errors-CALL_EXCEPTION ] (data="0x", transaction={"from":"0xf39Fd6e51aad88F6F4ce6aB8827279cffFb92266","to":"0xaC5D1a011aFD5C33Dcb3fdC8B2Ae5F4091080635","data":"0x0902f1ac","accessList":null}, error={"reason":"missing response","code":"SERVER_ERROR","requestBody":"{\"method\":\"eth_call\",\"params\":[{\"from\":\"0xf39fd6e51aad88f6f4ce6ab8827279cfffb92266\",\"to\":\"0xac5d1a011afd5c33dcb3fdc8b2ae5f4091080635\",\"data\":\"0x0902f1ac\"},\"latest\"],\"id\":743,\"jsonrpc\":\"2.0\"}","requestMethod":"POST","serverError":{"errno":-104,"code":"ECONNRESET","syscall":"read"},"url":"http://localhost:8545"}, code=CALL_EXCEPTION, version=providers/5.7.2)
[2024-01-15T23:22:24.032] [ERROR] default - Error: missing revert data in call exception; Transaction reverted without a reason string [ See: https://links.ethers.org/v5-errors-CALL_EXCEPTION ] (data="0x", transaction={"from":"0xf39Fd6e51aad88F6F4ce6aB8827279cffFb92266","to":"0xaC5D1a011aFD5C33Dcb3fdC8B2Ae5F4091080635","data":"0x0902f1ac","accessList":null}, error={"reason":"missing response","code":"SERVER_ERROR","requestBody":"{\"method\":\"eth_call\",\"params\":[{\"from\":\"0xf39fd6e51aad88f6f4ce6ab8827279cfffb92266\",\"to\":\"0xac5d1a011afd5c33dcb3fdc8b2ae5f4091080635\",\"data\":\"0x0902f1ac\"},\"latest\"],\"id\":743,\"jsonrpc\":\"2.0\"}","requestMethod":"POST","serverError":{"errno":-104,"code":"ECONNRESET","syscall":"read"},"url":"http://localhost:8545"}, code=CALL_EXCEPTION, version=providers/5.7.2)
    at Logger.makeError (/mnt/c/code/polybotv3/node_modules/@ethersproject/logger/src.ts/index.ts:269:28)
    at Logger.throwError (/mnt/c/code/polybotv3/node_modules/@ethersproject/logger/src.ts/index.ts:281:20)
    at checkError (/mnt/c/code/polybotv3/node_modules/@ethersproject/providers/src.ts/json-rpc-provider.ts:66:16)
    at JsonRpcProvider.<anonymous> (/mnt/c/code/polybotv3/node_modules/@ethersproject/providers/src.ts/json-rpc-provider.ts:642:20)
    at step (/mnt/c/code/polybotv3/node_modules/@ethersproject/providers/lib/json-rpc-provider.js:48:23)
    at Object.throw (/mnt/c/code/polybotv3/node_modules/@ethersproject/providers/lib/json-rpc-provider.js:29:53)
    at rejected (/mnt/c/code/polybotv3/node_modules/@ethersproject/providers/lib/json-rpc-provider.js:21:65)
    at processTicksAndRejections (node:internal/process/task_queues:95:5) {
  reason: 'missing revert data in call exception; Transaction reverted without a reason string',
  code: 'CALL_EXCEPTION',
  data: '0x',
  transaction: {
    from: '0xf39Fd6e51aad88F6F4ce6aB8827279cffFb92266',
    to: '0xaC5D1a011aFD5C33Dcb3fdC8B2Ae5F4091080635',
    data: '0x0902f1ac',
    accessList: null
  },
  error: Error: missing response (requestBody="{\"method\":\"eth_call\",\"params\":[{\"from\":\"0xf39fd6e51aad88f6f4ce6ab8827279cfffb92266\",\"to\":\"0xac5d1a011afd5c33dcb3fdc8b2ae5f4091080635\",\"data\":\"0x0902f1ac\"},\"latest\"],\"id\":743,\"jsonrpc\":\"2.0\"}", requestMethod="POST", serverError={"errno":-104,"code":"ECONNRESET","syscall":"read"}, url="http://localhost:8545", code=SERVER_ERROR, version=web/5.7.1)
      at Logger.makeError (/mnt/c/code/polybotv3/node_modules/@ethersproject/logger/src.ts/index.ts:269:28)
      at Logger.throwError (/mnt/c/code/polybotv3/node_modules/@ethersproject/logger/src.ts/index.ts:281:20)
      at /mnt/c/code/polybotv3/node_modules/@ethersproject/web/src.ts/index.ts:292:28
      at step (/mnt/c/code/polybotv3/node_modules/@ethersproject/web/lib/index.js:33:23)
      at Object.throw (/mnt/c/code/polybotv3/node_modules/@ethersproject/web/lib/index.js:14:53)
      at rejected (/mnt/c/code/polybotv3/node_modules/@ethersproject/web/lib/index.js:6:65)
      at processTicksAndRejections (node:internal/process/task_queues:95:5) {
    reason: 'missing response',
    code: 'SERVER_ERROR',
    requestBody: '{"method":"eth_call","params":[{"from":"0xf39fd6e51aad88f6f4ce6ab8827279cfffb92266","to":"0xac5d1a011afd5c33dcb3fdc8b2ae5f4091080635","data":"0x0902f1ac"},"latest"],"id":743,"jsonrpc":"2.0"}',
    requestMethod: 'POST',
    serverError: Error: read ECONNRESET
        at TCP.onStreamRead (node:internal/stream_base_commons:217:20) {
      errno: -104,
      code: 'ECONNRESET',
      syscall: 'read'
    },
    url: 'http://localhost:8545'
  }
}
[2024-01-15T23:22:24.165] [ERROR] default - Error (getReserves(0xaC5D1a011aFD5C33Dcb3fdC8B2Ae5F4091080635)): Error: missing revert data in call exception; Transaction reverted without a reason string [ See: https://links.ethers.org/v5-errors-CALL_EXCEPTION ] (data="0x", transaction={"from":"0xf39Fd6e51aad88F6F4ce6aB8827279cffFb92266","to":"0xaC5D1a011aFD5C33Dcb3fdC8B2Ae5F4091080635","data":"0x0902f1ac","accessList":null}, error={"reason":"missing response","code":"SERVER_ERROR","requestBody":"{\"method\":\"eth_call\",\"params\":[{\"from\":\"0xf39fd6e51aad88f6f4ce6ab8827279cfffb92266\",\"to\":\"0xac5d1a011afd5c33dcb3fdc8b2ae5f4091080635\",\"data\":\"0x0902f1ac\"},\"latest\"],\"id\":742,\"jsonrpc\":\"2.0\"}","requestMethod":"POST","serverError":{"errno":-104,"code":"ECONNRESET","syscall":"read"},"url":"http://localhost:8545"}, code=CALL_EXCEPTION, version=providers/5.7.2)
[2024-01-15T23:22:24.166] [ERROR] default - Error: missing revert data in call exception; Transaction reverted without a reason string [ See: https://links.ethers.org/v5-errors-CALL_EXCEPTION ] (data="0x", transaction={"from":"0xf39Fd6e51aad88F6F4ce6aB8827279cffFb92266","to":"0xaC5D1a011aFD5C33Dcb3fdC8B2Ae5F4091080635","data":"0x0902f1ac","accessList":null}, error={"reason":"missing response","code":"SERVER_ERROR","requestBody":"{\"method\":\"eth_call\",\"params\":[{\"from\":\"0xf39fd6e51aad88f6f4ce6ab8827279cfffb92266\",\"to\":\"0xac5d1a011afd5c33dcb3fdc8b2ae5f4091080635\",\"data\":\"0x0902f1ac\"},\"latest\"],\"id\":742,\"jsonrpc\":\"2.0\"}","requestMethod":"POST","serverError":{"errno":-104,"code":"ECONNRESET","syscall":"read"},"url":"http://localhost:8545"}, code=CALL_EXCEPTION, version=providers/5.7.2)
    at Logger.makeError (/mnt/c/code/polybotv3/node_modules/@ethersproject/logger/src.ts/index.ts:269:28)
    at Logger.throwError (/mnt/c/code/polybotv3/node_modules/@ethersproject/logger/src.ts/index.ts:281:20)
    at checkError (/mnt/c/code/polybotv3/node_modules/@ethersproject/providers/src.ts/json-rpc-provider.ts:66:16)
    at JsonRpcProvider.<anonymous> (/mnt/c/code/polybotv3/node_modules/@ethersproject/providers/src.ts/json-rpc-provider.ts:642:20)
    at step (/mnt/c/code/polybotv3/node_modules/@ethersproject/providers/lib/json-rpc-provider.js:48:23)
    at Object.throw (/mnt/c/code/polybotv3/node_modules/@ethersproject/providers/lib/json-rpc-provider.js:29:53)
    at rejected (/mnt/c/code/polybotv3/node_modules/@ethersproject/providers/lib/json-rpc-provider.js:21:65)
    at processTicksAndRejections (node:internal/process/task_queues:95:5) {
  reason: 'missing revert data in call exception; Transaction reverted without a reason string',
  code: 'CALL_EXCEPTION',
  data: '0x',
  transaction: {
    from: '0xf39Fd6e51aad88F6F4ce6aB8827279cffFb92266',
    to: '0xaC5D1a011aFD5C33Dcb3fdC8B2Ae5F4091080635',
    data: '0x0902f1ac',
    accessList: null
  },
  error: Error: missing response (requestBody="{\"method\":\"eth_call\",\"params\":[{\"from\":\"0xf39fd6e51aad88f6f4ce6ab8827279cfffb92266\",\"to\":\"0xac5d1a011afd5c33dcb3fdc8b2ae5f4091080635\",\"data\":\"0x0902f1ac\"},\"latest\"],\"id\":742,\"jsonrpc\":\"2.0\"}", requestMethod="POST", serverError={"errno":-104,"code":"ECONNRESET","syscall":"read"}, url="http://localhost:8545", code=SERVER_ERROR, version=web/5.7.1)
      at Logger.makeError (/mnt/c/code/polybotv3/node_modules/@ethersproject/logger/src.ts/index.ts:269:28)
      at Logger.throwError (/mnt/c/code/polybotv3/node_modules/@ethersproject/logger/src.ts/index.ts:281:20)
      at /mnt/c/code/polybotv3/node_modules/@ethersproject/web/src.ts/index.ts:292:28
      at step (/mnt/c/code/polybotv3/node_modules/@ethersproject/web/lib/index.js:33:23)
      at Object.throw (/mnt/c/code/polybotv3/node_modules/@ethersproject/web/lib/index.js:14:53)
      at rejected (/mnt/c/code/polybotv3/node_modules/@ethersproject/web/lib/index.js:6:65)
      at processTicksAndRejections (node:internal/process/task_queues:95:5) {
    reason: 'missing response',
    code: 'SERVER_ERROR',
    requestBody: '{"method":"eth_call","params":[{"from":"0xf39fd6e51aad88f6f4ce6ab8827279cfffb92266","to":"0xac5d1a011afd5c33dcb3fdc8b2ae5f4091080635","data":"0x0902f1ac"},"latest"],"id":742,"jsonrpc":"2.0"}',
    requestMethod: 'POST',
    serverError: Error: read ECONNRESET
        at TCP.onStreamRead (node:internal/stream_base_commons:217:20) {
      errno: -104,
      code: 'ECONNRESET',
      syscall: 'read'
    },
    url: 'http://localhost:8545'
  }
}
[2024-01-15T23:22:24.182] [ERROR] default - Error (getReserves(0x8C26252B14F9b071585B81b240C4ae2176E8cD3C)): Error: missing revert data in call exception; Transaction reverted without a reason string [ See: https://links.ethers.org/v5-errors-CALL_EXCEPTION ] (data="0x", transaction={"from":"0xf39Fd6e51aad88F6F4ce6aB8827279cffFb92266","to":"0x8C26252B14F9b071585B81b240C4ae2176E8cD3C","data":"0x0902f1ac","accessList":null}, error={"reason":"missing response","code":"SERVER_ERROR","requestBody":"{\"method\":\"eth_call\",\"params\":[{\"from\":\"0xf39fd6e51aad88f6f4ce6ab8827279cfffb92266\",\"to\":\"0x8c26252b14f9b071585b81b240c4ae2176e8cd3c\",\"data\":\"0x0902f1ac\"},\"latest\"],\"id\":741,\"jsonrpc\":\"2.0\"}","requestMethod":"POST","serverError":{"errno":-104,"code":"ECONNRESET","syscall":"read"},"url":"http://localhost:8545"}, code=CALL_EXCEPTION, version=providers/5.7.2)
[2024-01-15T23:22:24.182] [ERROR] default - Error: missing revert data in call exception; Transaction reverted without a reason string [ See: https://links.ethers.org/v5-errors-CALL_EXCEPTION ] (data="0x", transaction={"from":"0xf39Fd6e51aad88F6F4ce6aB8827279cffFb92266","to":"0x8C26252B14F9b071585B81b240C4ae2176E8cD3C","data":"0x0902f1ac","accessList":null}, error={"reason":"missing response","code":"SERVER_ERROR","requestBody":"{\"method\":\"eth_call\",\"params\":[{\"from\":\"0xf39fd6e51aad88f6f4ce6ab8827279cfffb92266\",\"to\":\"0x8c26252b14f9b071585b81b240c4ae2176e8cd3c\",\"data\":\"0x0902f1ac\"},\"latest\"],\"id\":741,\"jsonrpc\":\"2.0\"}","requestMethod":"POST","serverError":{"errno":-104,"code":"ECONNRESET","syscall":"read"},"url":"http://localhost:8545"}, code=CALL_EXCEPTION, version=providers/5.7.2)
    at Logger.makeError (/mnt/c/code/polybotv3/node_modules/@ethersproject/logger/src.ts/index.ts:269:28)
    at Logger.throwError (/mnt/c/code/polybotv3/node_modules/@ethersproject/logger/src.ts/index.ts:281:20)
    at checkError (/mnt/c/code/polybotv3/node_modules/@ethersproject/providers/src.ts/json-rpc-provider.ts:66:16)
    at JsonRpcProvider.<anonymous> (/mnt/c/code/polybotv3/node_modules/@ethersproject/providers/src.ts/json-rpc-provider.ts:642:20)
    at step (/mnt/c/code/polybotv3/node_modules/@ethersproject/providers/lib/json-rpc-provider.js:48:23)
    at Object.throw (/mnt/c/code/polybotv3/node_modules/@ethersproject/providers/lib/json-rpc-provider.js:29:53)
    at rejected (/mnt/c/code/polybotv3/node_modules/@ethersproject/providers/lib/json-rpc-provider.js:21:65)
    at processTicksAndRejections (node:internal/process/task_queues:95:5) {
  reason: 'missing revert data in call exception; Transaction reverted without a reason string',
  code: 'CALL_EXCEPTION',
  data: '0x',
  transaction: {
    from: '0xf39Fd6e51aad88F6F4ce6aB8827279cffFb92266',
    to: '0x8C26252B14F9b071585B81b240C4ae2176E8cD3C',
    data: '0x0902f1ac',
    accessList: null
  },
  error: Error: missing response (requestBody="{\"method\":\"eth_call\",\"params\":[{\"from\":\"0xf39fd6e51aad88f6f4ce6ab8827279cfffb92266\",\"to\":\"0x8c26252b14f9b071585b81b240c4ae2176e8cd3c\",\"data\":\"0x0902f1ac\"},\"latest\"],\"id\":741,\"jsonrpc\":\"2.0\"}", requestMethod="POST", serverError={"errno":-104,"code":"ECONNRESET","syscall":"read"}, url="http://localhost:8545", code=SERVER_ERROR, version=web/5.7.1)
      at Logger.makeError (/mnt/c/code/polybotv3/node_modules/@ethersproject/logger/src.ts/index.ts:269:28)
      at Logger.throwError (/mnt/c/code/polybotv3/node_modules/@ethersproject/logger/src.ts/index.ts:281:20)
      at /mnt/c/code/polybotv3/node_modules/@ethersproject/web/src.ts/index.ts:292:28
      at step (/mnt/c/code/polybotv3/node_modules/@ethersproject/web/lib/index.js:33:23)
      at Object.throw (/mnt/c/code/polybotv3/node_modules/@ethersproject/web/lib/index.js:14:53)
      at rejected (/mnt/c/code/polybotv3/node_modules/@ethersproject/web/lib/index.js:6:65)
      at processTicksAndRejections (node:internal/process/task_queues:95:5) {
    reason: 'missing response',
    code: 'SERVER_ERROR',
    requestBody: '{"method":"eth_call","params":[{"from":"0xf39fd6e51aad88f6f4ce6ab8827279cfffb92266","to":"0x8c26252b14f9b071585b81b240c4ae2176e8cd3c","data":"0x0902f1ac"},"latest"],"id":741,"jsonrpc":"2.0"}',
    requestMethod: 'POST',
    serverError: Error: read ECONNRESET
        at TCP.onStreamRead (node:internal/stream_base_commons:217:20) {
      errno: -104,
      code: 'ECONNRESET',
      syscall: 'read'
    },
    url: 'http://localhost:8545'
  }
}
[2024-01-15T23:22:24.187] [ERROR] default - Error (getReserves(0x8C26252B14F9b071585B81b240C4ae2176E8cD3C)): Error: missing revert data in call exception; Transaction reverted without a reason string [ See: https://links.ethers.org/v5-errors-CALL_EXCEPTION ] (data="0x", transaction={"from":"0xf39Fd6e51aad88F6F4ce6aB8827279cffFb92266","to":"0x8C26252B14F9b071585B81b240C4ae2176E8cD3C","data":"0x0902f1ac","accessList":null}, error={"reason":"missing response","code":"SERVER_ERROR","requestBody":"{\"method\":\"eth_call\",\"params\":[{\"from\":\"0xf39fd6e51aad88f6f4ce6ab8827279cfffb92266\",\"to\":\"0x8c26252b14f9b071585b81b240c4ae2176e8cd3c\",\"data\":\"0x0902f1ac\"},\"latest\"],\"id\":740,\"jsonrpc\":\"2.0\"}","requestMethod":"POST","serverError":{"errno":-104,"code":"ECONNRESET","syscall":"read"},"url":"http://localhost:8545"}, code=CALL_EXCEPTION, version=providers/5.7.2)
[2024-01-15T23:22:24.187] [ERROR] default - Error: missing revert data in call exception; Transaction reverted without a reason string [ See: https://links.ethers.org/v5-errors-CALL_EXCEPTION ] (data="0x", transaction={"from":"0xf39Fd6e51aad88F6F4ce6aB8827279cffFb92266","to":"0x8C26252B14F9b071585B81b240C4ae2176E8cD3C","data":"0x0902f1ac","accessList":null}, error={"reason":"missing response","code":"SERVER_ERROR","requestBody":"{\"method\":\"eth_call\",\"params\":[{\"from\":\"0xf39fd6e51aad88f6f4ce6ab8827279cfffb92266\",\"to\":\"0x8c26252b14f9b071585b81b240c4ae2176e8cd3c\",\"data\":\"0x0902f1ac\"},\"latest\"],\"id\":740,\"jsonrpc\":\"2.0\"}","requestMethod":"POST","serverError":{"errno":-104,"code":"ECONNRESET","syscall":"read"},"url":"http://localhost:8545"}, code=CALL_EXCEPTION, version=providers/5.7.2)
    at Logger.makeError (/mnt/c/code/polybotv3/node_modules/@ethersproject/logger/src.ts/index.ts:269:28)
    at Logger.throwError (/mnt/c/code/polybotv3/node_modules/@ethersproject/logger/src.ts/index.ts:281:20)
    at checkError (/mnt/c/code/polybotv3/node_modules/@ethersproject/providers/src.ts/json-rpc-provider.ts:66:16)
    at JsonRpcProvider.<anonymous> (/mnt/c/code/polybotv3/node_modules/@ethersproject/providers/src.ts/json-rpc-provider.ts:642:20)
    at step (/mnt/c/code/polybotv3/node_modules/@ethersproject/providers/lib/json-rpc-provider.js:48:23)
    at Object.throw (/mnt/c/code/polybotv3/node_modules/@ethersproject/providers/lib/json-rpc-provider.js:29:53)
    at rejected (/mnt/c/code/polybotv3/node_modules/@ethersproject/providers/lib/json-rpc-provider.js:21:65)
    at processTicksAndRejections (node:internal/process/task_queues:95:5) {
  reason: 'missing revert data in call exception; Transaction reverted without a reason string',
  code: 'CALL_EXCEPTION',
  data: '0x',
  transaction: {
    from: '0xf39Fd6e51aad88F6F4ce6aB8827279cffFb92266',
    to: '0x8C26252B14F9b071585B81b240C4ae2176E8cD3C',
    data: '0x0902f1ac',
    accessList: null
  },
  error: Error: missing response (requestBody="{\"method\":\"eth_call\",\"params\":[{\"from\":\"0xf39fd6e51aad88f6f4ce6ab8827279cfffb92266\",\"to\":\"0x8c26252b14f9b071585b81b240c4ae2176e8cd3c\",\"data\":\"0x0902f1ac\"},\"latest\"],\"id\":740,\"jsonrpc\":\"2.0\"}", requestMethod="POST", serverError={"errno":-104,"code":"ECONNRESET","syscall":"read"}, url="http://localhost:8545", code=SERVER_ERROR, version=web/5.7.1)
      at Logger.makeError (/mnt/c/code/polybotv3/node_modules/@ethersproject/logger/src.ts/index.ts:269:28)
      at Logger.throwError (/mnt/c/code/polybotv3/node_modules/@ethersproject/logger/src.ts/index.ts:281:20)
      at /mnt/c/code/polybotv3/node_modules/@ethersproject/web/src.ts/index.ts:292:28
      at step (/mnt/c/code/polybotv3/node_modules/@ethersproject/web/lib/index.js:33:23)
      at Object.throw (/mnt/c/code/polybotv3/node_modules/@ethersproject/web/lib/index.js:14:53)
      at rejected (/mnt/c/code/polybotv3/node_modules/@ethersproject/web/lib/index.js:6:65)
      at processTicksAndRejections (node:internal/process/task_queues:95:5) {
    reason: 'missing response',
    code: 'SERVER_ERROR',
    requestBody: '{"method":"eth_call","params":[{"from":"0xf39fd6e51aad88f6f4ce6ab8827279cfffb92266","to":"0x8c26252b14f9b071585b81b240c4ae2176e8cd3c","data":"0x0902f1ac"},"latest"],"id":740,"jsonrpc":"2.0"}',
    requestMethod: 'POST',
    serverError: Error: read ECONNRESET
        at TCP.onStreamRead (node:internal/stream_base_commons:217:20) {
      errno: -104,
      code: 'ECONNRESET',
      syscall: 'read'
    },
    url: 'http://localhost:8545'
  }
}
[2024-01-15T23:22:24.191] [ERROR] default - Error (getReserves(0xFEFF91C350bB564cA5Dc7D6F7DcD12ac092F94FF)): Error: missing revert data in call exception; Transaction reverted without a reason string [ See: https://links.ethers.org/v5-errors-CALL_EXCEPTION ] (data="0x", transaction={"from":"0xf39Fd6e51aad88F6F4ce6aB8827279cffFb92266","to":"0xFEFF91C350bB564cA5Dc7D6F7DcD12ac092F94FF","data":"0x0902f1ac","accessList":null}, error={"reason":"missing response","code":"SERVER_ERROR","requestBody":"{\"method\":\"eth_call\",\"params\":[{\"from\":\"0xf39fd6e51aad88f6f4ce6ab8827279cfffb92266\",\"to\":\"0xfeff91c350bb564ca5dc7d6f7dcd12ac092f94ff\",\"data\":\"0x0902f1ac\"},\"latest\"],\"id\":739,\"jsonrpc\":\"2.0\"}","requestMethod":"POST","serverError":{"errno":-104,"code":"ECONNRESET","syscall":"read"},"url":"http://localhost:8545"}, code=CALL_EXCEPTION, version=providers/5.7.2)
[2024-01-15T23:22:24.191] [ERROR] default - Error: missing revert data in call exception; Transaction reverted without a reason string [ See: https://links.ethers.org/v5-errors-CALL_EXCEPTION ] (data="0x", transaction={"from":"0xf39Fd6e51aad88F6F4ce6aB8827279cffFb92266","to":"0xFEFF91C350bB564cA5Dc7D6F7DcD12ac092F94FF","data":"0x0902f1ac","accessList":null}, error={"reason":"missing response","code":"SERVER_ERROR","requestBody":"{\"method\":\"eth_call\",\"params\":[{\"from\":\"0xf39fd6e51aad88f6f4ce6ab8827279cfffb92266\",\"to\":\"0xfeff91c350bb564ca5dc7d6f7dcd12ac092f94ff\",\"data\":\"0x0902f1ac\"},\"latest\"],\"id\":739,\"jsonrpc\":\"2.0\"}","requestMethod":"POST","serverError":{"errno":-104,"code":"ECONNRESET","syscall":"read"},"url":"http://localhost:8545"}, code=CALL_EXCEPTION, version=providers/5.7.2)
    at Logger.makeError (/mnt/c/code/polybotv3/node_modules/@ethersproject/logger/src.ts/index.ts:269:28)
    at Logger.throwError (/mnt/c/code/polybotv3/node_modules/@ethersproject/logger/src.ts/index.ts:281:20)
    at checkError (/mnt/c/code/polybotv3/node_modules/@ethersproject/providers/src.ts/json-rpc-provider.ts:66:16)
    at JsonRpcProvider.<anonymous> (/mnt/c/code/polybotv3/node_modules/@ethersproject/providers/src.ts/json-rpc-provider.ts:642:20)
    at step (/mnt/c/code/polybotv3/node_modules/@ethersproject/providers/lib/json-rpc-provider.js:48:23)
    at Object.throw (/mnt/c/code/polybotv3/node_modules/@ethersproject/providers/lib/json-rpc-provider.js:29:53)
    at rejected (/mnt/c/code/polybotv3/node_modules/@ethersproject/providers/lib/json-rpc-provider.js:21:65)
    at processTicksAndRejections (node:internal/process/task_queues:95:5) {
  reason: 'missing revert data in call exception; Transaction reverted without a reason string',
  code: 'CALL_EXCEPTION',
  data: '0x',
  transaction: {
    from: '0xf39Fd6e51aad88F6F4ce6aB8827279cffFb92266',
    to: '0xFEFF91C350bB564cA5Dc7D6F7DcD12ac092F94FF',
    data: '0x0902f1ac',
    accessList: null
  },
  error: Error: missing response (requestBody="{\"method\":\"eth_call\",\"params\":[{\"from\":\"0xf39fd6e51aad88f6f4ce6ab8827279cfffb92266\",\"to\":\"0xfeff91c350bb564ca5dc7d6f7dcd12ac092f94ff\",\"data\":\"0x0902f1ac\"},\"latest\"],\"id\":739,\"jsonrpc\":\"2.0\"}", requestMethod="POST", serverError={"errno":-104,"code":"ECONNRESET","syscall":"read"}, url="http://localhost:8545", code=SERVER_ERROR, version=web/5.7.1)
      at Logger.makeError (/mnt/c/code/polybotv3/node_modules/@ethersproject/logger/src.ts/index.ts:269:28)
      at Logger.throwError (/mnt/c/code/polybotv3/node_modules/@ethersproject/logger/src.ts/index.ts:281:20)
      at /mnt/c/code/polybotv3/node_modules/@ethersproject/web/src.ts/index.ts:292:28
      at step (/mnt/c/code/polybotv3/node_modules/@ethersproject/web/lib/index.js:33:23)
      at Object.throw (/mnt/c/code/polybotv3/node_modules/@ethersproject/web/lib/index.js:14:53)
      at rejected (/mnt/c/code/polybotv3/node_modules/@ethersproject/web/lib/index.js:6:65)
      at processTicksAndRejections (node:internal/process/task_queues:95:5) {
    reason: 'missing response',
    code: 'SERVER_ERROR',
    requestBody: '{"method":"eth_call","params":[{"from":"0xf39fd6e51aad88f6f4ce6ab8827279cfffb92266","to":"0xfeff91c350bb564ca5dc7d6f7dcd12ac092f94ff","data":"0x0902f1ac"},"latest"],"id":739,"jsonrpc":"2.0"}',
    requestMethod: 'POST',
    serverError: Error: read ECONNRESET
        at TCP.onStreamRead (node:internal/stream_base_commons:217:20) {
      errno: -104,
      code: 'ECONNRESET',
      syscall: 'read'
    },
    url: 'http://localhost:8545'
  }
}
[2024-01-15T23:22:24.195] [ERROR] default - Error (getReserves(0xFEFF91C350bB564cA5Dc7D6F7DcD12ac092F94FF)): Error: missing revert data in call exception; Transaction reverted without a reason string [ See: https://links.ethers.org/v5-errors-CALL_EXCEPTION ] (data="0x", transaction={"from":"0xf39Fd6e51aad88F6F4ce6aB8827279cffFb92266","to":"0xFEFF91C350bB564cA5Dc7D6F7DcD12ac092F94FF","data":"0x0902f1ac","accessList":null}, error={"reason":"missing response","code":"SERVER_ERROR","requestBody":"{\"method\":\"eth_call\",\"params\":[{\"from\":\"0xf39fd6e51aad88f6f4ce6ab8827279cfffb92266\",\"to\":\"0xfeff91c350bb564ca5dc7d6f7dcd12ac092f94ff\",\"data\":\"0x0902f1ac\"},\"latest\"],\"id\":738,\"jsonrpc\":\"2.0\"}","requestMethod":"POST","serverError":{"errno":-104,"code":"ECONNRESET","syscall":"read"},"url":"http://localhost:8545"}, code=CALL_EXCEPTION, version=providers/5.7.2)
[2024-01-15T23:22:24.195] [ERROR] default - Error: missing revert data in call exception; Transaction reverted without a reason string [ See: https://links.ethers.org/v5-errors-CALL_EXCEPTION ] (data="0x", transaction={"from":"0xf39Fd6e51aad88F6F4ce6aB8827279cffFb92266","to":"0xFEFF91C350bB564cA5Dc7D6F7DcD12ac092F94FF","data":"0x0902f1ac","accessList":null}, error={"reason":"missing response","code":"SERVER_ERROR","requestBody":"{\"method\":\"eth_call\",\"params\":[{\"from\":\"0xf39fd6e51aad88f6f4ce6ab8827279cfffb92266\",\"to\":\"0xfeff91c350bb564ca5dc7d6f7dcd12ac092f94ff\",\"data\":\"0x0902f1ac\"},\"latest\"],\"id\":738,\"jsonrpc\":\"2.0\"}","requestMethod":"POST","serverError":{"errno":-104,"code":"ECONNRESET","syscall":"read"},"url":"http://localhost:8545"}, code=CALL_EXCEPTION, version=providers/5.7.2)
    at Logger.makeError (/mnt/c/code/polybotv3/node_modules/@ethersproject/logger/src.ts/index.ts:269:28)
    at Logger.throwError (/mnt/c/code/polybotv3/node_modules/@ethersproject/logger/src.ts/index.ts:281:20)
    at checkError (/mnt/c/code/polybotv3/node_modules/@ethersproject/providers/src.ts/json-rpc-provider.ts:66:16)
    at JsonRpcProvider.<anonymous> (/mnt/c/code/polybotv3/node_modules/@ethersproject/providers/src.ts/json-rpc-provider.ts:642:20)
    at step (/mnt/c/code/polybotv3/node_modules/@ethersproject/providers/lib/json-rpc-provider.js:48:23)
    at Object.throw (/mnt/c/code/polybotv3/node_modules/@ethersproject/providers/lib/json-rpc-provider.js:29:53)
    at rejected (/mnt/c/code/polybotv3/node_modules/@ethersproject/providers/lib/json-rpc-provider.js:21:65)
    at processTicksAndRejections (node:internal/process/task_queues:95:5) {
  reason: 'missing revert data in call exception; Transaction reverted without a reason string',
  code: 'CALL_EXCEPTION',
  data: '0x',
  transaction: {
    from: '0xf39Fd6e51aad88F6F4ce6aB8827279cffFb92266',
    to: '0xFEFF91C350bB564cA5Dc7D6F7DcD12ac092F94FF',
    data: '0x0902f1ac',
    accessList: null
  },
  error: Error: missing response (requestBody="{\"method\":\"eth_call\",\"params\":[{\"from\":\"0xf39fd6e51aad88f6f4ce6ab8827279cfffb92266\",\"to\":\"0xfeff91c350bb564ca5dc7d6f7dcd12ac092f94ff\",\"data\":\"0x0902f1ac\"},\"latest\"],\"id\":738,\"jsonrpc\":\"2.0\"}", requestMethod="POST", serverError={"errno":-104,"code":"ECONNRESET","syscall":"read"}, url="http://localhost:8545", code=SERVER_ERROR, version=web/5.7.1)
      at Logger.makeError (/mnt/c/code/polybotv3/node_modules/@ethersproject/logger/src.ts/index.ts:269:28)
      at Logger.throwError (/mnt/c/code/polybotv3/node_modules/@ethersproject/logger/src.ts/index.ts:281:20)
      at /mnt/c/code/polybotv3/node_modules/@ethersproject/web/src.ts/index.ts:292:28
      at step (/mnt/c/code/polybotv3/node_modules/@ethersproject/web/lib/index.js:33:23)
      at Object.throw (/mnt/c/code/polybotv3/node_modules/@ethersproject/web/lib/index.js:14:53)
      at rejected (/mnt/c/code/polybotv3/node_modules/@ethersproject/web/lib/index.js:6:65)
      at processTicksAndRejections (node:internal/process/task_queues:95:5) {
    reason: 'missing response',
    code: 'SERVER_ERROR',
    requestBody: '{"method":"eth_call","params":[{"from":"0xf39fd6e51aad88f6f4ce6ab8827279cfffb92266","to":"0xfeff91c350bb564ca5dc7d6f7dcd12ac092f94ff","data":"0x0902f1ac"},"latest"],"id":738,"jsonrpc":"2.0"}',
    requestMethod: 'POST',
    serverError: Error: read ECONNRESET
        at TCP.onStreamRead (node:internal/stream_base_commons:217:20) {
      errno: -104,
      code: 'ECONNRESET',
      syscall: 'read'
    },
    url: 'http://localhost:8545'
  }
}
[2024-01-15T23:22:24.200] [ERROR] default - Error (getReserves(0x8C26252B14F9b071585B81b240C4ae2176E8cD3C)): Error: missing revert data in call exception; Transaction reverted without a reason string [ See: https://links.ethers.org/v5-errors-CALL_EXCEPTION ] (data="0x", transaction={"from":"0xf39Fd6e51aad88F6F4ce6aB8827279cffFb92266","to":"0x8C26252B14F9b071585B81b240C4ae2176E8cD3C","data":"0x0902f1ac","accessList":null}, error={"reason":"missing response","code":"SERVER_ERROR","requestBody":"{\"method\":\"eth_call\",\"params\":[{\"from\":\"0xf39fd6e51aad88f6f4ce6ab8827279cfffb92266\",\"to\":\"0x8c26252b14f9b071585b81b240c4ae2176e8cd3c\",\"data\":\"0x0902f1ac\"},\"latest\"],\"id\":737,\"jsonrpc\":\"2.0\"}","requestMethod":"POST","serverError":{"errno":-104,"code":"ECONNRESET","syscall":"read"},"url":"http://localhost:8545"}, code=CALL_EXCEPTION, version=providers/5.7.2)
[2024-01-15T23:22:24.201] [ERROR] default - Error: missing revert data in call exception; Transaction reverted without a reason string [ See: https://links.ethers.org/v5-errors-CALL_EXCEPTION ] (data="0x", transaction={"from":"0xf39Fd6e51aad88F6F4ce6aB8827279cffFb92266","to":"0x8C26252B14F9b071585B81b240C4ae2176E8cD3C","data":"0x0902f1ac","accessList":null}, error={"reason":"missing response","code":"SERVER_ERROR","requestBody":"{\"method\":\"eth_call\",\"params\":[{\"from\":\"0xf39fd6e51aad88f6f4ce6ab8827279cfffb92266\",\"to\":\"0x8c26252b14f9b071585b81b240c4ae2176e8cd3c\",\"data\":\"0x0902f1ac\"},\"latest\"],\"id\":737,\"jsonrpc\":\"2.0\"}","requestMethod":"POST","serverError":{"errno":-104,"code":"ECONNRESET","syscall":"read"},"url":"http://localhost:8545"}, code=CALL_EXCEPTION, version=providers/5.7.2)
    at Logger.makeError (/mnt/c/code/polybotv3/node_modules/@ethersproject/logger/src.ts/index.ts:269:28)
    at Logger.throwError (/mnt/c/code/polybotv3/node_modules/@ethersproject/logger/src.ts/index.ts:281:20)
    at checkError (/mnt/c/code/polybotv3/node_modules/@ethersproject/providers/src.ts/json-rpc-provider.ts:66:16)
    at JsonRpcProvider.<anonymous> (/mnt/c/code/polybotv3/node_modules/@ethersproject/providers/src.ts/json-rpc-provider.ts:642:20)
    at step (/mnt/c/code/polybotv3/node_modules/@ethersproject/providers/lib/json-rpc-provider.js:48:23)
    at Object.throw (/mnt/c/code/polybotv3/node_modules/@ethersproject/providers/lib/json-rpc-provider.js:29:53)
    at rejected (/mnt/c/code/polybotv3/node_modules/@ethersproject/providers/lib/json-rpc-provider.js:21:65)
    at processTicksAndRejections (node:internal/process/task_queues:95:5) {
  reason: 'missing revert data in call exception; Transaction reverted without a reason string',
  code: 'CALL_EXCEPTION',
  data: '0x',
  transaction: {
    from: '0xf39Fd6e51aad88F6F4ce6aB8827279cffFb92266',
    to: '0x8C26252B14F9b071585B81b240C4ae2176E8cD3C',
    data: '0x0902f1ac',
    accessList: null
  },
  error: Error: missing response (requestBody="{\"method\":\"eth_call\",\"params\":[{\"from\":\"0xf39fd6e51aad88f6f4ce6ab8827279cfffb92266\",\"to\":\"0x8c26252b14f9b071585b81b240c4ae2176e8cd3c\",\"data\":\"0x0902f1ac\"},\"latest\"],\"id\":737,\"jsonrpc\":\"2.0\"}", requestMethod="POST", serverError={"errno":-104,"code":"ECONNRESET","syscall":"read"}, url="http://localhost:8545", code=SERVER_ERROR, version=web/5.7.1)
      at Logger.makeError (/mnt/c/code/polybotv3/node_modules/@ethersproject/logger/src.ts/index.ts:269:28)
      at Logger.throwError (/mnt/c/code/polybotv3/node_modules/@ethersproject/logger/src.ts/index.ts:281:20)
      at /mnt/c/code/polybotv3/node_modules/@ethersproject/web/src.ts/index.ts:292:28
      at step (/mnt/c/code/polybotv3/node_modules/@ethersproject/web/lib/index.js:33:23)
      at Object.throw (/mnt/c/code/polybotv3/node_modules/@ethersproject/web/lib/index.js:14:53)
      at rejected (/mnt/c/code/polybotv3/node_modules/@ethersproject/web/lib/index.js:6:65)
      at processTicksAndRejections (node:internal/process/task_queues:95:5) {
    reason: 'missing response',
    code: 'SERVER_ERROR',
    requestBody: '{"method":"eth_call","params":[{"from":"0xf39fd6e51aad88f6f4ce6ab8827279cfffb92266","to":"0x8c26252b14f9b071585b81b240c4ae2176e8cd3c","data":"0x0902f1ac"},"latest"],"id":737,"jsonrpc":"2.0"}',
    requestMethod: 'POST',
    serverError: Error: read ECONNRESET
        at TCP.onStreamRead (node:internal/stream_base_commons:217:20) {
      errno: -104,
      code: 'ECONNRESET',
      syscall: 'read'
    },
    url: 'http://localhost:8545'
  }
}
[2024-01-15T23:22:24.205] [ERROR] default - Error (getReserves(0x8C26252B14F9b071585B81b240C4ae2176E8cD3C)): Error: missing revert data in call exception; Transaction reverted without a reason string [ See: https://links.ethers.org/v5-errors-CALL_EXCEPTION ] (data="0x", transaction={"from":"0xf39Fd6e51aad88F6F4ce6aB8827279cffFb92266","to":"0x8C26252B14F9b071585B81b240C4ae2176E8cD3C","data":"0x0902f1ac","accessList":null}, error={"reason":"missing response","code":"SERVER_ERROR","requestBody":"{\"method\":\"eth_call\",\"params\":[{\"from\":\"0xf39fd6e51aad88f6f4ce6ab8827279cfffb92266\",\"to\":\"0x8c26252b14f9b071585b81b240c4ae2176e8cd3c\",\"data\":\"0x0902f1ac\"},\"latest\"],\"id\":736,\"jsonrpc\":\"2.0\"}","requestMethod":"POST","serverError":{"errno":-104,"code":"ECONNRESET","syscall":"read"},"url":"http://localhost:8545"}, code=CALL_EXCEPTION, version=providers/5.7.2)
[2024-01-15T23:22:24.205] [ERROR] default - Error: missing revert data in call exception; Transaction reverted without a reason string [ See: https://links.ethers.org/v5-errors-CALL_EXCEPTION ] (data="0x", transaction={"from":"0xf39Fd6e51aad88F6F4ce6aB8827279cffFb92266","to":"0x8C26252B14F9b071585B81b240C4ae2176E8cD3C","data":"0x0902f1ac","accessList":null}, error={"reason":"missing response","code":"SERVER_ERROR","requestBody":"{\"method\":\"eth_call\",\"params\":[{\"from\":\"0xf39fd6e51aad88f6f4ce6ab8827279cfffb92266\",\"to\":\"0x8c26252b14f9b071585b81b240c4ae2176e8cd3c\",\"data\":\"0x0902f1ac\"},\"latest\"],\"id\":736,\"jsonrpc\":\"2.0\"}","requestMethod":"POST","serverError":{"errno":-104,"code":"ECONNRESET","syscall":"read"},"url":"http://localhost:8545"}, code=CALL_EXCEPTION, version=providers/5.7.2)
    at Logger.makeError (/mnt/c/code/polybotv3/node_modules/@ethersproject/logger/src.ts/index.ts:269:28)
    at Logger.throwError (/mnt/c/code/polybotv3/node_modules/@ethersproject/logger/src.ts/index.ts:281:20)
    at checkError (/mnt/c/code/polybotv3/node_modules/@ethersproject/providers/src.ts/json-rpc-provider.ts:66:16)
    at JsonRpcProvider.<anonymous> (/mnt/c/code/polybotv3/node_modules/@ethersproject/providers/src.ts/json-rpc-provider.ts:642:20)
    at step (/mnt/c/code/polybotv3/node_modules/@ethersproject/providers/lib/json-rpc-provider.js:48:23)
    at Object.throw (/mnt/c/code/polybotv3/node_modules/@ethersproject/providers/lib/json-rpc-provider.js:29:53)
    at rejected (/mnt/c/code/polybotv3/node_modules/@ethersproject/providers/lib/json-rpc-provider.js:21:65)
    at processTicksAndRejections (node:internal/process/task_queues:95:5) {
  reason: 'missing revert data in call exception; Transaction reverted without a reason string',
  code: 'CALL_EXCEPTION',
  data: '0x',
  transaction: {
    from: '0xf39Fd6e51aad88F6F4ce6aB8827279cffFb92266',
    to: '0x8C26252B14F9b071585B81b240C4ae2176E8cD3C',
    data: '0x0902f1ac',
    accessList: null
  },
  error: Error: missing response (requestBody="{\"method\":\"eth_call\",\"params\":[{\"from\":\"0xf39fd6e51aad88f6f4ce6ab8827279cfffb92266\",\"to\":\"0x8c26252b14f9b071585b81b240c4ae2176e8cd3c\",\"data\":\"0x0902f1ac\"},\"latest\"],\"id\":736,\"jsonrpc\":\"2.0\"}", requestMethod="POST", serverError={"errno":-104,"code":"ECONNRESET","syscall":"read"}, url="http://localhost:8545", code=SERVER_ERROR, version=web/5.7.1)
      at Logger.makeError (/mnt/c/code/polybotv3/node_modules/@ethersproject/logger/src.ts/index.ts:269:28)
      at Logger.throwError (/mnt/c/code/polybotv3/node_modules/@ethersproject/logger/src.ts/index.ts:281:20)
      at /mnt/c/code/polybotv3/node_modules/@ethersproject/web/src.ts/index.ts:292:28
      at step (/mnt/c/code/polybotv3/node_modules/@ethersproject/web/lib/index.js:33:23)
      at Object.throw (/mnt/c/code/polybotv3/node_modules/@ethersproject/web/lib/index.js:14:53)
      at rejected (/mnt/c/code/polybotv3/node_modules/@ethersproject/web/lib/index.js:6:65)
      at processTicksAndRejections (node:internal/process/task_queues:95:5) {
    reason: 'missing response',
    code: 'SERVER_ERROR',
    requestBody: '{"method":"eth_call","params":[{"from":"0xf39fd6e51aad88f6f4ce6ab8827279cfffb92266","to":"0x8c26252b14f9b071585b81b240c4ae2176e8cd3c","data":"0x0902f1ac"},"latest"],"id":736,"jsonrpc":"2.0"}',
    requestMethod: 'POST',
    serverError: Error: read ECONNRESET
        at TCP.onStreamRead (node:internal/stream_base_commons:217:20) {
      errno: -104,
      code: 'ECONNRESET',
      syscall: 'read'
    },
    url: 'http://localhost:8545'
  }
}
[2024-01-15T23:22:24.208] [ERROR] default - Error (getReserves(0x8C26252B14F9b071585B81b240C4ae2176E8cD3C)): Error: missing revert data in call exception; Transaction reverted without a reason string [ See: https://links.ethers.org/v5-errors-CALL_EXCEPTION ] (data="0x", transaction={"from":"0xf39Fd6e51aad88F6F4ce6aB8827279cffFb92266","to":"0x8C26252B14F9b071585B81b240C4ae2176E8cD3C","data":"0x0902f1ac","accessList":null}, error={"reason":"missing response","code":"SERVER_ERROR","requestBody":"{\"method\":\"eth_call\",\"params\":[{\"from\":\"0xf39fd6e51aad88f6f4ce6ab8827279cfffb92266\",\"to\":\"0x8c26252b14f9b071585b81b240c4ae2176e8cd3c\",\"data\":\"0x0902f1ac\"},\"latest\"],\"id\":735,\"jsonrpc\":\"2.0\"}","requestMethod":"POST","serverError":{"errno":-104,"code":"ECONNRESET","syscall":"read"},"url":"http://localhost:8545"}, code=CALL_EXCEPTION, version=providers/5.7.2)
[2024-01-15T23:22:24.208] [ERROR] default - Error: missing revert data in call exception; Transaction reverted without a reason string [ See: https://links.ethers.org/v5-errors-CALL_EXCEPTION ] (data="0x", transaction={"from":"0xf39Fd6e51aad88F6F4ce6aB8827279cffFb92266","to":"0x8C26252B14F9b071585B81b240C4ae2176E8cD3C","data":"0x0902f1ac","accessList":null}, error={"reason":"missing response","code":"SERVER_ERROR","requestBody":"{\"method\":\"eth_call\",\"params\":[{\"from\":\"0xf39fd6e51aad88f6f4ce6ab8827279cfffb92266\",\"to\":\"0x8c26252b14f9b071585b81b240c4ae2176e8cd3c\",\"data\":\"0x0902f1ac\"},\"latest\"],\"id\":735,\"jsonrpc\":\"2.0\"}","requestMethod":"POST","serverError":{"errno":-104,"code":"ECONNRESET","syscall":"read"},"url":"http://localhost:8545"}, code=CALL_EXCEPTION, version=providers/5.7.2)
    at Logger.makeError (/mnt/c/code/polybotv3/node_modules/@ethersproject/logger/src.ts/index.ts:269:28)
    at Logger.throwError (/mnt/c/code/polybotv3/node_modules/@ethersproject/logger/src.ts/index.ts:281:20)
    at checkError (/mnt/c/code/polybotv3/node_modules/@ethersproject/providers/src.ts/json-rpc-provider.ts:66:16)
    at JsonRpcProvider.<anonymous> (/mnt/c/code/polybotv3/node_modules/@ethersproject/providers/src.ts/json-rpc-provider.ts:642:20)
    at step (/mnt/c/code/polybotv3/node_modules/@ethersproject/providers/lib/json-rpc-provider.js:48:23)
    at Object.throw (/mnt/c/code/polybotv3/node_modules/@ethersproject/providers/lib/json-rpc-provider.js:29:53)
    at rejected (/mnt/c/code/polybotv3/node_modules/@ethersproject/providers/lib/json-rpc-provider.js:21:65)
    at processTicksAndRejections (node:internal/process/task_queues:95:5) {
  reason: 'missing revert data in call exception; Transaction reverted without a reason string',
  code: 'CALL_EXCEPTION',
  data: '0x',
  transaction: {
    from: '0xf39Fd6e51aad88F6F4ce6aB8827279cffFb92266',
    to: '0x8C26252B14F9b071585B81b240C4ae2176E8cD3C',
    data: '0x0902f1ac',
    accessList: null
  },
  error: Error: missing response (requestBody="{\"method\":\"eth_call\",\"params\":[{\"from\":\"0xf39fd6e51aad88f6f4ce6ab8827279cfffb92266\",\"to\":\"0x8c26252b14f9b071585b81b240c4ae2176e8cd3c\",\"data\":\"0x0902f1ac\"},\"latest\"],\"id\":735,\"jsonrpc\":\"2.0\"}", requestMethod="POST", serverError={"errno":-104,"code":"ECONNRESET","syscall":"read"}, url="http://localhost:8545", code=SERVER_ERROR, version=web/5.7.1)
      at Logger.makeError (/mnt/c/code/polybotv3/node_modules/@ethersproject/logger/src.ts/index.ts:269:28)
      at Logger.throwError (/mnt/c/code/polybotv3/node_modules/@ethersproject/logger/src.ts/index.ts:281:20)
      at /mnt/c/code/polybotv3/node_modules/@ethersproject/web/src.ts/index.ts:292:28
      at step (/mnt/c/code/polybotv3/node_modules/@ethersproject/web/lib/index.js:33:23)
      at Object.throw (/mnt/c/code/polybotv3/node_modules/@ethersproject/web/lib/index.js:14:53)
      at rejected (/mnt/c/code/polybotv3/node_modules/@ethersproject/web/lib/index.js:6:65)
      at processTicksAndRejections (node:internal/process/task_queues:95:5) {
    reason: 'missing response',
    code: 'SERVER_ERROR',
    requestBody: '{"method":"eth_call","params":[{"from":"0xf39fd6e51aad88f6f4ce6ab8827279cfffb92266","to":"0x8c26252b14f9b071585b81b240c4ae2176e8cd3c","data":"0x0902f1ac"},"latest"],"id":735,"jsonrpc":"2.0"}',
    requestMethod: 'POST',
    serverError: Error: read ECONNRESET
        at TCP.onStreamRead (node:internal/stream_base_commons:217:20) {
      errno: -104,
      code: 'ECONNRESET',
      syscall: 'read'
    },
    url: 'http://localhost:8545'
  }
}
[2024-01-15T23:22:24.212] [ERROR] default - Error (getReserves(0x8C26252B14F9b071585B81b240C4ae2176E8cD3C)): Error: missing revert data in call exception; Transaction reverted without a reason string [ See: https://links.ethers.org/v5-errors-CALL_EXCEPTION ] (data="0x", transaction={"from":"0xf39Fd6e51aad88F6F4ce6aB8827279cffFb92266","to":"0x8C26252B14F9b071585B81b240C4ae2176E8cD3C","data":"0x0902f1ac","accessList":null}, error={"reason":"missing response","code":"SERVER_ERROR","requestBody":"{\"method\":\"eth_call\",\"params\":[{\"from\":\"0xf39fd6e51aad88f6f4ce6ab8827279cfffb92266\",\"to\":\"0x8c26252b14f9b071585b81b240c4ae2176e8cd3c\",\"data\":\"0x0902f1ac\"},\"latest\"],\"id\":734,\"jsonrpc\":\"2.0\"}","requestMethod":"POST","serverError":{"errno":-104,"code":"ECONNRESET","syscall":"read"},"url":"http://localhost:8545"}, code=CALL_EXCEPTION, version=providers/5.7.2)
[2024-01-15T23:22:24.213] [ERROR] default - Error: missing revert data in call exception; Transaction reverted without a reason string [ See: https://links.ethers.org/v5-errors-CALL_EXCEPTION ] (data="0x", transaction={"from":"0xf39Fd6e51aad88F6F4ce6aB8827279cffFb92266","to":"0x8C26252B14F9b071585B81b240C4ae2176E8cD3C","data":"0x0902f1ac","accessList":null}, error={"reason":"missing response","code":"SERVER_ERROR","requestBody":"{\"method\":\"eth_call\",\"params\":[{\"from\":\"0xf39fd6e51aad88f6f4ce6ab8827279cfffb92266\",\"to\":\"0x8c26252b14f9b071585b81b240c4ae2176e8cd3c\",\"data\":\"0x0902f1ac\"},\"latest\"],\"id\":734,\"jsonrpc\":\"2.0\"}","requestMethod":"POST","serverError":{"errno":-104,"code":"ECONNRESET","syscall":"read"},"url":"http://localhost:8545"}, code=CALL_EXCEPTION, version=providers/5.7.2)
    at Logger.makeError (/mnt/c/code/polybotv3/node_modules/@ethersproject/logger/src.ts/index.ts:269:28)
    at Logger.throwError (/mnt/c/code/polybotv3/node_modules/@ethersproject/logger/src.ts/index.ts:281:20)
    at checkError (/mnt/c/code/polybotv3/node_modules/@ethersproject/providers/src.ts/json-rpc-provider.ts:66:16)
    at JsonRpcProvider.<anonymous> (/mnt/c/code/polybotv3/node_modules/@ethersproject/providers/src.ts/json-rpc-provider.ts:642:20)
    at step (/mnt/c/code/polybotv3/node_modules/@ethersproject/providers/lib/json-rpc-provider.js:48:23)
    at Object.throw (/mnt/c/code/polybotv3/node_modules/@ethersproject/providers/lib/json-rpc-provider.js:29:53)
    at rejected (/mnt/c/code/polybotv3/node_modules/@ethersproject/providers/lib/json-rpc-provider.js:21:65)
    at processTicksAndRejections (node:internal/process/task_queues:95:5) {
  reason: 'missing revert data in call exception; Transaction reverted without a reason string',
  code: 'CALL_EXCEPTION',
  data: '0x',
  transaction: {
    from: '0xf39Fd6e51aad88F6F4ce6aB8827279cffFb92266',
    to: '0x8C26252B14F9b071585B81b240C4ae2176E8cD3C',
    data: '0x0902f1ac',
    accessList: null
  },
  error: Error: missing response (requestBody="{\"method\":\"eth_call\",\"params\":[{\"from\":\"0xf39fd6e51aad88f6f4ce6ab8827279cfffb92266\",\"to\":\"0x8c26252b14f9b071585b81b240c4ae2176e8cd3c\",\"data\":\"0x0902f1ac\"},\"latest\"],\"id\":734,\"jsonrpc\":\"2.0\"}", requestMethod="POST", serverError={"errno":-104,"code":"ECONNRESET","syscall":"read"}, url="http://localhost:8545", code=SERVER_ERROR, version=web/5.7.1)
      at Logger.makeError (/mnt/c/code/polybotv3/node_modules/@ethersproject/logger/src.ts/index.ts:269:28)
      at Logger.throwError (/mnt/c/code/polybotv3/node_modules/@ethersproject/logger/src.ts/index.ts:281:20)
      at /mnt/c/code/polybotv3/node_modules/@ethersproject/web/src.ts/index.ts:292:28
      at step (/mnt/c/code/polybotv3/node_modules/@ethersproject/web/lib/index.js:33:23)
      at Object.throw (/mnt/c/code/polybotv3/node_modules/@ethersproject/web/lib/index.js:14:53)
      at rejected (/mnt/c/code/polybotv3/node_modules/@ethersproject/web/lib/index.js:6:65)
      at processTicksAndRejections (node:internal/process/task_queues:95:5) {
    reason: 'missing response',
    code: 'SERVER_ERROR',
    requestBody: '{"method":"eth_call","params":[{"from":"0xf39fd6e51aad88f6f4ce6ab8827279cfffb92266","to":"0x8c26252b14f9b071585b81b240c4ae2176e8cd3c","data":"0x0902f1ac"},"latest"],"id":734,"jsonrpc":"2.0"}',
    requestMethod: 'POST',
    serverError: Error: read ECONNRESET
        at TCP.onStreamRead (node:internal/stream_base_commons:217:20) {
      errno: -104,
      code: 'ECONNRESET',
      syscall: 'read'
    },
    url: 'http://localhost:8545'
  }
}
[2024-01-15T23:22:24.216] [ERROR] default - Error (getReserves(0xaC5D1a011aFD5C33Dcb3fdC8B2Ae5F4091080635)): Error: missing revert data in call exception; Transaction reverted without a reason string [ See: https://links.ethers.org/v5-errors-CALL_EXCEPTION ] (data="0x", transaction={"from":"0xf39Fd6e51aad88F6F4ce6aB8827279cffFb92266","to":"0xaC5D1a011aFD5C33Dcb3fdC8B2Ae5F4091080635","data":"0x0902f1ac","accessList":null}, error={"reason":"missing response","code":"SERVER_ERROR","requestBody":"{\"method\":\"eth_call\",\"params\":[{\"from\":\"0xf39fd6e51aad88f6f4ce6ab8827279cfffb92266\",\"to\":\"0xac5d1a011afd5c33dcb3fdc8b2ae5f4091080635\",\"data\":\"0x0902f1ac\"},\"latest\"],\"id\":733,\"jsonrpc\":\"2.0\"}","requestMethod":"POST","serverError":{"errno":-104,"code":"ECONNRESET","syscall":"read"},"url":"http://localhost:8545"}, code=CALL_EXCEPTION, version=providers/5.7.2)
[2024-01-15T23:22:24.216] [ERROR] default - Error: missing revert data in call exception; Transaction reverted without a reason string [ See: https://links.ethers.org/v5-errors-CALL_EXCEPTION ] (data="0x", transaction={"from":"0xf39Fd6e51aad88F6F4ce6aB8827279cffFb92266","to":"0xaC5D1a011aFD5C33Dcb3fdC8B2Ae5F4091080635","data":"0x0902f1ac","accessList":null}, error={"reason":"missing response","code":"SERVER_ERROR","requestBody":"{\"method\":\"eth_call\",\"params\":[{\"from\":\"0xf39fd6e51aad88f6f4ce6ab8827279cfffb92266\",\"to\":\"0xac5d1a011afd5c33dcb3fdc8b2ae5f4091080635\",\"data\":\"0x0902f1ac\"},\"latest\"],\"id\":733,\"jsonrpc\":\"2.0\"}","requestMethod":"POST","serverError":{"errno":-104,"code":"ECONNRESET","syscall":"read"},"url":"http://localhost:8545"}, code=CALL_EXCEPTION, version=providers/5.7.2)
    at Logger.makeError (/mnt/c/code/polybotv3/node_modules/@ethersproject/logger/src.ts/index.ts:269:28)
    at Logger.throwError (/mnt/c/code/polybotv3/node_modules/@ethersproject/logger/src.ts/index.ts:281:20)
    at checkError (/mnt/c/code/polybotv3/node_modules/@ethersproject/providers/src.ts/json-rpc-provider.ts:66:16)
    at JsonRpcProvider.<anonymous> (/mnt/c/code/polybotv3/node_modules/@ethersproject/providers/src.ts/json-rpc-provider.ts:642:20)
    at step (/mnt/c/code/polybotv3/node_modules/@ethersproject/providers/lib/json-rpc-provider.js:48:23)
    at Object.throw (/mnt/c/code/polybotv3/node_modules/@ethersproject/providers/lib/json-rpc-provider.js:29:53)
    at rejected (/mnt/c/code/polybotv3/node_modules/@ethersproject/providers/lib/json-rpc-provider.js:21:65)
    at processTicksAndRejections (node:internal/process/task_queues:95:5) {
  reason: 'missing revert data in call exception; Transaction reverted without a reason string',
  code: 'CALL_EXCEPTION',
  data: '0x',
  transaction: {
    from: '0xf39Fd6e51aad88F6F4ce6aB8827279cffFb92266',
    to: '0xaC5D1a011aFD5C33Dcb3fdC8B2Ae5F4091080635',
    data: '0x0902f1ac',
    accessList: null
  },
  error: Error: missing response (requestBody="{\"method\":\"eth_call\",\"params\":[{\"from\":\"0xf39fd6e51aad88f6f4ce6ab8827279cfffb92266\",\"to\":\"0xac5d1a011afd5c33dcb3fdc8b2ae5f4091080635\",\"data\":\"0x0902f1ac\"},\"latest\"],\"id\":733,\"jsonrpc\":\"2.0\"}", requestMethod="POST", serverError={"errno":-104,"code":"ECONNRESET","syscall":"read"}, url="http://localhost:8545", code=SERVER_ERROR, version=web/5.7.1)
      at Logger.makeError (/mnt/c/code/polybotv3/node_modules/@ethersproject/logger/src.ts/index.ts:269:28)
      at Logger.throwError (/mnt/c/code/polybotv3/node_modules/@ethersproject/logger/src.ts/index.ts:281:20)
      at /mnt/c/code/polybotv3/node_modules/@ethersproject/web/src.ts/index.ts:292:28
      at step (/mnt/c/code/polybotv3/node_modules/@ethersproject/web/lib/index.js:33:23)
      at Object.throw (/mnt/c/code/polybotv3/node_modules/@ethersproject/web/lib/index.js:14:53)
      at rejected (/mnt/c/code/polybotv3/node_modules/@ethersproject/web/lib/index.js:6:65)
      at processTicksAndRejections (node:internal/process/task_queues:95:5) {
    reason: 'missing response',
    code: 'SERVER_ERROR',
    requestBody: '{"method":"eth_call","params":[{"from":"0xf39fd6e51aad88f6f4ce6ab8827279cfffb92266","to":"0xac5d1a011afd5c33dcb3fdc8b2ae5f4091080635","data":"0x0902f1ac"},"latest"],"id":733,"jsonrpc":"2.0"}',
    requestMethod: 'POST',
    serverError: Error: read ECONNRESET
        at TCP.onStreamRead (node:internal/stream_base_commons:217:20) {
      errno: -104,
      code: 'ECONNRESET',
      syscall: 'read'
    },
    url: 'http://localhost:8545'
  }
}
[2024-01-15T23:22:24.220] [ERROR] default - Error (getReserves(0xaC5D1a011aFD5C33Dcb3fdC8B2Ae5F4091080635)): Error: missing revert data in call exception; Transaction reverted without a reason string [ See: https://links.ethers.org/v5-errors-CALL_EXCEPTION ] (data="0x", transaction={"from":"0xf39Fd6e51aad88F6F4ce6aB8827279cffFb92266","to":"0xaC5D1a011aFD5C33Dcb3fdC8B2Ae5F4091080635","data":"0x0902f1ac","accessList":null}, error={"reason":"missing response","code":"SERVER_ERROR","requestBody":"{\"method\":\"eth_call\",\"params\":[{\"from\":\"0xf39fd6e51aad88f6f4ce6ab8827279cfffb92266\",\"to\":\"0xac5d1a011afd5c33dcb3fdc8b2ae5f4091080635\",\"data\":\"0x0902f1ac\"},\"latest\"],\"id\":732,\"jsonrpc\":\"2.0\"}","requestMethod":"POST","serverError":{"errno":-104,"code":"ECONNRESET","syscall":"read"},"url":"http://localhost:8545"}, code=CALL_EXCEPTION, version=providers/5.7.2)
[2024-01-15T23:22:24.221] [ERROR] default - Error: missing revert data in call exception; Transaction reverted without a reason string [ See: https://links.ethers.org/v5-errors-CALL_EXCEPTION ] (data="0x", transaction={"from":"0xf39Fd6e51aad88F6F4ce6aB8827279cffFb92266","to":"0xaC5D1a011aFD5C33Dcb3fdC8B2Ae5F4091080635","data":"0x0902f1ac","accessList":null}, error={"reason":"missing response","code":"SERVER_ERROR","requestBody":"{\"method\":\"eth_call\",\"params\":[{\"from\":\"0xf39fd6e51aad88f6f4ce6ab8827279cfffb92266\",\"to\":\"0xac5d1a011afd5c33dcb3fdc8b2ae5f4091080635\",\"data\":\"0x0902f1ac\"},\"latest\"],\"id\":732,\"jsonrpc\":\"2.0\"}","requestMethod":"POST","serverError":{"errno":-104,"code":"ECONNRESET","syscall":"read"},"url":"http://localhost:8545"}, code=CALL_EXCEPTION, version=providers/5.7.2)
    at Logger.makeError (/mnt/c/code/polybotv3/node_modules/@ethersproject/logger/src.ts/index.ts:269:28)
    at Logger.throwError (/mnt/c/code/polybotv3/node_modules/@ethersproject/logger/src.ts/index.ts:281:20)
    at checkError (/mnt/c/code/polybotv3/node_modules/@ethersproject/providers/src.ts/json-rpc-provider.ts:66:16)
    at JsonRpcProvider.<anonymous> (/mnt/c/code/polybotv3/node_modules/@ethersproject/providers/src.ts/json-rpc-provider.ts:642:20)
    at step (/mnt/c/code/polybotv3/node_modules/@ethersproject/providers/lib/json-rpc-provider.js:48:23)
    at Object.throw (/mnt/c/code/polybotv3/node_modules/@ethersproject/providers/lib/json-rpc-provider.js:29:53)
    at rejected (/mnt/c/code/polybotv3/node_modules/@ethersproject/providers/lib/json-rpc-provider.js:21:65)
    at processTicksAndRejections (node:internal/process/task_queues:95:5) {
  reason: 'missing revert data in call exception; Transaction reverted without a reason string',
  code: 'CALL_EXCEPTION',
  data: '0x',
  transaction: {
    from: '0xf39Fd6e51aad88F6F4ce6aB8827279cffFb92266',
    to: '0xaC5D1a011aFD5C33Dcb3fdC8B2Ae5F4091080635',
    data: '0x0902f1ac',
    accessList: null
  },
  error: Error: missing response (requestBody="{\"method\":\"eth_call\",\"params\":[{\"from\":\"0xf39fd6e51aad88f6f4ce6ab8827279cfffb92266\",\"to\":\"0xac5d1a011afd5c33dcb3fdc8b2ae5f4091080635\",\"data\":\"0x0902f1ac\"},\"latest\"],\"id\":732,\"jsonrpc\":\"2.0\"}", requestMethod="POST", serverError={"errno":-104,"code":"ECONNRESET","syscall":"read"}, url="http://localhost:8545", code=SERVER_ERROR, version=web/5.7.1)
      at Logger.makeError (/mnt/c/code/polybotv3/node_modules/@ethersproject/logger/src.ts/index.ts:269:28)
      at Logger.throwError (/mnt/c/code/polybotv3/node_modules/@ethersproject/logger/src.ts/index.ts:281:20)
      at /mnt/c/code/polybotv3/node_modules/@ethersproject/web/src.ts/index.ts:292:28
      at step (/mnt/c/code/polybotv3/node_modules/@ethersproject/web/lib/index.js:33:23)
      at Object.throw (/mnt/c/code/polybotv3/node_modules/@ethersproject/web/lib/index.js:14:53)
      at rejected (/mnt/c/code/polybotv3/node_modules/@ethersproject/web/lib/index.js:6:65)
      at processTicksAndRejections (node:internal/process/task_queues:95:5) {
    reason: 'missing response',
    code: 'SERVER_ERROR',
    requestBody: '{"method":"eth_call","params":[{"from":"0xf39fd6e51aad88f6f4ce6ab8827279cfffb92266","to":"0xac5d1a011afd5c33dcb3fdc8b2ae5f4091080635","data":"0x0902f1ac"},"latest"],"id":732,"jsonrpc":"2.0"}',
    requestMethod: 'POST',
    serverError: Error: read ECONNRESET
        at TCP.onStreamRead (node:internal/stream_base_commons:217:20) {
      errno: -104,
      code: 'ECONNRESET',
      syscall: 'read'
    },
    url: 'http://localhost:8545'
  }
}
[2024-01-15T23:22:24.224] [ERROR] default - Error (getReserves(0xFEFF91C350bB564cA5Dc7D6F7DcD12ac092F94FF)): Error: missing revert data in call exception; Transaction reverted without a reason string [ See: https://links.ethers.org/v5-errors-CALL_EXCEPTION ] (data="0x", transaction={"from":"0xf39Fd6e51aad88F6F4ce6aB8827279cffFb92266","to":"0xFEFF91C350bB564cA5Dc7D6F7DcD12ac092F94FF","data":"0x0902f1ac","accessList":null}, error={"reason":"missing response","code":"SERVER_ERROR","requestBody":"{\"method\":\"eth_call\",\"params\":[{\"from\":\"0xf39fd6e51aad88f6f4ce6ab8827279cfffb92266\",\"to\":\"0xfeff91c350bb564ca5dc7d6f7dcd12ac092f94ff\",\"data\":\"0x0902f1ac\"},\"latest\"],\"id\":731,\"jsonrpc\":\"2.0\"}","requestMethod":"POST","serverError":{"errno":-104,"code":"ECONNRESET","syscall":"read"},"url":"http://localhost:8545"}, code=CALL_EXCEPTION, version=providers/5.7.2)
[2024-01-15T23:22:24.224] [ERROR] default - Error: missing revert data in call exception; Transaction reverted without a reason string [ See: https://links.ethers.org/v5-errors-CALL_EXCEPTION ] (data="0x", transaction={"from":"0xf39Fd6e51aad88F6F4ce6aB8827279cffFb92266","to":"0xFEFF91C350bB564cA5Dc7D6F7DcD12ac092F94FF","data":"0x0902f1ac","accessList":null}, error={"reason":"missing response","code":"SERVER_ERROR","requestBody":"{\"method\":\"eth_call\",\"params\":[{\"from\":\"0xf39fd6e51aad88f6f4ce6ab8827279cfffb92266\",\"to\":\"0xfeff91c350bb564ca5dc7d6f7dcd12ac092f94ff\",\"data\":\"0x0902f1ac\"},\"latest\"],\"id\":731,\"jsonrpc\":\"2.0\"}","requestMethod":"POST","serverError":{"errno":-104,"code":"ECONNRESET","syscall":"read"},"url":"http://localhost:8545"}, code=CALL_EXCEPTION, version=providers/5.7.2)
    at Logger.makeError (/mnt/c/code/polybotv3/node_modules/@ethersproject/logger/src.ts/index.ts:269:28)
    at Logger.throwError (/mnt/c/code/polybotv3/node_modules/@ethersproject/logger/src.ts/index.ts:281:20)
    at checkError (/mnt/c/code/polybotv3/node_modules/@ethersproject/providers/src.ts/json-rpc-provider.ts:66:16)
    at JsonRpcProvider.<anonymous> (/mnt/c/code/polybotv3/node_modules/@ethersproject/providers/src.ts/json-rpc-provider.ts:642:20)
    at step (/mnt/c/code/polybotv3/node_modules/@ethersproject/providers/lib/json-rpc-provider.js:48:23)
    at Object.throw (/mnt/c/code/polybotv3/node_modules/@ethersproject/providers/lib/json-rpc-provider.js:29:53)
    at rejected (/mnt/c/code/polybotv3/node_modules/@ethersproject/providers/lib/json-rpc-provider.js:21:65)
    at processTicksAndRejections (node:internal/process/task_queues:95:5) {
  reason: 'missing revert data in call exception; Transaction reverted without a reason string',
  code: 'CALL_EXCEPTION',
  data: '0x',
  transaction: {
    from: '0xf39Fd6e51aad88F6F4ce6aB8827279cffFb92266',
    to: '0xFEFF91C350bB564cA5Dc7D6F7DcD12ac092F94FF',
    data: '0x0902f1ac',
    accessList: null
  },
  error: Error: missing response (requestBody="{\"method\":\"eth_call\",\"params\":[{\"from\":\"0xf39fd6e51aad88f6f4ce6ab8827279cfffb92266\",\"to\":\"0xfeff91c350bb564ca5dc7d6f7dcd12ac092f94ff\",\"data\":\"0x0902f1ac\"},\"latest\"],\"id\":731,\"jsonrpc\":\"2.0\"}", requestMethod="POST", serverError={"errno":-104,"code":"ECONNRESET","syscall":"read"}, url="http://localhost:8545", code=SERVER_ERROR, version=web/5.7.1)
      at Logger.makeError (/mnt/c/code/polybotv3/node_modules/@ethersproject/logger/src.ts/index.ts:269:28)
      at Logger.throwError (/mnt/c/code/polybotv3/node_modules/@ethersproject/logger/src.ts/index.ts:281:20)
      at /mnt/c/code/polybotv3/node_modules/@ethersproject/web/src.ts/index.ts:292:28
      at step (/mnt/c/code/polybotv3/node_modules/@ethersproject/web/lib/index.js:33:23)
      at Object.throw (/mnt/c/code/polybotv3/node_modules/@ethersproject/web/lib/index.js:14:53)
      at rejected (/mnt/c/code/polybotv3/node_modules/@ethersproject/web/lib/index.js:6:65)
      at processTicksAndRejections (node:internal/process/task_queues:95:5) {
    reason: 'missing response',
    code: 'SERVER_ERROR',
    requestBody: '{"method":"eth_call","params":[{"from":"0xf39fd6e51aad88f6f4ce6ab8827279cfffb92266","to":"0xfeff91c350bb564ca5dc7d6f7dcd12ac092f94ff","data":"0x0902f1ac"},"latest"],"id":731,"jsonrpc":"2.0"}',
    requestMethod: 'POST',
    serverError: Error: read ECONNRESET
        at TCP.onStreamRead (node:internal/stream_base_commons:217:20) {
      errno: -104,
      code: 'ECONNRESET',
      syscall: 'read'
    },
    url: 'http://localhost:8545'
  }
}
[2024-01-15T23:22:24.231] [ERROR] default - Error (getReserves(0xFEFF91C350bB564cA5Dc7D6F7DcD12ac092F94FF)): Error: missing revert data in call exception; Transaction reverted without a reason string [ See: https://links.ethers.org/v5-errors-CALL_EXCEPTION ] (data="0x", transaction={"from":"0xf39Fd6e51aad88F6F4ce6aB8827279cffFb92266","to":"0xFEFF91C350bB564cA5Dc7D6F7DcD12ac092F94FF","data":"0x0902f1ac","accessList":null}, error={"reason":"missing response","code":"SERVER_ERROR","requestBody":"{\"method\":\"eth_call\",\"params\":[{\"from\":\"0xf39fd6e51aad88f6f4ce6ab8827279cfffb92266\",\"to\":\"0xfeff91c350bb564ca5dc7d6f7dcd12ac092f94ff\",\"data\":\"0x0902f1ac\"},\"latest\"],\"id\":730,\"jsonrpc\":\"2.0\"}","requestMethod":"POST","serverError":{"errno":-104,"code":"ECONNRESET","syscall":"read"},"url":"http://localhost:8545"}, code=CALL_EXCEPTION, version=providers/5.7.2)
[2024-01-15T23:22:24.231] [ERROR] default - Error: missing revert data in call exception; Transaction reverted without a reason string [ See: https://links.ethers.org/v5-errors-CALL_EXCEPTION ] (data="0x", transaction={"from":"0xf39Fd6e51aad88F6F4ce6aB8827279cffFb92266","to":"0xFEFF91C350bB564cA5Dc7D6F7DcD12ac092F94FF","data":"0x0902f1ac","accessList":null}, error={"reason":"missing response","code":"SERVER_ERROR","requestBody":"{\"method\":\"eth_call\",\"params\":[{\"from\":\"0xf39fd6e51aad88f6f4ce6ab8827279cfffb92266\",\"to\":\"0xfeff91c350bb564ca5dc7d6f7dcd12ac092f94ff\",\"data\":\"0x0902f1ac\"},\"latest\"],\"id\":730,\"jsonrpc\":\"2.0\"}","requestMethod":"POST","serverError":{"errno":-104,"code":"ECONNRESET","syscall":"read"},"url":"http://localhost:8545"}, code=CALL_EXCEPTION, version=providers/5.7.2)
    at Logger.makeError (/mnt/c/code/polybotv3/node_modules/@ethersproject/logger/src.ts/index.ts:269:28)
    at Logger.throwError (/mnt/c/code/polybotv3/node_modules/@ethersproject/logger/src.ts/index.ts:281:20)
    at checkError (/mnt/c/code/polybotv3/node_modules/@ethersproject/providers/src.ts/json-rpc-provider.ts:66:16)
    at JsonRpcProvider.<anonymous> (/mnt/c/code/polybotv3/node_modules/@ethersproject/providers/src.ts/json-rpc-provider.ts:642:20)
    at step (/mnt/c/code/polybotv3/node_modules/@ethersproject/providers/lib/json-rpc-provider.js:48:23)
    at Object.throw (/mnt/c/code/polybotv3/node_modules/@ethersproject/providers/lib/json-rpc-provider.js:29:53)
    at rejected (/mnt/c/code/polybotv3/node_modules/@ethersproject/providers/lib/json-rpc-provider.js:21:65)
    at processTicksAndRejections (node:internal/process/task_queues:95:5) {
  reason: 'missing revert data in call exception; Transaction reverted without a reason string',
  code: 'CALL_EXCEPTION',
  data: '0x',
  transaction: {
    from: '0xf39Fd6e51aad88F6F4ce6aB8827279cffFb92266',
    to: '0xFEFF91C350bB564cA5Dc7D6F7DcD12ac092F94FF',
    data: '0x0902f1ac',
    accessList: null
  },
  error: Error: missing response (requestBody="{\"method\":\"eth_call\",\"params\":[{\"from\":\"0xf39fd6e51aad88f6f4ce6ab8827279cfffb92266\",\"to\":\"0xfeff91c350bb564ca5dc7d6f7dcd12ac092f94ff\",\"data\":\"0x0902f1ac\"},\"latest\"],\"id\":730,\"jsonrpc\":\"2.0\"}", requestMethod="POST", serverError={"errno":-104,"code":"ECONNRESET","syscall":"read"}, url="http://localhost:8545", code=SERVER_ERROR, version=web/5.7.1)
      at Logger.makeError (/mnt/c/code/polybotv3/node_modules/@ethersproject/logger/src.ts/index.ts:269:28)
      at Logger.throwError (/mnt/c/code/polybotv3/node_modules/@ethersproject/logger/src.ts/index.ts:281:20)
      at /mnt/c/code/polybotv3/node_modules/@ethersproject/web/src.ts/index.ts:292:28
      at step (/mnt/c/code/polybotv3/node_modules/@ethersproject/web/lib/index.js:33:23)
      at Object.throw (/mnt/c/code/polybotv3/node_modules/@ethersproject/web/lib/index.js:14:53)
      at rejected (/mnt/c/code/polybotv3/node_modules/@ethersproject/web/lib/index.js:6:65)
      at processTicksAndRejections (node:internal/process/task_queues:95:5) {
    reason: 'missing response',
    code: 'SERVER_ERROR',
    requestBody: '{"method":"eth_call","params":[{"from":"0xf39fd6e51aad88f6f4ce6ab8827279cfffb92266","to":"0xfeff91c350bb564ca5dc7d6f7dcd12ac092f94ff","data":"0x0902f1ac"},"latest"],"id":730,"jsonrpc":"2.0"}',
    requestMethod: 'POST',
    serverError: Error: read ECONNRESET
        at TCP.onStreamRead (node:internal/stream_base_commons:217:20) {
      errno: -104,
      code: 'ECONNRESET',
      syscall: 'read'
    },
    url: 'http://localhost:8545'
  }
}
[2024-01-15T23:22:30.645] [ERROR] default - PROVIDER ERROR: Error: Reserves is undefined
    at new Prices (/mnt/c/code/polybotv3/scripts/v2/modules/prices.ts:18:10)
    at control (/mnt/c/code/polybotv3/scripts/v2/control.ts:44:16)
    at processTicksAndRejections (node:internal/process/task_queues:95:5)
    at async /mnt/c/code/polybotv3/index.ts:44:5
    at async Promise.all (index 19)
    at async JsonRpcProvider.<anonymous> (/mnt/c/code/polybotv3/index.ts:43:4)
[2024-01-15T23:22:30.915] [INFO] default - New block received: Block # 51501123
[2024-01-15T23:22:35.468] [INFO] default - New block received: Block # 51501124
[2024-01-15T23:22:35.471] [INFO] default - New block received: Block # 51501125
[2024-01-15T23:22:42.049] [INFO] default - New block received: Block # 51501126
[2024-01-15T23:23:49.274] [INFO] default - New block received: Block # 51501127
[2024-01-15T23:23:50.769] [ERROR] default - Error (getReserves(0x2d18f8b79C1703298B0dff74e3BcCFdA8a2e4711)): Error: missing revert data in call exception; Transaction reverted without a reason string [ See: https://links.ethers.org/v5-errors-CALL_EXCEPTION ] (data="0x", transaction={"from":"0xf39Fd6e51aad88F6F4ce6aB8827279cffFb92266","to":"0x2d18f8b79C1703298B0dff74e3BcCFdA8a2e4711","data":"0x0902f1ac","accessList":null}, error={"reason":"missing response","code":"SERVER_ERROR","requestBody":"{\"method\":\"eth_call\",\"params\":[{\"from\":\"0xf39fd6e51aad88f6f4ce6ab8827279cfffb92266\",\"to\":\"0x2d18f8b79c1703298b0dff74e3bccfda8a2e4711\",\"data\":\"0x0902f1ac\"},\"latest\"],\"id\":2080,\"jsonrpc\":\"2.0\"}","requestMethod":"POST","serverError":{"errno":-104,"code":"ECONNRESET","syscall":"read"},"url":"http://localhost:8545"}, code=CALL_EXCEPTION, version=providers/5.7.2)
[2024-01-15T23:23:50.770] [ERROR] default - Error: missing revert data in call exception; Transaction reverted without a reason string [ See: https://links.ethers.org/v5-errors-CALL_EXCEPTION ] (data="0x", transaction={"from":"0xf39Fd6e51aad88F6F4ce6aB8827279cffFb92266","to":"0x2d18f8b79C1703298B0dff74e3BcCFdA8a2e4711","data":"0x0902f1ac","accessList":null}, error={"reason":"missing response","code":"SERVER_ERROR","requestBody":"{\"method\":\"eth_call\",\"params\":[{\"from\":\"0xf39fd6e51aad88f6f4ce6ab8827279cfffb92266\",\"to\":\"0x2d18f8b79c1703298b0dff74e3bccfda8a2e4711\",\"data\":\"0x0902f1ac\"},\"latest\"],\"id\":2080,\"jsonrpc\":\"2.0\"}","requestMethod":"POST","serverError":{"errno":-104,"code":"ECONNRESET","syscall":"read"},"url":"http://localhost:8545"}, code=CALL_EXCEPTION, version=providers/5.7.2)
    at Logger.makeError (/mnt/c/code/polybotv3/node_modules/@ethersproject/logger/src.ts/index.ts:269:28)
    at Logger.throwError (/mnt/c/code/polybotv3/node_modules/@ethersproject/logger/src.ts/index.ts:281:20)
    at checkError (/mnt/c/code/polybotv3/node_modules/@ethersproject/providers/src.ts/json-rpc-provider.ts:66:16)
    at JsonRpcProvider.<anonymous> (/mnt/c/code/polybotv3/node_modules/@ethersproject/providers/src.ts/json-rpc-provider.ts:642:20)
    at step (/mnt/c/code/polybotv3/node_modules/@ethersproject/providers/lib/json-rpc-provider.js:48:23)
    at Object.throw (/mnt/c/code/polybotv3/node_modules/@ethersproject/providers/lib/json-rpc-provider.js:29:53)
    at rejected (/mnt/c/code/polybotv3/node_modules/@ethersproject/providers/lib/json-rpc-provider.js:21:65)
    at processTicksAndRejections (node:internal/process/task_queues:95:5) {
  reason: 'missing revert data in call exception; Transaction reverted without a reason string',
  code: 'CALL_EXCEPTION',
  data: '0x',
  transaction: {
    from: '0xf39Fd6e51aad88F6F4ce6aB8827279cffFb92266',
    to: '0x2d18f8b79C1703298B0dff74e3BcCFdA8a2e4711',
    data: '0x0902f1ac',
    accessList: null
  },
  error: Error: missing response (requestBody="{\"method\":\"eth_call\",\"params\":[{\"from\":\"0xf39fd6e51aad88f6f4ce6ab8827279cfffb92266\",\"to\":\"0x2d18f8b79c1703298b0dff74e3bccfda8a2e4711\",\"data\":\"0x0902f1ac\"},\"latest\"],\"id\":2080,\"jsonrpc\":\"2.0\"}", requestMethod="POST", serverError={"errno":-104,"code":"ECONNRESET","syscall":"read"}, url="http://localhost:8545", code=SERVER_ERROR, version=web/5.7.1)
      at Logger.makeError (/mnt/c/code/polybotv3/node_modules/@ethersproject/logger/src.ts/index.ts:269:28)
      at Logger.throwError (/mnt/c/code/polybotv3/node_modules/@ethersproject/logger/src.ts/index.ts:281:20)
      at /mnt/c/code/polybotv3/node_modules/@ethersproject/web/src.ts/index.ts:292:28
      at step (/mnt/c/code/polybotv3/node_modules/@ethersproject/web/lib/index.js:33:23)
      at Object.throw (/mnt/c/code/polybotv3/node_modules/@ethersproject/web/lib/index.js:14:53)
      at rejected (/mnt/c/code/polybotv3/node_modules/@ethersproject/web/lib/index.js:6:65)
      at processTicksAndRejections (node:internal/process/task_queues:95:5) {
    reason: 'missing response',
    code: 'SERVER_ERROR',
    requestBody: '{"method":"eth_call","params":[{"from":"0xf39fd6e51aad88f6f4ce6ab8827279cfffb92266","to":"0x2d18f8b79c1703298b0dff74e3bccfda8a2e4711","data":"0x0902f1ac"},"latest"],"id":2080,"jsonrpc":"2.0"}',
    requestMethod: 'POST',
    serverError: Error: read ECONNRESET
        at TCP.onStreamRead (node:internal/stream_base_commons:217:20) {
      errno: -104,
      code: 'ECONNRESET',
      syscall: 'read'
    },
    url: 'http://localhost:8545'
  }
}
[2024-01-15T23:23:50.782] [ERROR] default - Error (getReserves(0x2d18f8b79C1703298B0dff74e3BcCFdA8a2e4711)): Error: missing revert data in call exception; Transaction reverted without a reason string [ See: https://links.ethers.org/v5-errors-CALL_EXCEPTION ] (data="0x", transaction={"from":"0xf39Fd6e51aad88F6F4ce6aB8827279cffFb92266","to":"0x2d18f8b79C1703298B0dff74e3BcCFdA8a2e4711","data":"0x0902f1ac","accessList":null}, error={"reason":"missing response","code":"SERVER_ERROR","requestBody":"{\"method\":\"eth_call\",\"params\":[{\"from\":\"0xf39fd6e51aad88f6f4ce6ab8827279cfffb92266\",\"to\":\"0x2d18f8b79c1703298b0dff74e3bccfda8a2e4711\",\"data\":\"0x0902f1ac\"},\"latest\"],\"id\":2079,\"jsonrpc\":\"2.0\"}","requestMethod":"POST","serverError":{"errno":-104,"code":"ECONNRESET","syscall":"read"},"url":"http://localhost:8545"}, code=CALL_EXCEPTION, version=providers/5.7.2)
[2024-01-15T23:23:50.782] [ERROR] default - Error: missing revert data in call exception; Transaction reverted without a reason string [ See: https://links.ethers.org/v5-errors-CALL_EXCEPTION ] (data="0x", transaction={"from":"0xf39Fd6e51aad88F6F4ce6aB8827279cffFb92266","to":"0x2d18f8b79C1703298B0dff74e3BcCFdA8a2e4711","data":"0x0902f1ac","accessList":null}, error={"reason":"missing response","code":"SERVER_ERROR","requestBody":"{\"method\":\"eth_call\",\"params\":[{\"from\":\"0xf39fd6e51aad88f6f4ce6ab8827279cfffb92266\",\"to\":\"0x2d18f8b79c1703298b0dff74e3bccfda8a2e4711\",\"data\":\"0x0902f1ac\"},\"latest\"],\"id\":2079,\"jsonrpc\":\"2.0\"}","requestMethod":"POST","serverError":{"errno":-104,"code":"ECONNRESET","syscall":"read"},"url":"http://localhost:8545"}, code=CALL_EXCEPTION, version=providers/5.7.2)
    at Logger.makeError (/mnt/c/code/polybotv3/node_modules/@ethersproject/logger/src.ts/index.ts:269:28)
    at Logger.throwError (/mnt/c/code/polybotv3/node_modules/@ethersproject/logger/src.ts/index.ts:281:20)
    at checkError (/mnt/c/code/polybotv3/node_modules/@ethersproject/providers/src.ts/json-rpc-provider.ts:66:16)
    at JsonRpcProvider.<anonymous> (/mnt/c/code/polybotv3/node_modules/@ethersproject/providers/src.ts/json-rpc-provider.ts:642:20)
    at step (/mnt/c/code/polybotv3/node_modules/@ethersproject/providers/lib/json-rpc-provider.js:48:23)
    at Object.throw (/mnt/c/code/polybotv3/node_modules/@ethersproject/providers/lib/json-rpc-provider.js:29:53)
    at rejected (/mnt/c/code/polybotv3/node_modules/@ethersproject/providers/lib/json-rpc-provider.js:21:65)
    at processTicksAndRejections (node:internal/process/task_queues:95:5) {
  reason: 'missing revert data in call exception; Transaction reverted without a reason string',
  code: 'CALL_EXCEPTION',
  data: '0x',
  transaction: {
    from: '0xf39Fd6e51aad88F6F4ce6aB8827279cffFb92266',
    to: '0x2d18f8b79C1703298B0dff74e3BcCFdA8a2e4711',
    data: '0x0902f1ac',
    accessList: null
  },
  error: Error: missing response (requestBody="{\"method\":\"eth_call\",\"params\":[{\"from\":\"0xf39fd6e51aad88f6f4ce6ab8827279cfffb92266\",\"to\":\"0x2d18f8b79c1703298b0dff74e3bccfda8a2e4711\",\"data\":\"0x0902f1ac\"},\"latest\"],\"id\":2079,\"jsonrpc\":\"2.0\"}", requestMethod="POST", serverError={"errno":-104,"code":"ECONNRESET","syscall":"read"}, url="http://localhost:8545", code=SERVER_ERROR, version=web/5.7.1)
      at Logger.makeError (/mnt/c/code/polybotv3/node_modules/@ethersproject/logger/src.ts/index.ts:269:28)
      at Logger.throwError (/mnt/c/code/polybotv3/node_modules/@ethersproject/logger/src.ts/index.ts:281:20)
      at /mnt/c/code/polybotv3/node_modules/@ethersproject/web/src.ts/index.ts:292:28
      at step (/mnt/c/code/polybotv3/node_modules/@ethersproject/web/lib/index.js:33:23)
      at Object.throw (/mnt/c/code/polybotv3/node_modules/@ethersproject/web/lib/index.js:14:53)
      at rejected (/mnt/c/code/polybotv3/node_modules/@ethersproject/web/lib/index.js:6:65)
      at processTicksAndRejections (node:internal/process/task_queues:95:5) {
    reason: 'missing response',
    code: 'SERVER_ERROR',
    requestBody: '{"method":"eth_call","params":[{"from":"0xf39fd6e51aad88f6f4ce6ab8827279cfffb92266","to":"0x2d18f8b79c1703298b0dff74e3bccfda8a2e4711","data":"0x0902f1ac"},"latest"],"id":2079,"jsonrpc":"2.0"}',
    requestMethod: 'POST',
    serverError: Error: read ECONNRESET
        at TCP.onStreamRead (node:internal/stream_base_commons:217:20) {
      errno: -104,
      code: 'ECONNRESET',
      syscall: 'read'
    },
    url: 'http://localhost:8545'
  }
}
[2024-01-15T23:23:50.788] [ERROR] default - Error (getReserves(0x951E38875a93df95bbd24fe31f409b7933B35BED)): Error: missing revert data in call exception; Transaction reverted without a reason string [ See: https://links.ethers.org/v5-errors-CALL_EXCEPTION ] (data="0x", transaction={"from":"0xf39Fd6e51aad88F6F4ce6aB8827279cffFb92266","to":"0x951E38875a93df95bbd24fe31f409b7933B35BED","data":"0x0902f1ac","accessList":null}, error={"reason":"missing response","code":"SERVER_ERROR","requestBody":"{\"method\":\"eth_call\",\"params\":[{\"from\":\"0xf39fd6e51aad88f6f4ce6ab8827279cfffb92266\",\"to\":\"0x951e38875a93df95bbd24fe31f409b7933b35bed\",\"data\":\"0x0902f1ac\"},\"latest\"],\"id\":2078,\"jsonrpc\":\"2.0\"}","requestMethod":"POST","serverError":{"errno":-104,"code":"ECONNRESET","syscall":"read"},"url":"http://localhost:8545"}, code=CALL_EXCEPTION, version=providers/5.7.2)
[2024-01-15T23:23:50.788] [ERROR] default - Error: missing revert data in call exception; Transaction reverted without a reason string [ See: https://links.ethers.org/v5-errors-CALL_EXCEPTION ] (data="0x", transaction={"from":"0xf39Fd6e51aad88F6F4ce6aB8827279cffFb92266","to":"0x951E38875a93df95bbd24fe31f409b7933B35BED","data":"0x0902f1ac","accessList":null}, error={"reason":"missing response","code":"SERVER_ERROR","requestBody":"{\"method\":\"eth_call\",\"params\":[{\"from\":\"0xf39fd6e51aad88f6f4ce6ab8827279cfffb92266\",\"to\":\"0x951e38875a93df95bbd24fe31f409b7933b35bed\",\"data\":\"0x0902f1ac\"},\"latest\"],\"id\":2078,\"jsonrpc\":\"2.0\"}","requestMethod":"POST","serverError":{"errno":-104,"code":"ECONNRESET","syscall":"read"},"url":"http://localhost:8545"}, code=CALL_EXCEPTION, version=providers/5.7.2)
    at Logger.makeError (/mnt/c/code/polybotv3/node_modules/@ethersproject/logger/src.ts/index.ts:269:28)
    at Logger.throwError (/mnt/c/code/polybotv3/node_modules/@ethersproject/logger/src.ts/index.ts:281:20)
    at checkError (/mnt/c/code/polybotv3/node_modules/@ethersproject/providers/src.ts/json-rpc-provider.ts:66:16)
    at JsonRpcProvider.<anonymous> (/mnt/c/code/polybotv3/node_modules/@ethersproject/providers/src.ts/json-rpc-provider.ts:642:20)
    at step (/mnt/c/code/polybotv3/node_modules/@ethersproject/providers/lib/json-rpc-provider.js:48:23)
    at Object.throw (/mnt/c/code/polybotv3/node_modules/@ethersproject/providers/lib/json-rpc-provider.js:29:53)
    at rejected (/mnt/c/code/polybotv3/node_modules/@ethersproject/providers/lib/json-rpc-provider.js:21:65)
    at processTicksAndRejections (node:internal/process/task_queues:95:5) {
  reason: 'missing revert data in call exception; Transaction reverted without a reason string',
  code: 'CALL_EXCEPTION',
  data: '0x',
  transaction: {
    from: '0xf39Fd6e51aad88F6F4ce6aB8827279cffFb92266',
    to: '0x951E38875a93df95bbd24fe31f409b7933B35BED',
    data: '0x0902f1ac',
    accessList: null
  },
  error: Error: missing response (requestBody="{\"method\":\"eth_call\",\"params\":[{\"from\":\"0xf39fd6e51aad88f6f4ce6ab8827279cfffb92266\",\"to\":\"0x951e38875a93df95bbd24fe31f409b7933b35bed\",\"data\":\"0x0902f1ac\"},\"latest\"],\"id\":2078,\"jsonrpc\":\"2.0\"}", requestMethod="POST", serverError={"errno":-104,"code":"ECONNRESET","syscall":"read"}, url="http://localhost:8545", code=SERVER_ERROR, version=web/5.7.1)
      at Logger.makeError (/mnt/c/code/polybotv3/node_modules/@ethersproject/logger/src.ts/index.ts:269:28)
      at Logger.throwError (/mnt/c/code/polybotv3/node_modules/@ethersproject/logger/src.ts/index.ts:281:20)
      at /mnt/c/code/polybotv3/node_modules/@ethersproject/web/src.ts/index.ts:292:28
      at step (/mnt/c/code/polybotv3/node_modules/@ethersproject/web/lib/index.js:33:23)
      at Object.throw (/mnt/c/code/polybotv3/node_modules/@ethersproject/web/lib/index.js:14:53)
      at rejected (/mnt/c/code/polybotv3/node_modules/@ethersproject/web/lib/index.js:6:65)
      at processTicksAndRejections (node:internal/process/task_queues:95:5) {
    reason: 'missing response',
    code: 'SERVER_ERROR',
    requestBody: '{"method":"eth_call","params":[{"from":"0xf39fd6e51aad88f6f4ce6ab8827279cfffb92266","to":"0x951e38875a93df95bbd24fe31f409b7933b35bed","data":"0x0902f1ac"},"latest"],"id":2078,"jsonrpc":"2.0"}',
    requestMethod: 'POST',
    serverError: Error: read ECONNRESET
        at TCP.onStreamRead (node:internal/stream_base_commons:217:20) {
      errno: -104,
      code: 'ECONNRESET',
      syscall: 'read'
    },
    url: 'http://localhost:8545'
  }
}
[2024-01-15T23:23:50.794] [ERROR] default - Error (getReserves(0x951E38875a93df95bbd24fe31f409b7933B35BED)): Error: missing revert data in call exception; Transaction reverted without a reason string [ See: https://links.ethers.org/v5-errors-CALL_EXCEPTION ] (data="0x", transaction={"from":"0xf39Fd6e51aad88F6F4ce6aB8827279cffFb92266","to":"0x951E38875a93df95bbd24fe31f409b7933B35BED","data":"0x0902f1ac","accessList":null}, error={"reason":"missing response","code":"SERVER_ERROR","requestBody":"{\"method\":\"eth_call\",\"params\":[{\"from\":\"0xf39fd6e51aad88f6f4ce6ab8827279cfffb92266\",\"to\":\"0x951e38875a93df95bbd24fe31f409b7933b35bed\",\"data\":\"0x0902f1ac\"},\"latest\"],\"id\":2077,\"jsonrpc\":\"2.0\"}","requestMethod":"POST","serverError":{"errno":-104,"code":"ECONNRESET","syscall":"read"},"url":"http://localhost:8545"}, code=CALL_EXCEPTION, version=providers/5.7.2)
[2024-01-15T23:23:50.794] [ERROR] default - Error: missing revert data in call exception; Transaction reverted without a reason string [ See: https://links.ethers.org/v5-errors-CALL_EXCEPTION ] (data="0x", transaction={"from":"0xf39Fd6e51aad88F6F4ce6aB8827279cffFb92266","to":"0x951E38875a93df95bbd24fe31f409b7933B35BED","data":"0x0902f1ac","accessList":null}, error={"reason":"missing response","code":"SERVER_ERROR","requestBody":"{\"method\":\"eth_call\",\"params\":[{\"from\":\"0xf39fd6e51aad88f6f4ce6ab8827279cfffb92266\",\"to\":\"0x951e38875a93df95bbd24fe31f409b7933b35bed\",\"data\":\"0x0902f1ac\"},\"latest\"],\"id\":2077,\"jsonrpc\":\"2.0\"}","requestMethod":"POST","serverError":{"errno":-104,"code":"ECONNRESET","syscall":"read"},"url":"http://localhost:8545"}, code=CALL_EXCEPTION, version=providers/5.7.2)
    at Logger.makeError (/mnt/c/code/polybotv3/node_modules/@ethersproject/logger/src.ts/index.ts:269:28)
    at Logger.throwError (/mnt/c/code/polybotv3/node_modules/@ethersproject/logger/src.ts/index.ts:281:20)
    at checkError (/mnt/c/code/polybotv3/node_modules/@ethersproject/providers/src.ts/json-rpc-provider.ts:66:16)
    at JsonRpcProvider.<anonymous> (/mnt/c/code/polybotv3/node_modules/@ethersproject/providers/src.ts/json-rpc-provider.ts:642:20)
    at step (/mnt/c/code/polybotv3/node_modules/@ethersproject/providers/lib/json-rpc-provider.js:48:23)
    at Object.throw (/mnt/c/code/polybotv3/node_modules/@ethersproject/providers/lib/json-rpc-provider.js:29:53)
    at rejected (/mnt/c/code/polybotv3/node_modules/@ethersproject/providers/lib/json-rpc-provider.js:21:65)
    at processTicksAndRejections (node:internal/process/task_queues:95:5) {
  reason: 'missing revert data in call exception; Transaction reverted without a reason string',
  code: 'CALL_EXCEPTION',
  data: '0x',
  transaction: {
    from: '0xf39Fd6e51aad88F6F4ce6aB8827279cffFb92266',
    to: '0x951E38875a93df95bbd24fe31f409b7933B35BED',
    data: '0x0902f1ac',
    accessList: null
  },
  error: Error: missing response (requestBody="{\"method\":\"eth_call\",\"params\":[{\"from\":\"0xf39fd6e51aad88f6f4ce6ab8827279cfffb92266\",\"to\":\"0x951e38875a93df95bbd24fe31f409b7933b35bed\",\"data\":\"0x0902f1ac\"},\"latest\"],\"id\":2077,\"jsonrpc\":\"2.0\"}", requestMethod="POST", serverError={"errno":-104,"code":"ECONNRESET","syscall":"read"}, url="http://localhost:8545", code=SERVER_ERROR, version=web/5.7.1)
      at Logger.makeError (/mnt/c/code/polybotv3/node_modules/@ethersproject/logger/src.ts/index.ts:269:28)
      at Logger.throwError (/mnt/c/code/polybotv3/node_modules/@ethersproject/logger/src.ts/index.ts:281:20)
      at /mnt/c/code/polybotv3/node_modules/@ethersproject/web/src.ts/index.ts:292:28
      at step (/mnt/c/code/polybotv3/node_modules/@ethersproject/web/lib/index.js:33:23)
      at Object.throw (/mnt/c/code/polybotv3/node_modules/@ethersproject/web/lib/index.js:14:53)
      at rejected (/mnt/c/code/polybotv3/node_modules/@ethersproject/web/lib/index.js:6:65)
      at processTicksAndRejections (node:internal/process/task_queues:95:5) {
    reason: 'missing response',
    code: 'SERVER_ERROR',
    requestBody: '{"method":"eth_call","params":[{"from":"0xf39fd6e51aad88f6f4ce6ab8827279cfffb92266","to":"0x951e38875a93df95bbd24fe31f409b7933b35bed","data":"0x0902f1ac"},"latest"],"id":2077,"jsonrpc":"2.0"}',
    requestMethod: 'POST',
    serverError: Error: read ECONNRESET
        at TCP.onStreamRead (node:internal/stream_base_commons:217:20) {
      errno: -104,
      code: 'ECONNRESET',
      syscall: 'read'
    },
    url: 'http://localhost:8545'
  }
}
[2024-01-15T23:23:52.344] [INFO] default - New block received: Block # 51501128
[2024-01-15T23:24:04.156] [INFO] default - New block received: Block # 51501129
[2024-01-15T23:24:09.639] [ERROR] default - PROVIDER ERROR: Error: Reserves is undefined
    at new Prices (/mnt/c/code/polybotv3/scripts/v2/modules/prices.ts:18:10)
    at control (/mnt/c/code/polybotv3/scripts/v2/control.ts:44:16)
    at processTicksAndRejections (node:internal/process/task_queues:95:5)
    at async /mnt/c/code/polybotv3/index.ts:44:5
    at async Promise.all (index 14)
    at async JsonRpcProvider.<anonymous> (/mnt/c/code/polybotv3/index.ts:43:4)
[2024-01-15T23:24:09.683] [INFO] default - New block received: Block # 51501130
[2024-01-15T23:24:12.472] [ERROR] default - Error (getReserves(0x019011032a7ac3A87eE885B6c08467AC46ad11CD)): Error: missing revert data in call exception; Transaction reverted without a reason string [ See: https://links.ethers.org/v5-errors-CALL_EXCEPTION ] (data="0x", transaction={"from":"0xf39Fd6e51aad88F6F4ce6aB8827279cffFb92266","to":"0x019011032a7ac3A87eE885B6c08467AC46ad11CD","data":"0x0902f1ac","accessList":null}, error={"reason":"missing response","code":"SERVER_ERROR","requestBody":"{\"method\":\"eth_call\",\"params\":[{\"from\":\"0xf39fd6e51aad88f6f4ce6ab8827279cfffb92266\",\"to\":\"0x019011032a7ac3a87ee885b6c08467ac46ad11cd\",\"data\":\"0x0902f1ac\"},\"latest\"],\"id\":3000,\"jsonrpc\":\"2.0\"}","requestMethod":"POST","serverError":{"errno":-104,"code":"ECONNRESET","syscall":"read"},"url":"http://localhost:8545"}, code=CALL_EXCEPTION, version=providers/5.7.2)
[2024-01-15T23:24:12.472] [ERROR] default - Error: missing revert data in call exception; Transaction reverted without a reason string [ See: https://links.ethers.org/v5-errors-CALL_EXCEPTION ] (data="0x", transaction={"from":"0xf39Fd6e51aad88F6F4ce6aB8827279cffFb92266","to":"0x019011032a7ac3A87eE885B6c08467AC46ad11CD","data":"0x0902f1ac","accessList":null}, error={"reason":"missing response","code":"SERVER_ERROR","requestBody":"{\"method\":\"eth_call\",\"params\":[{\"from\":\"0xf39fd6e51aad88f6f4ce6ab8827279cfffb92266\",\"to\":\"0x019011032a7ac3a87ee885b6c08467ac46ad11cd\",\"data\":\"0x0902f1ac\"},\"latest\"],\"id\":3000,\"jsonrpc\":\"2.0\"}","requestMethod":"POST","serverError":{"errno":-104,"code":"ECONNRESET","syscall":"read"},"url":"http://localhost:8545"}, code=CALL_EXCEPTION, version=providers/5.7.2)
    at Logger.makeError (/mnt/c/code/polybotv3/node_modules/@ethersproject/logger/src.ts/index.ts:269:28)
    at Logger.throwError (/mnt/c/code/polybotv3/node_modules/@ethersproject/logger/src.ts/index.ts:281:20)
    at checkError (/mnt/c/code/polybotv3/node_modules/@ethersproject/providers/src.ts/json-rpc-provider.ts:66:16)
    at JsonRpcProvider.<anonymous> (/mnt/c/code/polybotv3/node_modules/@ethersproject/providers/src.ts/json-rpc-provider.ts:642:20)
    at step (/mnt/c/code/polybotv3/node_modules/@ethersproject/providers/lib/json-rpc-provider.js:48:23)
    at Object.throw (/mnt/c/code/polybotv3/node_modules/@ethersproject/providers/lib/json-rpc-provider.js:29:53)
    at rejected (/mnt/c/code/polybotv3/node_modules/@ethersproject/providers/lib/json-rpc-provider.js:21:65)
    at processTicksAndRejections (node:internal/process/task_queues:95:5) {
  reason: 'missing revert data in call exception; Transaction reverted without a reason string',
  code: 'CALL_EXCEPTION',
  data: '0x',
  transaction: {
    from: '0xf39Fd6e51aad88F6F4ce6aB8827279cffFb92266',
    to: '0x019011032a7ac3A87eE885B6c08467AC46ad11CD',
    data: '0x0902f1ac',
    accessList: null
  },
  error: Error: missing response (requestBody="{\"method\":\"eth_call\",\"params\":[{\"from\":\"0xf39fd6e51aad88f6f4ce6ab8827279cfffb92266\",\"to\":\"0x019011032a7ac3a87ee885b6c08467ac46ad11cd\",\"data\":\"0x0902f1ac\"},\"latest\"],\"id\":3000,\"jsonrpc\":\"2.0\"}", requestMethod="POST", serverError={"errno":-104,"code":"ECONNRESET","syscall":"read"}, url="http://localhost:8545", code=SERVER_ERROR, version=web/5.7.1)
      at Logger.makeError (/mnt/c/code/polybotv3/node_modules/@ethersproject/logger/src.ts/index.ts:269:28)
      at Logger.throwError (/mnt/c/code/polybotv3/node_modules/@ethersproject/logger/src.ts/index.ts:281:20)
      at /mnt/c/code/polybotv3/node_modules/@ethersproject/web/src.ts/index.ts:292:28
      at step (/mnt/c/code/polybotv3/node_modules/@ethersproject/web/lib/index.js:33:23)
      at Object.throw (/mnt/c/code/polybotv3/node_modules/@ethersproject/web/lib/index.js:14:53)
      at rejected (/mnt/c/code/polybotv3/node_modules/@ethersproject/web/lib/index.js:6:65)
      at processTicksAndRejections (node:internal/process/task_queues:95:5) {
    reason: 'missing response',
    code: 'SERVER_ERROR',
    requestBody: '{"method":"eth_call","params":[{"from":"0xf39fd6e51aad88f6f4ce6ab8827279cfffb92266","to":"0x019011032a7ac3a87ee885b6c08467ac46ad11cd","data":"0x0902f1ac"},"latest"],"id":3000,"jsonrpc":"2.0"}',
    requestMethod: 'POST',
    serverError: Error: read ECONNRESET
        at TCP.onStreamRead (node:internal/stream_base_commons:217:20) {
      errno: -104,
      code: 'ECONNRESET',
      syscall: 'read'
    },
    url: 'http://localhost:8545'
  }
}
[2024-01-15T23:24:12.477] [ERROR] default - Error (getReserves(0x019011032a7ac3A87eE885B6c08467AC46ad11CD)): Error: missing revert data in call exception; Transaction reverted without a reason string [ See: https://links.ethers.org/v5-errors-CALL_EXCEPTION ] (data="0x", transaction={"from":"0xf39Fd6e51aad88F6F4ce6aB8827279cffFb92266","to":"0x019011032a7ac3A87eE885B6c08467AC46ad11CD","data":"0x0902f1ac","accessList":null}, error={"reason":"missing response","code":"SERVER_ERROR","requestBody":"{\"method\":\"eth_call\",\"params\":[{\"from\":\"0xf39fd6e51aad88f6f4ce6ab8827279cfffb92266\",\"to\":\"0x019011032a7ac3a87ee885b6c08467ac46ad11cd\",\"data\":\"0x0902f1ac\"},\"latest\"],\"id\":2999,\"jsonrpc\":\"2.0\"}","requestMethod":"POST","serverError":{"errno":-104,"code":"ECONNRESET","syscall":"read"},"url":"http://localhost:8545"}, code=CALL_EXCEPTION, version=providers/5.7.2)
[2024-01-15T23:24:12.478] [ERROR] default - Error: missing revert data in call exception; Transaction reverted without a reason string [ See: https://links.ethers.org/v5-errors-CALL_EXCEPTION ] (data="0x", transaction={"from":"0xf39Fd6e51aad88F6F4ce6aB8827279cffFb92266","to":"0x019011032a7ac3A87eE885B6c08467AC46ad11CD","data":"0x0902f1ac","accessList":null}, error={"reason":"missing response","code":"SERVER_ERROR","requestBody":"{\"method\":\"eth_call\",\"params\":[{\"from\":\"0xf39fd6e51aad88f6f4ce6ab8827279cfffb92266\",\"to\":\"0x019011032a7ac3a87ee885b6c08467ac46ad11cd\",\"data\":\"0x0902f1ac\"},\"latest\"],\"id\":2999,\"jsonrpc\":\"2.0\"}","requestMethod":"POST","serverError":{"errno":-104,"code":"ECONNRESET","syscall":"read"},"url":"http://localhost:8545"}, code=CALL_EXCEPTION, version=providers/5.7.2)
    at Logger.makeError (/mnt/c/code/polybotv3/node_modules/@ethersproject/logger/src.ts/index.ts:269:28)
    at Logger.throwError (/mnt/c/code/polybotv3/node_modules/@ethersproject/logger/src.ts/index.ts:281:20)
    at checkError (/mnt/c/code/polybotv3/node_modules/@ethersproject/providers/src.ts/json-rpc-provider.ts:66:16)
    at JsonRpcProvider.<anonymous> (/mnt/c/code/polybotv3/node_modules/@ethersproject/providers/src.ts/json-rpc-provider.ts:642:20)
    at step (/mnt/c/code/polybotv3/node_modules/@ethersproject/providers/lib/json-rpc-provider.js:48:23)
    at Object.throw (/mnt/c/code/polybotv3/node_modules/@ethersproject/providers/lib/json-rpc-provider.js:29:53)
    at rejected (/mnt/c/code/polybotv3/node_modules/@ethersproject/providers/lib/json-rpc-provider.js:21:65)
    at processTicksAndRejections (node:internal/process/task_queues:95:5) {
  reason: 'missing revert data in call exception; Transaction reverted without a reason string',
  code: 'CALL_EXCEPTION',
  data: '0x',
  transaction: {
    from: '0xf39Fd6e51aad88F6F4ce6aB8827279cffFb92266',
    to: '0x019011032a7ac3A87eE885B6c08467AC46ad11CD',
    data: '0x0902f1ac',
    accessList: null
  },
  error: Error: missing response (requestBody="{\"method\":\"eth_call\",\"params\":[{\"from\":\"0xf39fd6e51aad88f6f4ce6ab8827279cfffb92266\",\"to\":\"0x019011032a7ac3a87ee885b6c08467ac46ad11cd\",\"data\":\"0x0902f1ac\"},\"latest\"],\"id\":2999,\"jsonrpc\":\"2.0\"}", requestMethod="POST", serverError={"errno":-104,"code":"ECONNRESET","syscall":"read"}, url="http://localhost:8545", code=SERVER_ERROR, version=web/5.7.1)
      at Logger.makeError (/mnt/c/code/polybotv3/node_modules/@ethersproject/logger/src.ts/index.ts:269:28)
      at Logger.throwError (/mnt/c/code/polybotv3/node_modules/@ethersproject/logger/src.ts/index.ts:281:20)
      at /mnt/c/code/polybotv3/node_modules/@ethersproject/web/src.ts/index.ts:292:28
      at step (/mnt/c/code/polybotv3/node_modules/@ethersproject/web/lib/index.js:33:23)
      at Object.throw (/mnt/c/code/polybotv3/node_modules/@ethersproject/web/lib/index.js:14:53)
      at rejected (/mnt/c/code/polybotv3/node_modules/@ethersproject/web/lib/index.js:6:65)
      at processTicksAndRejections (node:internal/process/task_queues:95:5) {
    reason: 'missing response',
    code: 'SERVER_ERROR',
    requestBody: '{"method":"eth_call","params":[{"from":"0xf39fd6e51aad88f6f4ce6ab8827279cfffb92266","to":"0x019011032a7ac3a87ee885b6c08467ac46ad11cd","data":"0x0902f1ac"},"latest"],"id":2999,"jsonrpc":"2.0"}',
    requestMethod: 'POST',
    serverError: Error: read ECONNRESET
        at TCP.onStreamRead (node:internal/stream_base_commons:217:20) {
      errno: -104,
      code: 'ECONNRESET',
      syscall: 'read'
    },
    url: 'http://localhost:8545'
  }
}
[2024-01-15T23:24:12.482] [ERROR] default - Error (getReserves(0x604229c960e5CACF2aaEAc8Be68Ac07BA9dF81c3)): Error: missing revert data in call exception; Transaction reverted without a reason string [ See: https://links.ethers.org/v5-errors-CALL_EXCEPTION ] (data="0x", transaction={"from":"0xf39Fd6e51aad88F6F4ce6aB8827279cffFb92266","to":"0x604229c960e5CACF2aaEAc8Be68Ac07BA9dF81c3","data":"0x0902f1ac","accessList":null}, error={"reason":"missing response","code":"SERVER_ERROR","requestBody":"{\"method\":\"eth_call\",\"params\":[{\"from\":\"0xf39fd6e51aad88f6f4ce6ab8827279cfffb92266\",\"to\":\"0x604229c960e5cacf2aaeac8be68ac07ba9df81c3\",\"data\":\"0x0902f1ac\"},\"latest\"],\"id\":2998,\"jsonrpc\":\"2.0\"}","requestMethod":"POST","serverError":{"errno":-104,"code":"ECONNRESET","syscall":"read"},"url":"http://localhost:8545"}, code=CALL_EXCEPTION, version=providers/5.7.2)
[2024-01-15T23:24:12.483] [ERROR] default - Error: missing revert data in call exception; Transaction reverted without a reason string [ See: https://links.ethers.org/v5-errors-CALL_EXCEPTION ] (data="0x", transaction={"from":"0xf39Fd6e51aad88F6F4ce6aB8827279cffFb92266","to":"0x604229c960e5CACF2aaEAc8Be68Ac07BA9dF81c3","data":"0x0902f1ac","accessList":null}, error={"reason":"missing response","code":"SERVER_ERROR","requestBody":"{\"method\":\"eth_call\",\"params\":[{\"from\":\"0xf39fd6e51aad88f6f4ce6ab8827279cfffb92266\",\"to\":\"0x604229c960e5cacf2aaeac8be68ac07ba9df81c3\",\"data\":\"0x0902f1ac\"},\"latest\"],\"id\":2998,\"jsonrpc\":\"2.0\"}","requestMethod":"POST","serverError":{"errno":-104,"code":"ECONNRESET","syscall":"read"},"url":"http://localhost:8545"}, code=CALL_EXCEPTION, version=providers/5.7.2)
    at Logger.makeError (/mnt/c/code/polybotv3/node_modules/@ethersproject/logger/src.ts/index.ts:269:28)
    at Logger.throwError (/mnt/c/code/polybotv3/node_modules/@ethersproject/logger/src.ts/index.ts:281:20)
    at checkError (/mnt/c/code/polybotv3/node_modules/@ethersproject/providers/src.ts/json-rpc-provider.ts:66:16)
    at JsonRpcProvider.<anonymous> (/mnt/c/code/polybotv3/node_modules/@ethersproject/providers/src.ts/json-rpc-provider.ts:642:20)
    at step (/mnt/c/code/polybotv3/node_modules/@ethersproject/providers/lib/json-rpc-provider.js:48:23)
    at Object.throw (/mnt/c/code/polybotv3/node_modules/@ethersproject/providers/lib/json-rpc-provider.js:29:53)
    at rejected (/mnt/c/code/polybotv3/node_modules/@ethersproject/providers/lib/json-rpc-provider.js:21:65)
    at processTicksAndRejections (node:internal/process/task_queues:95:5) {
  reason: 'missing revert data in call exception; Transaction reverted without a reason string',
  code: 'CALL_EXCEPTION',
  data: '0x',
  transaction: {
    from: '0xf39Fd6e51aad88F6F4ce6aB8827279cffFb92266',
    to: '0x604229c960e5CACF2aaEAc8Be68Ac07BA9dF81c3',
    data: '0x0902f1ac',
    accessList: null
  },
  error: Error: missing response (requestBody="{\"method\":\"eth_call\",\"params\":[{\"from\":\"0xf39fd6e51aad88f6f4ce6ab8827279cfffb92266\",\"to\":\"0x604229c960e5cacf2aaeac8be68ac07ba9df81c3\",\"data\":\"0x0902f1ac\"},\"latest\"],\"id\":2998,\"jsonrpc\":\"2.0\"}", requestMethod="POST", serverError={"errno":-104,"code":"ECONNRESET","syscall":"read"}, url="http://localhost:8545", code=SERVER_ERROR, version=web/5.7.1)
      at Logger.makeError (/mnt/c/code/polybotv3/node_modules/@ethersproject/logger/src.ts/index.ts:269:28)
      at Logger.throwError (/mnt/c/code/polybotv3/node_modules/@ethersproject/logger/src.ts/index.ts:281:20)
      at /mnt/c/code/polybotv3/node_modules/@ethersproject/web/src.ts/index.ts:292:28
      at step (/mnt/c/code/polybotv3/node_modules/@ethersproject/web/lib/index.js:33:23)
      at Object.throw (/mnt/c/code/polybotv3/node_modules/@ethersproject/web/lib/index.js:14:53)
      at rejected (/mnt/c/code/polybotv3/node_modules/@ethersproject/web/lib/index.js:6:65)
      at processTicksAndRejections (node:internal/process/task_queues:95:5) {
    reason: 'missing response',
    code: 'SERVER_ERROR',
    requestBody: '{"method":"eth_call","params":[{"from":"0xf39fd6e51aad88f6f4ce6ab8827279cfffb92266","to":"0x604229c960e5cacf2aaeac8be68ac07ba9df81c3","data":"0x0902f1ac"},"latest"],"id":2998,"jsonrpc":"2.0"}',
    requestMethod: 'POST',
    serverError: Error: read ECONNRESET
        at TCP.onStreamRead (node:internal/stream_base_commons:217:20) {
      errno: -104,
      code: 'ECONNRESET',
      syscall: 'read'
    },
    url: 'http://localhost:8545'
  }
}
[2024-01-15T23:24:13.985] [INFO] default - New block received: Block # 51501131
[2024-01-15T23:24:18.423] [ERROR] default - Error (getReserves(0xd32f3139A214034A0f9777c87eE0a064c1FF6AE2)): Error: missing revert data in call exception; Transaction reverted without a reason string [ See: https://links.ethers.org/v5-errors-CALL_EXCEPTION ] (data="0x", transaction={"from":"0xf39Fd6e51aad88F6F4ce6aB8827279cffFb92266","to":"0xd32f3139A214034A0f9777c87eE0a064c1FF6AE2","data":"0x0902f1ac","accessList":null}, error={"reason":"missing response","code":"SERVER_ERROR","requestBody":"{\"method\":\"eth_call\",\"params\":[{\"from\":\"0xf39fd6e51aad88f6f4ce6ab8827279cfffb92266\",\"to\":\"0xd32f3139a214034a0f9777c87ee0a064c1ff6ae2\",\"data\":\"0x0902f1ac\"},\"latest\"],\"id\":3320,\"jsonrpc\":\"2.0\"}","requestMethod":"POST","serverError":{"code":"ECONNRESET"},"url":"http://localhost:8545"}, code=CALL_EXCEPTION, version=providers/5.7.2)
[2024-01-15T23:46:35.783] [ERROR] default - TELEGRAM ERROR: Telegram bot token not found in environment variables
[2024-01-15T23:46:35.887] [INFO] default - New block received: Block # 51500460
[2024-01-15T23:46:40.733] [INFO] default - New block received: Block # 51500461
[2024-01-15T23:46:45.768] [INFO] default - New block received: Block # 51500462
[2024-01-15T23:46:45.770] [INFO] default - New block received: Block # 51500463
[2024-01-15T23:46:49.407] [INFO] default - New block received: Block # 51500464
[2024-01-15T23:46:49.414] [INFO] default - New block received: Block # 51500465
[2024-01-15T23:46:56.640] [INFO] default - New block received: Block # 51500466
[2024-01-15T23:47:00.259] [ERROR] default - Error (getReserves(0x65D43B64E3B31965Cd5EA367D4c2b94c03084797)): Error: missing revert data in call exception; Transaction reverted without a reason string [ See: https://links.ethers.org/v5-errors-CALL_EXCEPTION ] (data="0x", transaction={"from":"0xf39Fd6e51aad88F6F4ce6aB8827279cffFb92266","to":"0x65D43B64E3B31965Cd5EA367D4c2b94c03084797","data":"0x0902f1ac","accessList":null}, error={"reason":"missing response","code":"SERVER_ERROR","requestBody":"{\"method\":\"eth_call\",\"params\":[{\"from\":\"0xf39fd6e51aad88f6f4ce6ab8827279cfffb92266\",\"to\":\"0x65d43b64e3b31965cd5ea367d4c2b94c03084797\",\"data\":\"0x0902f1ac\"},\"latest\"],\"id\":1088,\"jsonrpc\":\"2.0\"}","requestMethod":"POST","serverError":{"errno":-104,"code":"ECONNRESET","syscall":"read"},"url":"http://localhost:8545"}, code=CALL_EXCEPTION, version=providers/5.7.2)
[2024-01-15T23:47:00.263] [ERROR] default - Error: missing revert data in call exception; Transaction reverted without a reason string [ See: https://links.ethers.org/v5-errors-CALL_EXCEPTION ] (data="0x", transaction={"from":"0xf39Fd6e51aad88F6F4ce6aB8827279cffFb92266","to":"0x65D43B64E3B31965Cd5EA367D4c2b94c03084797","data":"0x0902f1ac","accessList":null}, error={"reason":"missing response","code":"SERVER_ERROR","requestBody":"{\"method\":\"eth_call\",\"params\":[{\"from\":\"0xf39fd6e51aad88f6f4ce6ab8827279cfffb92266\",\"to\":\"0x65d43b64e3b31965cd5ea367d4c2b94c03084797\",\"data\":\"0x0902f1ac\"},\"latest\"],\"id\":1088,\"jsonrpc\":\"2.0\"}","requestMethod":"POST","serverError":{"errno":-104,"code":"ECONNRESET","syscall":"read"},"url":"http://localhost:8545"}, code=CALL_EXCEPTION, version=providers/5.7.2)
    at Logger.makeError (/mnt/c/code/polybotv3/node_modules/@ethersproject/logger/src.ts/index.ts:269:28)
    at Logger.throwError (/mnt/c/code/polybotv3/node_modules/@ethersproject/logger/src.ts/index.ts:281:20)
    at checkError (/mnt/c/code/polybotv3/node_modules/@ethersproject/providers/src.ts/json-rpc-provider.ts:66:16)
    at JsonRpcProvider.<anonymous> (/mnt/c/code/polybotv3/node_modules/@ethersproject/providers/src.ts/json-rpc-provider.ts:642:20)
    at step (/mnt/c/code/polybotv3/node_modules/@ethersproject/providers/lib/json-rpc-provider.js:48:23)
    at Object.throw (/mnt/c/code/polybotv3/node_modules/@ethersproject/providers/lib/json-rpc-provider.js:29:53)
    at rejected (/mnt/c/code/polybotv3/node_modules/@ethersproject/providers/lib/json-rpc-provider.js:21:65)
    at processTicksAndRejections (node:internal/process/task_queues:95:5) {
  reason: 'missing revert data in call exception; Transaction reverted without a reason string',
  code: 'CALL_EXCEPTION',
  data: '0x',
  transaction: {
    from: '0xf39Fd6e51aad88F6F4ce6aB8827279cffFb92266',
    to: '0x65D43B64E3B31965Cd5EA367D4c2b94c03084797',
    data: '0x0902f1ac',
    accessList: null
  },
  error: Error: missing response (requestBody="{\"method\":\"eth_call\",\"params\":[{\"from\":\"0xf39fd6e51aad88f6f4ce6ab8827279cfffb92266\",\"to\":\"0x65d43b64e3b31965cd5ea367d4c2b94c03084797\",\"data\":\"0x0902f1ac\"},\"latest\"],\"id\":1088,\"jsonrpc\":\"2.0\"}", requestMethod="POST", serverError={"errno":-104,"code":"ECONNRESET","syscall":"read"}, url="http://localhost:8545", code=SERVER_ERROR, version=web/5.7.1)
      at Logger.makeError (/mnt/c/code/polybotv3/node_modules/@ethersproject/logger/src.ts/index.ts:269:28)
      at Logger.throwError (/mnt/c/code/polybotv3/node_modules/@ethersproject/logger/src.ts/index.ts:281:20)
      at /mnt/c/code/polybotv3/node_modules/@ethersproject/web/src.ts/index.ts:292:28
      at step (/mnt/c/code/polybotv3/node_modules/@ethersproject/web/lib/index.js:33:23)
      at Object.throw (/mnt/c/code/polybotv3/node_modules/@ethersproject/web/lib/index.js:14:53)
      at rejected (/mnt/c/code/polybotv3/node_modules/@ethersproject/web/lib/index.js:6:65)
      at processTicksAndRejections (node:internal/process/task_queues:95:5) {
    reason: 'missing response',
    code: 'SERVER_ERROR',
    requestBody: '{"method":"eth_call","params":[{"from":"0xf39fd6e51aad88f6f4ce6ab8827279cfffb92266","to":"0x65d43b64e3b31965cd5ea367d4c2b94c03084797","data":"0x0902f1ac"},"latest"],"id":1088,"jsonrpc":"2.0"}',
    requestMethod: 'POST',
    serverError: Error: read ECONNRESET
        at TCP.onStreamRead (node:internal/stream_base_commons:217:20) {
      errno: -104,
      code: 'ECONNRESET',
      syscall: 'read'
    },
    url: 'http://localhost:8545'
  }
}
[2024-01-15T23:47:00.440] [ERROR] default - Error (getReserves(0x65D43B64E3B31965Cd5EA367D4c2b94c03084797)): Error: missing revert data in call exception; Transaction reverted without a reason string [ See: https://links.ethers.org/v5-errors-CALL_EXCEPTION ] (data="0x", transaction={"from":"0xf39Fd6e51aad88F6F4ce6aB8827279cffFb92266","to":"0x65D43B64E3B31965Cd5EA367D4c2b94c03084797","data":"0x0902f1ac","accessList":null}, error={"reason":"missing response","code":"SERVER_ERROR","requestBody":"{\"method\":\"eth_call\",\"params\":[{\"from\":\"0xf39fd6e51aad88f6f4ce6ab8827279cfffb92266\",\"to\":\"0x65d43b64e3b31965cd5ea367d4c2b94c03084797\",\"data\":\"0x0902f1ac\"},\"latest\"],\"id\":1087,\"jsonrpc\":\"2.0\"}","requestMethod":"POST","serverError":{"errno":-104,"code":"ECONNRESET","syscall":"read"},"url":"http://localhost:8545"}, code=CALL_EXCEPTION, version=providers/5.7.2)
[2024-01-15T23:47:00.441] [ERROR] default - Error: missing revert data in call exception; Transaction reverted without a reason string [ See: https://links.ethers.org/v5-errors-CALL_EXCEPTION ] (data="0x", transaction={"from":"0xf39Fd6e51aad88F6F4ce6aB8827279cffFb92266","to":"0x65D43B64E3B31965Cd5EA367D4c2b94c03084797","data":"0x0902f1ac","accessList":null}, error={"reason":"missing response","code":"SERVER_ERROR","requestBody":"{\"method\":\"eth_call\",\"params\":[{\"from\":\"0xf39fd6e51aad88f6f4ce6ab8827279cfffb92266\",\"to\":\"0x65d43b64e3b31965cd5ea367d4c2b94c03084797\",\"data\":\"0x0902f1ac\"},\"latest\"],\"id\":1087,\"jsonrpc\":\"2.0\"}","requestMethod":"POST","serverError":{"errno":-104,"code":"ECONNRESET","syscall":"read"},"url":"http://localhost:8545"}, code=CALL_EXCEPTION, version=providers/5.7.2)
    at Logger.makeError (/mnt/c/code/polybotv3/node_modules/@ethersproject/logger/src.ts/index.ts:269:28)
    at Logger.throwError (/mnt/c/code/polybotv3/node_modules/@ethersproject/logger/src.ts/index.ts:281:20)
    at checkError (/mnt/c/code/polybotv3/node_modules/@ethersproject/providers/src.ts/json-rpc-provider.ts:66:16)
    at JsonRpcProvider.<anonymous> (/mnt/c/code/polybotv3/node_modules/@ethersproject/providers/src.ts/json-rpc-provider.ts:642:20)
    at step (/mnt/c/code/polybotv3/node_modules/@ethersproject/providers/lib/json-rpc-provider.js:48:23)
    at Object.throw (/mnt/c/code/polybotv3/node_modules/@ethersproject/providers/lib/json-rpc-provider.js:29:53)
    at rejected (/mnt/c/code/polybotv3/node_modules/@ethersproject/providers/lib/json-rpc-provider.js:21:65)
    at processTicksAndRejections (node:internal/process/task_queues:95:5) {
  reason: 'missing revert data in call exception; Transaction reverted without a reason string',
  code: 'CALL_EXCEPTION',
  data: '0x',
  transaction: {
    from: '0xf39Fd6e51aad88F6F4ce6aB8827279cffFb92266',
    to: '0x65D43B64E3B31965Cd5EA367D4c2b94c03084797',
    data: '0x0902f1ac',
    accessList: null
  },
  error: Error: missing response (requestBody="{\"method\":\"eth_call\",\"params\":[{\"from\":\"0xf39fd6e51aad88f6f4ce6ab8827279cfffb92266\",\"to\":\"0x65d43b64e3b31965cd5ea367d4c2b94c03084797\",\"data\":\"0x0902f1ac\"},\"latest\"],\"id\":1087,\"jsonrpc\":\"2.0\"}", requestMethod="POST", serverError={"errno":-104,"code":"ECONNRESET","syscall":"read"}, url="http://localhost:8545", code=SERVER_ERROR, version=web/5.7.1)
      at Logger.makeError (/mnt/c/code/polybotv3/node_modules/@ethersproject/logger/src.ts/index.ts:269:28)
      at Logger.throwError (/mnt/c/code/polybotv3/node_modules/@ethersproject/logger/src.ts/index.ts:281:20)
      at /mnt/c/code/polybotv3/node_modules/@ethersproject/web/src.ts/index.ts:292:28
      at step (/mnt/c/code/polybotv3/node_modules/@ethersproject/web/lib/index.js:33:23)
      at Object.throw (/mnt/c/code/polybotv3/node_modules/@ethersproject/web/lib/index.js:14:53)
      at rejected (/mnt/c/code/polybotv3/node_modules/@ethersproject/web/lib/index.js:6:65)
      at processTicksAndRejections (node:internal/process/task_queues:95:5) {
    reason: 'missing response',
    code: 'SERVER_ERROR',
    requestBody: '{"method":"eth_call","params":[{"from":"0xf39fd6e51aad88f6f4ce6ab8827279cfffb92266","to":"0x65d43b64e3b31965cd5ea367d4c2b94c03084797","data":"0x0902f1ac"},"latest"],"id":1087,"jsonrpc":"2.0"}',
    requestMethod: 'POST',
    serverError: Error: read ECONNRESET
        at TCP.onStreamRead (node:internal/stream_base_commons:217:20) {
      errno: -104,
      code: 'ECONNRESET',
      syscall: 'read'
    },
    url: 'http://localhost:8545'
  }
}
[2024-01-15T23:47:00.452] [ERROR] default - Error (getReserves(0x019011032a7ac3A87eE885B6c08467AC46ad11CD)): Error: missing revert data in call exception; Transaction reverted without a reason string [ See: https://links.ethers.org/v5-errors-CALL_EXCEPTION ] (data="0x", transaction={"from":"0xf39Fd6e51aad88F6F4ce6aB8827279cffFb92266","to":"0x019011032a7ac3A87eE885B6c08467AC46ad11CD","data":"0x0902f1ac","accessList":null}, error={"reason":"missing response","code":"SERVER_ERROR","requestBody":"{\"method\":\"eth_call\",\"params\":[{\"from\":\"0xf39fd6e51aad88f6f4ce6ab8827279cfffb92266\",\"to\":\"0x019011032a7ac3a87ee885b6c08467ac46ad11cd\",\"data\":\"0x0902f1ac\"},\"latest\"],\"id\":1086,\"jsonrpc\":\"2.0\"}","requestMethod":"POST","serverError":{"errno":-104,"code":"ECONNRESET","syscall":"read"},"url":"http://localhost:8545"}, code=CALL_EXCEPTION, version=providers/5.7.2)
[2024-01-15T23:47:00.453] [ERROR] default - Error: missing revert data in call exception; Transaction reverted without a reason string [ See: https://links.ethers.org/v5-errors-CALL_EXCEPTION ] (data="0x", transaction={"from":"0xf39Fd6e51aad88F6F4ce6aB8827279cffFb92266","to":"0x019011032a7ac3A87eE885B6c08467AC46ad11CD","data":"0x0902f1ac","accessList":null}, error={"reason":"missing response","code":"SERVER_ERROR","requestBody":"{\"method\":\"eth_call\",\"params\":[{\"from\":\"0xf39fd6e51aad88f6f4ce6ab8827279cfffb92266\",\"to\":\"0x019011032a7ac3a87ee885b6c08467ac46ad11cd\",\"data\":\"0x0902f1ac\"},\"latest\"],\"id\":1086,\"jsonrpc\":\"2.0\"}","requestMethod":"POST","serverError":{"errno":-104,"code":"ECONNRESET","syscall":"read"},"url":"http://localhost:8545"}, code=CALL_EXCEPTION, version=providers/5.7.2)
    at Logger.makeError (/mnt/c/code/polybotv3/node_modules/@ethersproject/logger/src.ts/index.ts:269:28)
    at Logger.throwError (/mnt/c/code/polybotv3/node_modules/@ethersproject/logger/src.ts/index.ts:281:20)
    at checkError (/mnt/c/code/polybotv3/node_modules/@ethersproject/providers/src.ts/json-rpc-provider.ts:66:16)
    at JsonRpcProvider.<anonymous> (/mnt/c/code/polybotv3/node_modules/@ethersproject/providers/src.ts/json-rpc-provider.ts:642:20)
    at step (/mnt/c/code/polybotv3/node_modules/@ethersproject/providers/lib/json-rpc-provider.js:48:23)
    at Object.throw (/mnt/c/code/polybotv3/node_modules/@ethersproject/providers/lib/json-rpc-provider.js:29:53)
    at rejected (/mnt/c/code/polybotv3/node_modules/@ethersproject/providers/lib/json-rpc-provider.js:21:65)
    at processTicksAndRejections (node:internal/process/task_queues:95:5) {
  reason: 'missing revert data in call exception; Transaction reverted without a reason string',
  code: 'CALL_EXCEPTION',
  data: '0x',
  transaction: {
    from: '0xf39Fd6e51aad88F6F4ce6aB8827279cffFb92266',
    to: '0x019011032a7ac3A87eE885B6c08467AC46ad11CD',
    data: '0x0902f1ac',
    accessList: null
  },
  error: Error: missing response (requestBody="{\"method\":\"eth_call\",\"params\":[{\"from\":\"0xf39fd6e51aad88f6f4ce6ab8827279cfffb92266\",\"to\":\"0x019011032a7ac3a87ee885b6c08467ac46ad11cd\",\"data\":\"0x0902f1ac\"},\"latest\"],\"id\":1086,\"jsonrpc\":\"2.0\"}", requestMethod="POST", serverError={"errno":-104,"code":"ECONNRESET","syscall":"read"}, url="http://localhost:8545", code=SERVER_ERROR, version=web/5.7.1)
      at Logger.makeError (/mnt/c/code/polybotv3/node_modules/@ethersproject/logger/src.ts/index.ts:269:28)
      at Logger.throwError (/mnt/c/code/polybotv3/node_modules/@ethersproject/logger/src.ts/index.ts:281:20)
      at /mnt/c/code/polybotv3/node_modules/@ethersproject/web/src.ts/index.ts:292:28
      at step (/mnt/c/code/polybotv3/node_modules/@ethersproject/web/lib/index.js:33:23)
      at Object.throw (/mnt/c/code/polybotv3/node_modules/@ethersproject/web/lib/index.js:14:53)
      at rejected (/mnt/c/code/polybotv3/node_modules/@ethersproject/web/lib/index.js:6:65)
      at processTicksAndRejections (node:internal/process/task_queues:95:5) {
    reason: 'missing response',
    code: 'SERVER_ERROR',
    requestBody: '{"method":"eth_call","params":[{"from":"0xf39fd6e51aad88f6f4ce6ab8827279cfffb92266","to":"0x019011032a7ac3a87ee885b6c08467ac46ad11cd","data":"0x0902f1ac"},"latest"],"id":1086,"jsonrpc":"2.0"}',
    requestMethod: 'POST',
    serverError: Error: read ECONNRESET
        at TCP.onStreamRead (node:internal/stream_base_commons:217:20) {
      errno: -104,
      code: 'ECONNRESET',
      syscall: 'read'
    },
    url: 'http://localhost:8545'
  }
}
[2024-01-15T23:47:01.189] [INFO] default - New block received: Block # 51500467
[2024-01-15T23:47:03.666] [ERROR] default - PROVIDER ERROR: Error: Reserves is undefined
    at new Prices (/mnt/c/code/polybotv3/scripts/v2/modules/prices.ts:18:10)
    at control (/mnt/c/code/polybotv3/scripts/v2/control.ts:44:16)
    at processTicksAndRejections (node:internal/process/task_queues:95:5)
    at async /mnt/c/code/polybotv3/index.ts:44:5
    at async Promise.all (index 0)
    at async JsonRpcProvider.<anonymous> (/mnt/c/code/polybotv3/index.ts:43:4)
[2024-01-15T23:47:04.180] [INFO] default - New block received: Block # 51500468
[2024-01-15T23:47:10.078] [ERROR] default - PROVIDER ERROR: Error: Reserves is undefined
    at new Prices (/mnt/c/code/polybotv3/scripts/v2/modules/prices.ts:18:10)
    at control (/mnt/c/code/polybotv3/scripts/v2/control.ts:44:16)
    at processTicksAndRejections (node:internal/process/task_queues:95:5)
    at async /mnt/c/code/polybotv3/index.ts:44:5
    at async Promise.all (index 2)
    at async JsonRpcProvider.<anonymous> (/mnt/c/code/polybotv3/index.ts:43:4)
[2024-01-15T23:47:13.475] [INFO] default - New block received: Block # 51500469
[2024-01-16T22:38:37.299] [ERROR] default - TELEGRAM ERROR: Telegram bot token not found in environment variables
[2024-01-16T22:38:38.086] [INFO] default - New block received: Block # 52408808
[2024-01-16T22:38:45.437] [INFO] default - New block received: Block # 52408809
[2024-01-16T22:38:45.443] [INFO] default - New block received: Block # 52408810
[2024-01-16T22:38:45.446] [INFO] default - New block received: Block # 52408811
[2024-01-16T22:38:45.450] [INFO] default - New block received: Block # 52408812
[2024-01-16T22:38:56.871] [INFO] default - New block received: Block # 52408813
[2024-01-16T22:38:56.885] [INFO] default - New block received: Block # 52408814
[2024-01-16T22:38:56.899] [INFO] default - New block received: Block # 52408815
[2024-01-16T22:38:56.915] [INFO] default - New block received: Block # 52408816
[2024-01-16T22:38:57.942] [INFO] default - New block received: Block # 52408817
[2024-01-16T22:39:09.206] [INFO] default - New block received: Block # 52408818
[2024-01-16T22:39:09.211] [INFO] default - New block received: Block # 52408819
[2024-01-16T22:39:15.842] [INFO] default - New block received: Block # 52408820
[2024-01-16T22:39:15.847] [INFO] default - New block received: Block # 52408821
[2024-01-16T22:39:21.794] [INFO] default - New block received: Block # 52408822
[2024-01-16T22:39:21.797] [INFO] default - New block received: Block # 52408823
[2024-01-16T22:39:25.542] [INFO] default - New block received: Block # 52408824
[2024-01-16T22:39:29.405] [INFO] default - New block received: Block # 52408825
[2024-01-16T22:39:34.927] [ERROR] default - Error (getReserves(0x65D43B64E3B31965Cd5EA367D4c2b94c03084797)): Error: missing revert data in call exception; Transaction reverted without a reason string [ See: https://links.ethers.org/v5-errors-CALL_EXCEPTION ] (data="0x", transaction={"from":"0x3018FB91d635D85bFc7590c611dE012db163e8a3","to":"0x65D43B64E3B31965Cd5EA367D4c2b94c03084797","data":"0x0902f1ac","accessList":null}, error={"reason":"failed response","code":"SERVER_ERROR","requestBody":"{\"method\":\"eth_call\",\"params\":[{\"from\":\"0x3018fb91d635d85bfc7590c611de012db163e8a3\",\"to\":\"0x65d43b64e3b31965cd5ea367d4c2b94c03084797\",\"data\":\"0x0902f1ac\"},\"latest\"],\"id\":1811,\"jsonrpc\":\"2.0\"}","requestMethod":"POST","url":"https://polygon-mainnet.g.alchemy.com/v2/SYBkEnqFyPQHdAZr-TnaUVAmTKfvZZe-"}, code=CALL_EXCEPTION, version=providers/5.7.2)
[2024-01-16T22:39:34.928] [ERROR] default - Error: missing revert data in call exception; Transaction reverted without a reason string [ See: https://links.ethers.org/v5-errors-CALL_EXCEPTION ] (data="0x", transaction={"from":"0x3018FB91d635D85bFc7590c611dE012db163e8a3","to":"0x65D43B64E3B31965Cd5EA367D4c2b94c03084797","data":"0x0902f1ac","accessList":null}, error={"reason":"failed response","code":"SERVER_ERROR","requestBody":"{\"method\":\"eth_call\",\"params\":[{\"from\":\"0x3018fb91d635d85bfc7590c611de012db163e8a3\",\"to\":\"0x65d43b64e3b31965cd5ea367d4c2b94c03084797\",\"data\":\"0x0902f1ac\"},\"latest\"],\"id\":1811,\"jsonrpc\":\"2.0\"}","requestMethod":"POST","url":"https://polygon-mainnet.g.alchemy.com/v2/SYBkEnqFyPQHdAZr-TnaUVAmTKfvZZe-"}, code=CALL_EXCEPTION, version=providers/5.7.2)
    at Logger.makeError (/mnt/c/code/polybotv3/node_modules/@ethersproject/logger/src.ts/index.ts:269:28)
    at Logger.throwError (/mnt/c/code/polybotv3/node_modules/@ethersproject/logger/src.ts/index.ts:281:20)
    at checkError (/mnt/c/code/polybotv3/node_modules/@ethersproject/providers/src.ts/json-rpc-provider.ts:66:16)
    at JsonRpcProvider.<anonymous> (/mnt/c/code/polybotv3/node_modules/@ethersproject/providers/src.ts/json-rpc-provider.ts:642:20)
    at step (/mnt/c/code/polybotv3/node_modules/@ethersproject/providers/lib/json-rpc-provider.js:48:23)
    at Object.throw (/mnt/c/code/polybotv3/node_modules/@ethersproject/providers/lib/json-rpc-provider.js:29:53)
    at rejected (/mnt/c/code/polybotv3/node_modules/@ethersproject/providers/lib/json-rpc-provider.js:21:65)
    at runNextTicks (node:internal/process/task_queues:60:5)
    at processTimers (node:internal/timers:511:9) {
  reason: 'missing revert data in call exception; Transaction reverted without a reason string',
  code: 'CALL_EXCEPTION',
  data: '0x',
  transaction: {
    from: '0x3018FB91d635D85bFc7590c611dE012db163e8a3',
    to: '0x65D43B64E3B31965Cd5EA367D4c2b94c03084797',
    data: '0x0902f1ac',
    accessList: null
  },
  error: Error: failed response (requestBody="{\"method\":\"eth_call\",\"params\":[{\"from\":\"0x3018fb91d635d85bfc7590c611de012db163e8a3\",\"to\":\"0x65d43b64e3b31965cd5ea367d4c2b94c03084797\",\"data\":\"0x0902f1ac\"},\"latest\"],\"id\":1811,\"jsonrpc\":\"2.0\"}", requestMethod="POST", url="https://polygon-mainnet.g.alchemy.com/v2/SYBkEnqFyPQHdAZr-TnaUVAmTKfvZZe-", code=SERVER_ERROR, version=web/5.7.1)
      at Logger.makeError (/mnt/c/code/polybotv3/node_modules/@ethersproject/logger/src.ts/index.ts:269:28)
      at Logger.throwError (/mnt/c/code/polybotv3/node_modules/@ethersproject/logger/src.ts/index.ts:281:20)
      at /mnt/c/code/polybotv3/node_modules/@ethersproject/web/src.ts/index.ts:358:23
      at step (/mnt/c/code/polybotv3/node_modules/@ethersproject/web/lib/index.js:33:23)
      at Object.next (/mnt/c/code/polybotv3/node_modules/@ethersproject/web/lib/index.js:14:53)
      at fulfilled (/mnt/c/code/polybotv3/node_modules/@ethersproject/web/lib/index.js:5:58)
      at runNextTicks (node:internal/process/task_queues:60:5)
      at processTimers (node:internal/timers:511:9) {
    reason: 'failed response',
    code: 'SERVER_ERROR',
    requestBody: '{"method":"eth_call","params":[{"from":"0x3018fb91d635d85bfc7590c611de012db163e8a3","to":"0x65d43b64e3b31965cd5ea367d4c2b94c03084797","data":"0x0902f1ac"},"latest"],"id":1811,"jsonrpc":"2.0"}',
    requestMethod: 'POST',
    url: 'https://polygon-mainnet.g.alchemy.com/v2/SYBkEnqFyPQHdAZr-TnaUVAmTKfvZZe-'
  }
}
[2024-01-16T22:39:42.153] [INFO] default - New block received: Block # 52408826
[2024-01-16T22:39:42.156] [INFO] default - New block received: Block # 52408827
[2024-01-16T22:39:42.159] [INFO] default - New block received: Block # 52408828
[2024-01-16T22:39:50.704] [INFO] default - New block received: Block # 52408829
[2024-01-16T22:39:50.719] [INFO] default - New block received: Block # 52408830
[2024-01-16T22:39:51.538] [ERROR] default - Error (getReserves(0xd32f3139A214034A0f9777c87eE0a064c1FF6AE2)): Error: missing revert data in call exception; Transaction reverted without a reason string [ See: https://links.ethers.org/v5-errors-CALL_EXCEPTION ] (data="0x", transaction={"from":"0x3018FB91d635D85bFc7590c611dE012db163e8a3","to":"0xd32f3139A214034A0f9777c87eE0a064c1FF6AE2","data":"0x0902f1ac","accessList":null}, error={"reason":"failed response","code":"SERVER_ERROR","requestBody":"{\"method\":\"eth_call\",\"params\":[{\"from\":\"0x3018fb91d635d85bfc7590c611de012db163e8a3\",\"to\":\"0xd32f3139a214034a0f9777c87ee0a064c1ff6ae2\",\"data\":\"0x0902f1ac\"},\"latest\"],\"id\":1238,\"jsonrpc\":\"2.0\"}","requestMethod":"POST","url":"https://polygon-mainnet.g.alchemy.com/v2/SYBkEnqFyPQHdAZr-TnaUVAmTKfvZZe-"}, code=CALL_EXCEPTION, version=providers/5.7.2)
[2024-01-16T22:39:51.538] [ERROR] default - Error: missing revert data in call exception; Transaction reverted without a reason string [ See: https://links.ethers.org/v5-errors-CALL_EXCEPTION ] (data="0x", transaction={"from":"0x3018FB91d635D85bFc7590c611dE012db163e8a3","to":"0xd32f3139A214034A0f9777c87eE0a064c1FF6AE2","data":"0x0902f1ac","accessList":null}, error={"reason":"failed response","code":"SERVER_ERROR","requestBody":"{\"method\":\"eth_call\",\"params\":[{\"from\":\"0x3018fb91d635d85bfc7590c611de012db163e8a3\",\"to\":\"0xd32f3139a214034a0f9777c87ee0a064c1ff6ae2\",\"data\":\"0x0902f1ac\"},\"latest\"],\"id\":1238,\"jsonrpc\":\"2.0\"}","requestMethod":"POST","url":"https://polygon-mainnet.g.alchemy.com/v2/SYBkEnqFyPQHdAZr-TnaUVAmTKfvZZe-"}, code=CALL_EXCEPTION, version=providers/5.7.2)
    at Logger.makeError (/mnt/c/code/polybotv3/node_modules/@ethersproject/logger/src.ts/index.ts:269:28)
    at Logger.throwError (/mnt/c/code/polybotv3/node_modules/@ethersproject/logger/src.ts/index.ts:281:20)
    at checkError (/mnt/c/code/polybotv3/node_modules/@ethersproject/providers/src.ts/json-rpc-provider.ts:66:16)
    at JsonRpcProvider.<anonymous> (/mnt/c/code/polybotv3/node_modules/@ethersproject/providers/src.ts/json-rpc-provider.ts:642:20)
    at step (/mnt/c/code/polybotv3/node_modules/@ethersproject/providers/lib/json-rpc-provider.js:48:23)
    at Object.throw (/mnt/c/code/polybotv3/node_modules/@ethersproject/providers/lib/json-rpc-provider.js:29:53)
    at rejected (/mnt/c/code/polybotv3/node_modules/@ethersproject/providers/lib/json-rpc-provider.js:21:65) {
  reason: 'missing revert data in call exception; Transaction reverted without a reason string',
  code: 'CALL_EXCEPTION',
  data: '0x',
  transaction: {
    from: '0x3018FB91d635D85bFc7590c611dE012db163e8a3',
    to: '0xd32f3139A214034A0f9777c87eE0a064c1FF6AE2',
    data: '0x0902f1ac',
    accessList: null
  },
  error: Error: failed response (requestBody="{\"method\":\"eth_call\",\"params\":[{\"from\":\"0x3018fb91d635d85bfc7590c611de012db163e8a3\",\"to\":\"0xd32f3139a214034a0f9777c87ee0a064c1ff6ae2\",\"data\":\"0x0902f1ac\"},\"latest\"],\"id\":1238,\"jsonrpc\":\"2.0\"}", requestMethod="POST", url="https://polygon-mainnet.g.alchemy.com/v2/SYBkEnqFyPQHdAZr-TnaUVAmTKfvZZe-", code=SERVER_ERROR, version=web/5.7.1)
      at Logger.makeError (/mnt/c/code/polybotv3/node_modules/@ethersproject/logger/src.ts/index.ts:269:28)
      at Logger.throwError (/mnt/c/code/polybotv3/node_modules/@ethersproject/logger/src.ts/index.ts:281:20)
      at /mnt/c/code/polybotv3/node_modules/@ethersproject/web/src.ts/index.ts:358:23
      at step (/mnt/c/code/polybotv3/node_modules/@ethersproject/web/lib/index.js:33:23)
      at Object.next (/mnt/c/code/polybotv3/node_modules/@ethersproject/web/lib/index.js:14:53)
      at fulfilled (/mnt/c/code/polybotv3/node_modules/@ethersproject/web/lib/index.js:5:58) {
    reason: 'failed response',
    code: 'SERVER_ERROR',
    requestBody: '{"method":"eth_call","params":[{"from":"0x3018fb91d635d85bfc7590c611de012db163e8a3","to":"0xd32f3139a214034a0f9777c87ee0a064c1ff6ae2","data":"0x0902f1ac"},"latest"],"id":1238,"jsonrpc":"2.0"}',
    requestMethod: 'POST',
    url: 'https://polygon-mainnet.g.alchemy.com/v2/SYBkEnqFyPQHdAZr-TnaUVAmTKfvZZe-'
  }
}
[2024-01-16T22:39:58.052] [INFO] default - New block received: Block # 52408831
[2024-01-16T22:39:58.056] [INFO] default - New block received: Block # 52408832
[2024-01-16T22:39:59.410] [INFO] default - New block received: Block # 52408833
[2024-01-16T22:40:04.958] [INFO] default - New block received: Block # 52408834
[2024-01-16T22:40:04.961] [INFO] default - New block received: Block # 52408835
[2024-01-16T22:40:07.859] [ERROR] default - Error (getReserves(0xcd353F79d9FADe311fC3119B841e1f456b54e858)): Error: missing revert data in call exception; Transaction reverted without a reason string [ See: https://links.ethers.org/v5-errors-CALL_EXCEPTION ] (data="0x", transaction={"from":"0x3018FB91d635D85bFc7590c611dE012db163e8a3","to":"0xcd353F79d9FADe311fC3119B841e1f456b54e858","data":"0x0902f1ac","accessList":null}, error={"reason":"failed response","code":"SERVER_ERROR","requestBody":"{\"method\":\"eth_call\",\"params\":[{\"from\":\"0x3018fb91d635d85bfc7590c611de012db163e8a3\",\"to\":\"0xcd353f79d9fade311fc3119b841e1f456b54e858\",\"data\":\"0x0902f1ac\"},\"latest\"],\"id\":739,\"jsonrpc\":\"2.0\"}","requestMethod":"POST","url":"https://polygon-mainnet.g.alchemy.com/v2/SYBkEnqFyPQHdAZr-TnaUVAmTKfvZZe-"}, code=CALL_EXCEPTION, version=providers/5.7.2)
[2024-01-16T22:40:07.859] [ERROR] default - Error: missing revert data in call exception; Transaction reverted without a reason string [ See: https://links.ethers.org/v5-errors-CALL_EXCEPTION ] (data="0x", transaction={"from":"0x3018FB91d635D85bFc7590c611dE012db163e8a3","to":"0xcd353F79d9FADe311fC3119B841e1f456b54e858","data":"0x0902f1ac","accessList":null}, error={"reason":"failed response","code":"SERVER_ERROR","requestBody":"{\"method\":\"eth_call\",\"params\":[{\"from\":\"0x3018fb91d635d85bfc7590c611de012db163e8a3\",\"to\":\"0xcd353f79d9fade311fc3119b841e1f456b54e858\",\"data\":\"0x0902f1ac\"},\"latest\"],\"id\":739,\"jsonrpc\":\"2.0\"}","requestMethod":"POST","url":"https://polygon-mainnet.g.alchemy.com/v2/SYBkEnqFyPQHdAZr-TnaUVAmTKfvZZe-"}, code=CALL_EXCEPTION, version=providers/5.7.2)
    at Logger.makeError (/mnt/c/code/polybotv3/node_modules/@ethersproject/logger/src.ts/index.ts:269:28)
    at Logger.throwError (/mnt/c/code/polybotv3/node_modules/@ethersproject/logger/src.ts/index.ts:281:20)
    at checkError (/mnt/c/code/polybotv3/node_modules/@ethersproject/providers/src.ts/json-rpc-provider.ts:66:16)
    at JsonRpcProvider.<anonymous> (/mnt/c/code/polybotv3/node_modules/@ethersproject/providers/src.ts/json-rpc-provider.ts:642:20)
    at step (/mnt/c/code/polybotv3/node_modules/@ethersproject/providers/lib/json-rpc-provider.js:48:23)
    at Object.throw (/mnt/c/code/polybotv3/node_modules/@ethersproject/providers/lib/json-rpc-provider.js:29:53)
    at rejected (/mnt/c/code/polybotv3/node_modules/@ethersproject/providers/lib/json-rpc-provider.js:21:65) {
  reason: 'missing revert data in call exception; Transaction reverted without a reason string',
  code: 'CALL_EXCEPTION',
  data: '0x',
  transaction: {
    from: '0x3018FB91d635D85bFc7590c611dE012db163e8a3',
    to: '0xcd353F79d9FADe311fC3119B841e1f456b54e858',
    data: '0x0902f1ac',
    accessList: null
  },
  error: Error: failed response (requestBody="{\"method\":\"eth_call\",\"params\":[{\"from\":\"0x3018fb91d635d85bfc7590c611de012db163e8a3\",\"to\":\"0xcd353f79d9fade311fc3119b841e1f456b54e858\",\"data\":\"0x0902f1ac\"},\"latest\"],\"id\":739,\"jsonrpc\":\"2.0\"}", requestMethod="POST", url="https://polygon-mainnet.g.alchemy.com/v2/SYBkEnqFyPQHdAZr-TnaUVAmTKfvZZe-", code=SERVER_ERROR, version=web/5.7.1)
      at Logger.makeError (/mnt/c/code/polybotv3/node_modules/@ethersproject/logger/src.ts/index.ts:269:28)
      at Logger.throwError (/mnt/c/code/polybotv3/node_modules/@ethersproject/logger/src.ts/index.ts:281:20)
      at /mnt/c/code/polybotv3/node_modules/@ethersproject/web/src.ts/index.ts:358:23
      at step (/mnt/c/code/polybotv3/node_modules/@ethersproject/web/lib/index.js:33:23)
      at Object.next (/mnt/c/code/polybotv3/node_modules/@ethersproject/web/lib/index.js:14:53)
      at fulfilled (/mnt/c/code/polybotv3/node_modules/@ethersproject/web/lib/index.js:5:58) {
    reason: 'failed response',
    code: 'SERVER_ERROR',
    requestBody: '{"method":"eth_call","params":[{"from":"0x3018fb91d635d85bfc7590c611de012db163e8a3","to":"0xcd353f79d9fade311fc3119b841e1f456b54e858","data":"0x0902f1ac"},"latest"],"id":739,"jsonrpc":"2.0"}',
    requestMethod: 'POST',
    url: 'https://polygon-mainnet.g.alchemy.com/v2/SYBkEnqFyPQHdAZr-TnaUVAmTKfvZZe-'
  }
}
[2024-01-16T22:40:07.862] [ERROR] default - PROVIDER ERROR: Error: Reserves is undefined
    at new Prices (/mnt/c/code/polybotv3/scripts/v2/modules/prices.ts:18:10)
    at control (/mnt/c/code/polybotv3/scripts/v2/control.ts:44:16)
    at async /mnt/c/code/polybotv3/index.ts:44:5
    at async Promise.all (index 17)
    at async JsonRpcProvider.<anonymous> (/mnt/c/code/polybotv3/index.ts:43:4)
[2024-01-16T22:40:09.890] [INFO] default - New block received: Block # 52408836
[2024-01-16T22:40:09.891] [INFO] default - New block received: Block # 52408837
[2024-01-16T22:40:19.187] [ERROR] default - Error (getReserves(0x101640e107C4a72DeC79826768C239F1eB48cc85)): Error: missing revert data in call exception; Transaction reverted without a reason string [ See: https://links.ethers.org/v5-errors-CALL_EXCEPTION ] (data="0x", transaction={"from":"0x3018FB91d635D85bFc7590c611dE012db163e8a3","to":"0x101640e107C4a72DeC79826768C239F1eB48cc85","data":"0x0902f1ac","accessList":null}, error={"reason":"failed response","code":"SERVER_ERROR","requestBody":"{\"method\":\"eth_call\",\"params\":[{\"from\":\"0x3018fb91d635d85bfc7590c611de012db163e8a3\",\"to\":\"0x101640e107c4a72dec79826768c239f1eb48cc85\",\"data\":\"0x0902f1ac\"},\"latest\"],\"id\":1298,\"jsonrpc\":\"2.0\"}","requestMethod":"POST","url":"https://polygon-mainnet.g.alchemy.com/v2/SYBkEnqFyPQHdAZr-TnaUVAmTKfvZZe-"}, code=CALL_EXCEPTION, version=providers/5.7.2)
[2024-01-16T22:40:19.187] [ERROR] default - Error: missing revert data in call exception; Transaction reverted without a reason string [ See: https://links.ethers.org/v5-errors-CALL_EXCEPTION ] (data="0x", transaction={"from":"0x3018FB91d635D85bFc7590c611dE012db163e8a3","to":"0x101640e107C4a72DeC79826768C239F1eB48cc85","data":"0x0902f1ac","accessList":null}, error={"reason":"failed response","code":"SERVER_ERROR","requestBody":"{\"method\":\"eth_call\",\"params\":[{\"from\":\"0x3018fb91d635d85bfc7590c611de012db163e8a3\",\"to\":\"0x101640e107c4a72dec79826768c239f1eb48cc85\",\"data\":\"0x0902f1ac\"},\"latest\"],\"id\":1298,\"jsonrpc\":\"2.0\"}","requestMethod":"POST","url":"https://polygon-mainnet.g.alchemy.com/v2/SYBkEnqFyPQHdAZr-TnaUVAmTKfvZZe-"}, code=CALL_EXCEPTION, version=providers/5.7.2)
    at Logger.makeError (/mnt/c/code/polybotv3/node_modules/@ethersproject/logger/src.ts/index.ts:269:28)
    at Logger.throwError (/mnt/c/code/polybotv3/node_modules/@ethersproject/logger/src.ts/index.ts:281:20)
    at checkError (/mnt/c/code/polybotv3/node_modules/@ethersproject/providers/src.ts/json-rpc-provider.ts:66:16)
    at JsonRpcProvider.<anonymous> (/mnt/c/code/polybotv3/node_modules/@ethersproject/providers/src.ts/json-rpc-provider.ts:642:20)
    at step (/mnt/c/code/polybotv3/node_modules/@ethersproject/providers/lib/json-rpc-provider.js:48:23)
    at Object.throw (/mnt/c/code/polybotv3/node_modules/@ethersproject/providers/lib/json-rpc-provider.js:29:53)
    at rejected (/mnt/c/code/polybotv3/node_modules/@ethersproject/providers/lib/json-rpc-provider.js:21:65) {
  reason: 'missing revert data in call exception; Transaction reverted without a reason string',
  code: 'CALL_EXCEPTION',
  data: '0x',
  transaction: {
    from: '0x3018FB91d635D85bFc7590c611dE012db163e8a3',
    to: '0x101640e107C4a72DeC79826768C239F1eB48cc85',
    data: '0x0902f1ac',
    accessList: null
  },
  error: Error: failed response (requestBody="{\"method\":\"eth_call\",\"params\":[{\"from\":\"0x3018fb91d635d85bfc7590c611de012db163e8a3\",\"to\":\"0x101640e107c4a72dec79826768c239f1eb48cc85\",\"data\":\"0x0902f1ac\"},\"latest\"],\"id\":1298,\"jsonrpc\":\"2.0\"}", requestMethod="POST", url="https://polygon-mainnet.g.alchemy.com/v2/SYBkEnqFyPQHdAZr-TnaUVAmTKfvZZe-", code=SERVER_ERROR, version=web/5.7.1)
      at Logger.makeError (/mnt/c/code/polybotv3/node_modules/@ethersproject/logger/src.ts/index.ts:269:28)
      at Logger.throwError (/mnt/c/code/polybotv3/node_modules/@ethersproject/logger/src.ts/index.ts:281:20)
      at /mnt/c/code/polybotv3/node_modules/@ethersproject/web/src.ts/index.ts:358:23
      at step (/mnt/c/code/polybotv3/node_modules/@ethersproject/web/lib/index.js:33:23)
      at Object.next (/mnt/c/code/polybotv3/node_modules/@ethersproject/web/lib/index.js:14:53)
      at fulfilled (/mnt/c/code/polybotv3/node_modules/@ethersproject/web/lib/index.js:5:58) {
    reason: 'failed response',
    code: 'SERVER_ERROR',
    requestBody: '{"method":"eth_call","params":[{"from":"0x3018fb91d635d85bfc7590c611de012db163e8a3","to":"0x101640e107c4a72dec79826768c239f1eb48cc85","data":"0x0902f1ac"},"latest"],"id":1298,"jsonrpc":"2.0"}',
    requestMethod: 'POST',
    url: 'https://polygon-mainnet.g.alchemy.com/v2/SYBkEnqFyPQHdAZr-TnaUVAmTKfvZZe-'
  }
}
[2024-01-16T22:40:19.212] [ERROR] default - Error (getReserves(0xC8174d091c288FF78De98303c2973140Cbcf3B23)): Error: missing revert data in call exception; Transaction reverted without a reason string [ See: https://links.ethers.org/v5-errors-CALL_EXCEPTION ] (data="0x", transaction={"from":"0x3018FB91d635D85bFc7590c611dE012db163e8a3","to":"0xC8174d091c288FF78De98303c2973140Cbcf3B23","data":"0x0902f1ac","accessList":null}, error={"reason":"failed response","code":"SERVER_ERROR","requestBody":"{\"method\":\"eth_call\",\"params\":[{\"from\":\"0x3018fb91d635d85bfc7590c611de012db163e8a3\",\"to\":\"0xc8174d091c288ff78de98303c2973140cbcf3b23\",\"data\":\"0x0902f1ac\"},\"latest\"],\"id\":2308,\"jsonrpc\":\"2.0\"}","requestMethod":"POST","url":"https://polygon-mainnet.g.alchemy.com/v2/SYBkEnqFyPQHdAZr-TnaUVAmTKfvZZe-"}, code=CALL_EXCEPTION, version=providers/5.7.2)
[2024-01-16T22:40:19.213] [ERROR] default - Error: missing revert data in call exception; Transaction reverted without a reason string [ See: https://links.ethers.org/v5-errors-CALL_EXCEPTION ] (data="0x", transaction={"from":"0x3018FB91d635D85bFc7590c611dE012db163e8a3","to":"0xC8174d091c288FF78De98303c2973140Cbcf3B23","data":"0x0902f1ac","accessList":null}, error={"reason":"failed response","code":"SERVER_ERROR","requestBody":"{\"method\":\"eth_call\",\"params\":[{\"from\":\"0x3018fb91d635d85bfc7590c611de012db163e8a3\",\"to\":\"0xc8174d091c288ff78de98303c2973140cbcf3b23\",\"data\":\"0x0902f1ac\"},\"latest\"],\"id\":2308,\"jsonrpc\":\"2.0\"}","requestMethod":"POST","url":"https://polygon-mainnet.g.alchemy.com/v2/SYBkEnqFyPQHdAZr-TnaUVAmTKfvZZe-"}, code=CALL_EXCEPTION, version=providers/5.7.2)
    at Logger.makeError (/mnt/c/code/polybotv3/node_modules/@ethersproject/logger/src.ts/index.ts:269:28)
    at Logger.throwError (/mnt/c/code/polybotv3/node_modules/@ethersproject/logger/src.ts/index.ts:281:20)
    at checkError (/mnt/c/code/polybotv3/node_modules/@ethersproject/providers/src.ts/json-rpc-provider.ts:66:16)
    at JsonRpcProvider.<anonymous> (/mnt/c/code/polybotv3/node_modules/@ethersproject/providers/src.ts/json-rpc-provider.ts:642:20)
    at step (/mnt/c/code/polybotv3/node_modules/@ethersproject/providers/lib/json-rpc-provider.js:48:23)
    at Object.throw (/mnt/c/code/polybotv3/node_modules/@ethersproject/providers/lib/json-rpc-provider.js:29:53)
    at rejected (/mnt/c/code/polybotv3/node_modules/@ethersproject/providers/lib/json-rpc-provider.js:21:65) {
  reason: 'missing revert data in call exception; Transaction reverted without a reason string',
  code: 'CALL_EXCEPTION',
  data: '0x',
  transaction: {
    from: '0x3018FB91d635D85bFc7590c611dE012db163e8a3',
    to: '0xC8174d091c288FF78De98303c2973140Cbcf3B23',
    data: '0x0902f1ac',
    accessList: null
  },
  error: Error: failed response (requestBody="{\"method\":\"eth_call\",\"params\":[{\"from\":\"0x3018fb91d635d85bfc7590c611de012db163e8a3\",\"to\":\"0xc8174d091c288ff78de98303c2973140cbcf3b23\",\"data\":\"0x0902f1ac\"},\"latest\"],\"id\":2308,\"jsonrpc\":\"2.0\"}", requestMethod="POST", url="https://polygon-mainnet.g.alchemy.com/v2/SYBkEnqFyPQHdAZr-TnaUVAmTKfvZZe-", code=SERVER_ERROR, version=web/5.7.1)
      at Logger.makeError (/mnt/c/code/polybotv3/node_modules/@ethersproject/logger/src.ts/index.ts:269:28)
      at Logger.throwError (/mnt/c/code/polybotv3/node_modules/@ethersproject/logger/src.ts/index.ts:281:20)
      at /mnt/c/code/polybotv3/node_modules/@ethersproject/web/src.ts/index.ts:358:23
      at step (/mnt/c/code/polybotv3/node_modules/@ethersproject/web/lib/index.js:33:23)
      at Object.next (/mnt/c/code/polybotv3/node_modules/@ethersproject/web/lib/index.js:14:53)
      at fulfilled (/mnt/c/code/polybotv3/node_modules/@ethersproject/web/lib/index.js:5:58) {
    reason: 'failed response',
    code: 'SERVER_ERROR',
    requestBody: '{"method":"eth_call","params":[{"from":"0x3018fb91d635d85bfc7590c611de012db163e8a3","to":"0xc8174d091c288ff78de98303c2973140cbcf3b23","data":"0x0902f1ac"},"latest"],"id":2308,"jsonrpc":"2.0"}',
    requestMethod: 'POST',
    url: 'https://polygon-mainnet.g.alchemy.com/v2/SYBkEnqFyPQHdAZr-TnaUVAmTKfvZZe-'
  }
}
[2024-01-16T22:40:19.481] [ERROR] default - PROVIDER ERROR: Error: Reserves is undefined
    at new Prices (/mnt/c/code/polybotv3/scripts/v2/modules/prices.ts:18:10)
    at control (/mnt/c/code/polybotv3/scripts/v2/control.ts:44:16)
    at processTicksAndRejections (node:internal/process/task_queues:95:5)
    at async /mnt/c/code/polybotv3/index.ts:44:5
    at async Promise.all (index 9)
    at async JsonRpcProvider.<anonymous> (/mnt/c/code/polybotv3/index.ts:43:4)
[2024-01-16T22:40:20.512] [ERROR] default - Error (getReserves(0x8929D3FEa77398F64448c85015633c2d6472fB29)): Error: missing revert data in call exception; Transaction reverted without a reason string [ See: https://links.ethers.org/v5-errors-CALL_EXCEPTION ] (data="0x", transaction={"from":"0x3018FB91d635D85bFc7590c611dE012db163e8a3","to":"0x8929D3FEa77398F64448c85015633c2d6472fB29","data":"0x0902f1ac","accessList":null}, error={"reason":"failed response","code":"SERVER_ERROR","requestBody":"{\"method\":\"eth_call\",\"params\":[{\"from\":\"0x3018fb91d635d85bfc7590c611de012db163e8a3\",\"to\":\"0x8929d3fea77398f64448c85015633c2d6472fb29\",\"data\":\"0x0902f1ac\"},\"latest\"],\"id\":823,\"jsonrpc\":\"2.0\"}","requestMethod":"POST","url":"https://polygon-mainnet.g.alchemy.com/v2/SYBkEnqFyPQHdAZr-TnaUVAmTKfvZZe-"}, code=CALL_EXCEPTION, version=providers/5.7.2)
[2024-01-16T22:40:20.512] [ERROR] default - Error: missing revert data in call exception; Transaction reverted without a reason string [ See: https://links.ethers.org/v5-errors-CALL_EXCEPTION ] (data="0x", transaction={"from":"0x3018FB91d635D85bFc7590c611dE012db163e8a3","to":"0x8929D3FEa77398F64448c85015633c2d6472fB29","data":"0x0902f1ac","accessList":null}, error={"reason":"failed response","code":"SERVER_ERROR","requestBody":"{\"method\":\"eth_call\",\"params\":[{\"from\":\"0x3018fb91d635d85bfc7590c611de012db163e8a3\",\"to\":\"0x8929d3fea77398f64448c85015633c2d6472fb29\",\"data\":\"0x0902f1ac\"},\"latest\"],\"id\":823,\"jsonrpc\":\"2.0\"}","requestMethod":"POST","url":"https://polygon-mainnet.g.alchemy.com/v2/SYBkEnqFyPQHdAZr-TnaUVAmTKfvZZe-"}, code=CALL_EXCEPTION, version=providers/5.7.2)
    at Logger.makeError (/mnt/c/code/polybotv3/node_modules/@ethersproject/logger/src.ts/index.ts:269:28)
    at Logger.throwError (/mnt/c/code/polybotv3/node_modules/@ethersproject/logger/src.ts/index.ts:281:20)
    at checkError (/mnt/c/code/polybotv3/node_modules/@ethersproject/providers/src.ts/json-rpc-provider.ts:66:16)
    at JsonRpcProvider.<anonymous> (/mnt/c/code/polybotv3/node_modules/@ethersproject/providers/src.ts/json-rpc-provider.ts:642:20)
    at step (/mnt/c/code/polybotv3/node_modules/@ethersproject/providers/lib/json-rpc-provider.js:48:23)
    at Object.throw (/mnt/c/code/polybotv3/node_modules/@ethersproject/providers/lib/json-rpc-provider.js:29:53)
    at rejected (/mnt/c/code/polybotv3/node_modules/@ethersproject/providers/lib/json-rpc-provider.js:21:65) {
  reason: 'missing revert data in call exception; Transaction reverted without a reason string',
  code: 'CALL_EXCEPTION',
  data: '0x',
  transaction: {
    from: '0x3018FB91d635D85bFc7590c611dE012db163e8a3',
    to: '0x8929D3FEa77398F64448c85015633c2d6472fB29',
    data: '0x0902f1ac',
    accessList: null
  },
  error: Error: failed response (requestBody="{\"method\":\"eth_call\",\"params\":[{\"from\":\"0x3018fb91d635d85bfc7590c611de012db163e8a3\",\"to\":\"0x8929d3fea77398f64448c85015633c2d6472fb29\",\"data\":\"0x0902f1ac\"},\"latest\"],\"id\":823,\"jsonrpc\":\"2.0\"}", requestMethod="POST", url="https://polygon-mainnet.g.alchemy.com/v2/SYBkEnqFyPQHdAZr-TnaUVAmTKfvZZe-", code=SERVER_ERROR, version=web/5.7.1)
      at Logger.makeError (/mnt/c/code/polybotv3/node_modules/@ethersproject/logger/src.ts/index.ts:269:28)
      at Logger.throwError (/mnt/c/code/polybotv3/node_modules/@ethersproject/logger/src.ts/index.ts:281:20)
      at /mnt/c/code/polybotv3/node_modules/@ethersproject/web/src.ts/index.ts:358:23
      at step (/mnt/c/code/polybotv3/node_modules/@ethersproject/web/lib/index.js:33:23)
      at Object.next (/mnt/c/code/polybotv3/node_modules/@ethersproject/web/lib/index.js:14:53)
      at fulfilled (/mnt/c/code/polybotv3/node_modules/@ethersproject/web/lib/index.js:5:58) {
    reason: 'failed response',
    code: 'SERVER_ERROR',
    requestBody: '{"method":"eth_call","params":[{"from":"0x3018fb91d635d85bfc7590c611de012db163e8a3","to":"0x8929d3fea77398f64448c85015633c2d6472fb29","data":"0x0902f1ac"},"latest"],"id":823,"jsonrpc":"2.0"}',
    requestMethod: 'POST',
    url: 'https://polygon-mainnet.g.alchemy.com/v2/SYBkEnqFyPQHdAZr-TnaUVAmTKfvZZe-'
  }
}
[2024-01-16T22:40:21.343] [ERROR] default - Error (getReserves(0xd32f3139A214034A0f9777c87eE0a064c1FF6AE2)): Error: missing revert data in call exception; Transaction reverted without a reason string [ See: https://links.ethers.org/v5-errors-CALL_EXCEPTION ] (data="0x", transaction={"from":"0x3018FB91d635D85bFc7590c611dE012db163e8a3","to":"0xd32f3139A214034A0f9777c87eE0a064c1FF6AE2","data":"0x0902f1ac","accessList":null}, error={"reason":"failed response","code":"SERVER_ERROR","requestBody":"{\"method\":\"eth_call\",\"params\":[{\"from\":\"0x3018fb91d635d85bfc7590c611de012db163e8a3\",\"to\":\"0xd32f3139a214034a0f9777c87ee0a064c1ff6ae2\",\"data\":\"0x0902f1ac\"},\"latest\"],\"id\":1393,\"jsonrpc\":\"2.0\"}","requestMethod":"POST","url":"https://polygon-mainnet.g.alchemy.com/v2/SYBkEnqFyPQHdAZr-TnaUVAmTKfvZZe-"}, code=CALL_EXCEPTION, version=providers/5.7.2)
[2024-01-16T22:40:21.343] [ERROR] default - Error: missing revert data in call exception; Transaction reverted without a reason string [ See: https://links.ethers.org/v5-errors-CALL_EXCEPTION ] (data="0x", transaction={"from":"0x3018FB91d635D85bFc7590c611dE012db163e8a3","to":"0xd32f3139A214034A0f9777c87eE0a064c1FF6AE2","data":"0x0902f1ac","accessList":null}, error={"reason":"failed response","code":"SERVER_ERROR","requestBody":"{\"method\":\"eth_call\",\"params\":[{\"from\":\"0x3018fb91d635d85bfc7590c611de012db163e8a3\",\"to\":\"0xd32f3139a214034a0f9777c87ee0a064c1ff6ae2\",\"data\":\"0x0902f1ac\"},\"latest\"],\"id\":1393,\"jsonrpc\":\"2.0\"}","requestMethod":"POST","url":"https://polygon-mainnet.g.alchemy.com/v2/SYBkEnqFyPQHdAZr-TnaUVAmTKfvZZe-"}, code=CALL_EXCEPTION, version=providers/5.7.2)
    at Logger.makeError (/mnt/c/code/polybotv3/node_modules/@ethersproject/logger/src.ts/index.ts:269:28)
    at Logger.throwError (/mnt/c/code/polybotv3/node_modules/@ethersproject/logger/src.ts/index.ts:281:20)
    at checkError (/mnt/c/code/polybotv3/node_modules/@ethersproject/providers/src.ts/json-rpc-provider.ts:66:16)
    at JsonRpcProvider.<anonymous> (/mnt/c/code/polybotv3/node_modules/@ethersproject/providers/src.ts/json-rpc-provider.ts:642:20)
    at step (/mnt/c/code/polybotv3/node_modules/@ethersproject/providers/lib/json-rpc-provider.js:48:23)
    at Object.throw (/mnt/c/code/polybotv3/node_modules/@ethersproject/providers/lib/json-rpc-provider.js:29:53)
    at rejected (/mnt/c/code/polybotv3/node_modules/@ethersproject/providers/lib/json-rpc-provider.js:21:65) {
  reason: 'missing revert data in call exception; Transaction reverted without a reason string',
  code: 'CALL_EXCEPTION',
  data: '0x',
  transaction: {
    from: '0x3018FB91d635D85bFc7590c611dE012db163e8a3',
    to: '0xd32f3139A214034A0f9777c87eE0a064c1FF6AE2',
    data: '0x0902f1ac',
    accessList: null
  },
  error: Error: failed response (requestBody="{\"method\":\"eth_call\",\"params\":[{\"from\":\"0x3018fb91d635d85bfc7590c611de012db163e8a3\",\"to\":\"0xd32f3139a214034a0f9777c87ee0a064c1ff6ae2\",\"data\":\"0x0902f1ac\"},\"latest\"],\"id\":1393,\"jsonrpc\":\"2.0\"}", requestMethod="POST", url="https://polygon-mainnet.g.alchemy.com/v2/SYBkEnqFyPQHdAZr-TnaUVAmTKfvZZe-", code=SERVER_ERROR, version=web/5.7.1)
      at Logger.makeError (/mnt/c/code/polybotv3/node_modules/@ethersproject/logger/src.ts/index.ts:269:28)
      at Logger.throwError (/mnt/c/code/polybotv3/node_modules/@ethersproject/logger/src.ts/index.ts:281:20)
      at /mnt/c/code/polybotv3/node_modules/@ethersproject/web/src.ts/index.ts:358:23
      at step (/mnt/c/code/polybotv3/node_modules/@ethersproject/web/lib/index.js:33:23)
      at Object.next (/mnt/c/code/polybotv3/node_modules/@ethersproject/web/lib/index.js:14:53)
      at fulfilled (/mnt/c/code/polybotv3/node_modules/@ethersproject/web/lib/index.js:5:58) {
    reason: 'failed response',
    code: 'SERVER_ERROR',
    requestBody: '{"method":"eth_call","params":[{"from":"0x3018fb91d635d85bfc7590c611de012db163e8a3","to":"0xd32f3139a214034a0f9777c87ee0a064c1ff6ae2","data":"0x0902f1ac"},"latest"],"id":1393,"jsonrpc":"2.0"}',
    requestMethod: 'POST',
    url: 'https://polygon-mainnet.g.alchemy.com/v2/SYBkEnqFyPQHdAZr-TnaUVAmTKfvZZe-'
  }
}
[2024-01-16T22:40:22.286] [ERROR] default - Error (getReserves(0xA2937659873ef52Da71a399e4079EBb2a7e5fFF6)): Error: missing revert data in call exception; Transaction reverted without a reason string [ See: https://links.ethers.org/v5-errors-CALL_EXCEPTION ] (data="0x", transaction={"from":"0x3018FB91d635D85bFc7590c611dE012db163e8a3","to":"0xA2937659873ef52Da71a399e4079EBb2a7e5fFF6","data":"0x0902f1ac","accessList":null}, error={"reason":"failed response","code":"SERVER_ERROR","requestBody":"{\"method\":\"eth_call\",\"params\":[{\"from\":\"0x3018fb91d635d85bfc7590c611de012db163e8a3\",\"to\":\"0xa2937659873ef52da71a399e4079ebb2a7e5fff6\",\"data\":\"0x0902f1ac\"},\"latest\"],\"id\":1315,\"jsonrpc\":\"2.0\"}","requestMethod":"POST","url":"https://polygon-mainnet.g.alchemy.com/v2/SYBkEnqFyPQHdAZr-TnaUVAmTKfvZZe-"}, code=CALL_EXCEPTION, version=providers/5.7.2)
[2024-01-16T22:40:22.287] [ERROR] default - Error: missing revert data in call exception; Transaction reverted without a reason string [ See: https://links.ethers.org/v5-errors-CALL_EXCEPTION ] (data="0x", transaction={"from":"0x3018FB91d635D85bFc7590c611dE012db163e8a3","to":"0xA2937659873ef52Da71a399e4079EBb2a7e5fFF6","data":"0x0902f1ac","accessList":null}, error={"reason":"failed response","code":"SERVER_ERROR","requestBody":"{\"method\":\"eth_call\",\"params\":[{\"from\":\"0x3018fb91d635d85bfc7590c611de012db163e8a3\",\"to\":\"0xa2937659873ef52da71a399e4079ebb2a7e5fff6\",\"data\":\"0x0902f1ac\"},\"latest\"],\"id\":1315,\"jsonrpc\":\"2.0\"}","requestMethod":"POST","url":"https://polygon-mainnet.g.alchemy.com/v2/SYBkEnqFyPQHdAZr-TnaUVAmTKfvZZe-"}, code=CALL_EXCEPTION, version=providers/5.7.2)
    at Logger.makeError (/mnt/c/code/polybotv3/node_modules/@ethersproject/logger/src.ts/index.ts:269:28)
    at Logger.throwError (/mnt/c/code/polybotv3/node_modules/@ethersproject/logger/src.ts/index.ts:281:20)
    at checkError (/mnt/c/code/polybotv3/node_modules/@ethersproject/providers/src.ts/json-rpc-provider.ts:66:16)
    at JsonRpcProvider.<anonymous> (/mnt/c/code/polybotv3/node_modules/@ethersproject/providers/src.ts/json-rpc-provider.ts:642:20)
    at step (/mnt/c/code/polybotv3/node_modules/@ethersproject/providers/lib/json-rpc-provider.js:48:23)
    at Object.throw (/mnt/c/code/polybotv3/node_modules/@ethersproject/providers/lib/json-rpc-provider.js:29:53)
    at rejected (/mnt/c/code/polybotv3/node_modules/@ethersproject/providers/lib/json-rpc-provider.js:21:65)
    at runNextTicks (node:internal/process/task_queues:60:5)
    at processTimers (node:internal/timers:511:9) {
  reason: 'missing revert data in call exception; Transaction reverted without a reason string',
  code: 'CALL_EXCEPTION',
  data: '0x',
  transaction: {
    from: '0x3018FB91d635D85bFc7590c611dE012db163e8a3',
    to: '0xA2937659873ef52Da71a399e4079EBb2a7e5fFF6',
    data: '0x0902f1ac',
    accessList: null
  },
  error: Error: failed response (requestBody="{\"method\":\"eth_call\",\"params\":[{\"from\":\"0x3018fb91d635d85bfc7590c611de012db163e8a3\",\"to\":\"0xa2937659873ef52da71a399e4079ebb2a7e5fff6\",\"data\":\"0x0902f1ac\"},\"latest\"],\"id\":1315,\"jsonrpc\":\"2.0\"}", requestMethod="POST", url="https://polygon-mainnet.g.alchemy.com/v2/SYBkEnqFyPQHdAZr-TnaUVAmTKfvZZe-", code=SERVER_ERROR, version=web/5.7.1)
      at Logger.makeError (/mnt/c/code/polybotv3/node_modules/@ethersproject/logger/src.ts/index.ts:269:28)
      at Logger.throwError (/mnt/c/code/polybotv3/node_modules/@ethersproject/logger/src.ts/index.ts:281:20)
      at /mnt/c/code/polybotv3/node_modules/@ethersproject/web/src.ts/index.ts:358:23
      at step (/mnt/c/code/polybotv3/node_modules/@ethersproject/web/lib/index.js:33:23)
      at Object.next (/mnt/c/code/polybotv3/node_modules/@ethersproject/web/lib/index.js:14:53)
      at fulfilled (/mnt/c/code/polybotv3/node_modules/@ethersproject/web/lib/index.js:5:58)
      at runNextTicks (node:internal/process/task_queues:60:5)
      at processTimers (node:internal/timers:511:9) {
    reason: 'failed response',
    code: 'SERVER_ERROR',
    requestBody: '{"method":"eth_call","params":[{"from":"0x3018fb91d635d85bfc7590c611de012db163e8a3","to":"0xa2937659873ef52da71a399e4079ebb2a7e5fff6","data":"0x0902f1ac"},"latest"],"id":1315,"jsonrpc":"2.0"}',
    requestMethod: 'POST',
    url: 'https://polygon-mainnet.g.alchemy.com/v2/SYBkEnqFyPQHdAZr-TnaUVAmTKfvZZe-'
  }
}
[2024-01-16T22:40:23.443] [INFO] default - New block received: Block # 52408838
[2024-01-16T22:40:23.447] [INFO] default - New block received: Block # 52408839
[2024-01-16T22:40:23.460] [INFO] default - New block received: Block # 52408840
[2024-01-16T22:40:23.464] [INFO] default - New block received: Block # 52408841
[2024-01-16T22:40:23.477] [INFO] default - New block received: Block # 52408842
[2024-01-16T22:40:23.492] [INFO] default - New block received: Block # 52408843
[2024-01-16T22:40:23.588] [ERROR] default - PROVIDER ERROR: Error: Reserves is undefined
    at new Prices (/mnt/c/code/polybotv3/scripts/v2/modules/prices.ts:18:10)
    at control (/mnt/c/code/polybotv3/scripts/v2/control.ts:44:16)
    at processTicksAndRejections (node:internal/process/task_queues:95:5)
    at async /mnt/c/code/polybotv3/index.ts:44:5
    at async Promise.all (index 4)
    at async JsonRpcProvider.<anonymous> (/mnt/c/code/polybotv3/index.ts:43:4)
[2024-01-16T22:40:24.743] [ERROR] default - PROVIDER ERROR: Error: Reserves is undefined
    at new Prices (/mnt/c/code/polybotv3/scripts/v2/modules/prices.ts:18:10)
    at control (/mnt/c/code/polybotv3/scripts/v2/control.ts:44:16)
    at processTicksAndRejections (node:internal/process/task_queues:95:5)
    at async /mnt/c/code/polybotv3/index.ts:44:5
    at async Promise.all (index 20)
    at async JsonRpcProvider.<anonymous> (/mnt/c/code/polybotv3/index.ts:43:4)
[2024-01-16T22:40:25.796] [INFO] default - New block received: Block # 52408844
[2024-01-16T22:40:25.798] [INFO] default - New block received: Block # 52408845
[2024-01-16T22:40:25.799] [INFO] default - New block received: Block # 52408846
[2024-01-16T22:40:35.066] [INFO] default - New block received: Block # 52408847
[2024-01-16T22:40:35.131] [ERROR] default - Error (getReserves(0xcd353F79d9FADe311fC3119B841e1f456b54e858)): Error: missing revert data in call exception; Transaction reverted without a reason string [ See: https://links.ethers.org/v5-errors-CALL_EXCEPTION ] (data="0x", transaction={"from":"0x3018FB91d635D85bFc7590c611dE012db163e8a3","to":"0xcd353F79d9FADe311fC3119B841e1f456b54e858","data":"0x0902f1ac","accessList":null}, error={"reason":"failed response","code":"SERVER_ERROR","requestBody":"{\"method\":\"eth_call\",\"params\":[{\"from\":\"0x3018fb91d635d85bfc7590c611de012db163e8a3\",\"to\":\"0xcd353f79d9fade311fc3119b841e1f456b54e858\",\"data\":\"0x0902f1ac\"},\"latest\"],\"id\":727,\"jsonrpc\":\"2.0\"}","requestMethod":"POST","url":"https://polygon-mainnet.g.alchemy.com/v2/SYBkEnqFyPQHdAZr-TnaUVAmTKfvZZe-"}, code=CALL_EXCEPTION, version=providers/5.7.2)
[2024-01-16T22:40:35.131] [ERROR] default - Error: missing revert data in call exception; Transaction reverted without a reason string [ See: https://links.ethers.org/v5-errors-CALL_EXCEPTION ] (data="0x", transaction={"from":"0x3018FB91d635D85bFc7590c611dE012db163e8a3","to":"0xcd353F79d9FADe311fC3119B841e1f456b54e858","data":"0x0902f1ac","accessList":null}, error={"reason":"failed response","code":"SERVER_ERROR","requestBody":"{\"method\":\"eth_call\",\"params\":[{\"from\":\"0x3018fb91d635d85bfc7590c611de012db163e8a3\",\"to\":\"0xcd353f79d9fade311fc3119b841e1f456b54e858\",\"data\":\"0x0902f1ac\"},\"latest\"],\"id\":727,\"jsonrpc\":\"2.0\"}","requestMethod":"POST","url":"https://polygon-mainnet.g.alchemy.com/v2/SYBkEnqFyPQHdAZr-TnaUVAmTKfvZZe-"}, code=CALL_EXCEPTION, version=providers/5.7.2)
    at Logger.makeError (/mnt/c/code/polybotv3/node_modules/@ethersproject/logger/src.ts/index.ts:269:28)
    at Logger.throwError (/mnt/c/code/polybotv3/node_modules/@ethersproject/logger/src.ts/index.ts:281:20)
    at checkError (/mnt/c/code/polybotv3/node_modules/@ethersproject/providers/src.ts/json-rpc-provider.ts:66:16)
    at JsonRpcProvider.<anonymous> (/mnt/c/code/polybotv3/node_modules/@ethersproject/providers/src.ts/json-rpc-provider.ts:642:20)
    at step (/mnt/c/code/polybotv3/node_modules/@ethersproject/providers/lib/json-rpc-provider.js:48:23)
    at Object.throw (/mnt/c/code/polybotv3/node_modules/@ethersproject/providers/lib/json-rpc-provider.js:29:53)
    at rejected (/mnt/c/code/polybotv3/node_modules/@ethersproject/providers/lib/json-rpc-provider.js:21:65)
    at runNextTicks (node:internal/process/task_queues:60:5)
    at processTimers (node:internal/timers:511:9) {
  reason: 'missing revert data in call exception; Transaction reverted without a reason string',
  code: 'CALL_EXCEPTION',
  data: '0x',
  transaction: {
    from: '0x3018FB91d635D85bFc7590c611dE012db163e8a3',
    to: '0xcd353F79d9FADe311fC3119B841e1f456b54e858',
    data: '0x0902f1ac',
    accessList: null
  },
  error: Error: failed response (requestBody="{\"method\":\"eth_call\",\"params\":[{\"from\":\"0x3018fb91d635d85bfc7590c611de012db163e8a3\",\"to\":\"0xcd353f79d9fade311fc3119b841e1f456b54e858\",\"data\":\"0x0902f1ac\"},\"latest\"],\"id\":727,\"jsonrpc\":\"2.0\"}", requestMethod="POST", url="https://polygon-mainnet.g.alchemy.com/v2/SYBkEnqFyPQHdAZr-TnaUVAmTKfvZZe-", code=SERVER_ERROR, version=web/5.7.1)
      at Logger.makeError (/mnt/c/code/polybotv3/node_modules/@ethersproject/logger/src.ts/index.ts:269:28)
      at Logger.throwError (/mnt/c/code/polybotv3/node_modules/@ethersproject/logger/src.ts/index.ts:281:20)
      at /mnt/c/code/polybotv3/node_modules/@ethersproject/web/src.ts/index.ts:358:23
      at step (/mnt/c/code/polybotv3/node_modules/@ethersproject/web/lib/index.js:33:23)
      at Object.next (/mnt/c/code/polybotv3/node_modules/@ethersproject/web/lib/index.js:14:53)
      at fulfilled (/mnt/c/code/polybotv3/node_modules/@ethersproject/web/lib/index.js:5:58)
      at runNextTicks (node:internal/process/task_queues:60:5)
      at processTimers (node:internal/timers:511:9) {
    reason: 'failed response',
    code: 'SERVER_ERROR',
    requestBody: '{"method":"eth_call","params":[{"from":"0x3018fb91d635d85bfc7590c611de012db163e8a3","to":"0xcd353f79d9fade311fc3119b841e1f456b54e858","data":"0x0902f1ac"},"latest"],"id":727,"jsonrpc":"2.0"}',
    requestMethod: 'POST',
    url: 'https://polygon-mainnet.g.alchemy.com/v2/SYBkEnqFyPQHdAZr-TnaUVAmTKfvZZe-'
  }
}
[2024-01-16T22:40:35.144] [ERROR] default - PROVIDER ERROR: Error: Reserves is undefined
    at new Prices (/mnt/c/code/polybotv3/scripts/v2/modules/prices.ts:18:10)
    at control (/mnt/c/code/polybotv3/scripts/v2/control.ts:44:16)
    at runNextTicks (node:internal/process/task_queues:60:5)
    at processTimers (node:internal/timers:511:9)
    at async /mnt/c/code/polybotv3/index.ts:44:5
    at async Promise.all (index 18)
    at async JsonRpcProvider.<anonymous> (/mnt/c/code/polybotv3/index.ts:43:4)
[2024-01-16T22:40:35.176] [ERROR] default - Error (getReserves(0x019011032a7ac3A87eE885B6c08467AC46ad11CD)): Error: missing revert data in call exception; Transaction reverted without a reason string [ See: https://links.ethers.org/v5-errors-CALL_EXCEPTION ] (data="0x", transaction={"from":"0x3018FB91d635D85bFc7590c611dE012db163e8a3","to":"0x019011032a7ac3A87eE885B6c08467AC46ad11CD","data":"0x0902f1ac","accessList":null}, error={"reason":"missing response","code":"SERVER_ERROR","requestBody":"{\"method\":\"eth_call\",\"params\":[{\"from\":\"0x3018fb91d635d85bfc7590c611de012db163e8a3\",\"to\":\"0x019011032a7ac3a87ee885b6c08467ac46ad11cd\",\"data\":\"0x0902f1ac\"},\"latest\"],\"id\":7139,\"jsonrpc\":\"2.0\"}","requestMethod":"POST","serverError":{"code":"ETIMEDOUT"},"url":"https://polygon-mainnet.g.alchemy.com/v2/SYBkEnqFyPQHdAZr-TnaUVAmTKfvZZe-"}, code=CALL_EXCEPTION, version=providers/5.7.2)
[2024-01-16T22:40:35.177] [ERROR] default - Error: missing revert data in call exception; Transaction reverted without a reason string [ See: https://links.ethers.org/v5-errors-CALL_EXCEPTION ] (data="0x", transaction={"from":"0x3018FB91d635D85bFc7590c611dE012db163e8a3","to":"0x019011032a7ac3A87eE885B6c08467AC46ad11CD","data":"0x0902f1ac","accessList":null}, error={"reason":"missing response","code":"SERVER_ERROR","requestBody":"{\"method\":\"eth_call\",\"params\":[{\"from\":\"0x3018fb91d635d85bfc7590c611de012db163e8a3\",\"to\":\"0x019011032a7ac3a87ee885b6c08467ac46ad11cd\",\"data\":\"0x0902f1ac\"},\"latest\"],\"id\":7139,\"jsonrpc\":\"2.0\"}","requestMethod":"POST","serverError":{"code":"ETIMEDOUT"},"url":"https://polygon-mainnet.g.alchemy.com/v2/SYBkEnqFyPQHdAZr-TnaUVAmTKfvZZe-"}, code=CALL_EXCEPTION, version=providers/5.7.2)
    at Logger.makeError (/mnt/c/code/polybotv3/node_modules/@ethersproject/logger/src.ts/index.ts:269:28)
    at Logger.throwError (/mnt/c/code/polybotv3/node_modules/@ethersproject/logger/src.ts/index.ts:281:20)
    at checkError (/mnt/c/code/polybotv3/node_modules/@ethersproject/providers/src.ts/json-rpc-provider.ts:66:16)
    at JsonRpcProvider.<anonymous> (/mnt/c/code/polybotv3/node_modules/@ethersproject/providers/src.ts/json-rpc-provider.ts:642:20)
    at step (/mnt/c/code/polybotv3/node_modules/@ethersproject/providers/lib/json-rpc-provider.js:48:23)
    at Object.throw (/mnt/c/code/polybotv3/node_modules/@ethersproject/providers/lib/json-rpc-provider.js:29:53)
    at rejected (/mnt/c/code/polybotv3/node_modules/@ethersproject/providers/lib/json-rpc-provider.js:21:65)
    at processTicksAndRejections (node:internal/process/task_queues:95:5)
    at runNextTicks (node:internal/process/task_queues:64:3)
    at listOnTimeout (node:internal/timers:540:9)
    at processTimers (node:internal/timers:514:7) {
  reason: 'missing revert data in call exception; Transaction reverted without a reason string',
  code: 'CALL_EXCEPTION',
  data: '0x',
  transaction: {
    from: '0x3018FB91d635D85bFc7590c611dE012db163e8a3',
    to: '0x019011032a7ac3A87eE885B6c08467AC46ad11CD',
    data: '0x0902f1ac',
    accessList: null
  },
  error: Error: missing response (requestBody="{\"method\":\"eth_call\",\"params\":[{\"from\":\"0x3018fb91d635d85bfc7590c611de012db163e8a3\",\"to\":\"0x019011032a7ac3a87ee885b6c08467ac46ad11cd\",\"data\":\"0x0902f1ac\"},\"latest\"],\"id\":7139,\"jsonrpc\":\"2.0\"}", requestMethod="POST", serverError={"code":"ETIMEDOUT"}, url="https://polygon-mainnet.g.alchemy.com/v2/SYBkEnqFyPQHdAZr-TnaUVAmTKfvZZe-", code=SERVER_ERROR, version=web/5.7.1)
      at Logger.makeError (/mnt/c/code/polybotv3/node_modules/@ethersproject/logger/src.ts/index.ts:269:28)
      at Logger.throwError (/mnt/c/code/polybotv3/node_modules/@ethersproject/logger/src.ts/index.ts:281:20)
      at /mnt/c/code/polybotv3/node_modules/@ethersproject/web/src.ts/index.ts:292:28
      at step (/mnt/c/code/polybotv3/node_modules/@ethersproject/web/lib/index.js:33:23)
      at Object.throw (/mnt/c/code/polybotv3/node_modules/@ethersproject/web/lib/index.js:14:53)
      at rejected (/mnt/c/code/polybotv3/node_modules/@ethersproject/web/lib/index.js:6:65)
      at processTicksAndRejections (node:internal/process/task_queues:95:5)
      at runNextTicks (node:internal/process/task_queues:64:3)
      at listOnTimeout (node:internal/timers:540:9)
      at processTimers (node:internal/timers:514:7) {
    reason: 'missing response',
    code: 'SERVER_ERROR',
    requestBody: '{"method":"eth_call","params":[{"from":"0x3018fb91d635d85bfc7590c611de012db163e8a3","to":"0x019011032a7ac3a87ee885b6c08467ac46ad11cd","data":"0x0902f1ac"},"latest"],"id":7139,"jsonrpc":"2.0"}',
    requestMethod: 'POST',
    serverError: AggregateError
        at internalConnectMultiple (node:net:1116:18)
        at internalConnectMultiple (node:net:1184:5)
        at Timeout.internalConnectMultipleTimeout (node:net:1707:5)
        at listOnTimeout (node:internal/timers:575:11)
        at processTimers (node:internal/timers:514:7) {
      code: 'ETIMEDOUT',
      [errors]: [Array]
    },
    url: 'https://polygon-mainnet.g.alchemy.com/v2/SYBkEnqFyPQHdAZr-TnaUVAmTKfvZZe-'
  }
}
[2024-01-16T22:40:35.193] [ERROR] default - Error (getReserves(0xaC5D1a011aFD5C33Dcb3fdC8B2Ae5F4091080635)): Error: missing revert data in call exception; Transaction reverted without a reason string [ See: https://links.ethers.org/v5-errors-CALL_EXCEPTION ] (data="0x", transaction={"from":"0x3018FB91d635D85bFc7590c611dE012db163e8a3","to":"0xaC5D1a011aFD5C33Dcb3fdC8B2Ae5F4091080635","data":"0x0902f1ac","accessList":null}, error={"reason":"missing response","code":"SERVER_ERROR","requestBody":"{\"method\":\"eth_call\",\"params\":[{\"from\":\"0x3018fb91d635d85bfc7590c611de012db163e8a3\",\"to\":\"0xac5d1a011afd5c33dcb3fdc8b2ae5f4091080635\",\"data\":\"0x0902f1ac\"},\"latest\"],\"id\":7146,\"jsonrpc\":\"2.0\"}","requestMethod":"POST","serverError":{"code":"ETIMEDOUT"},"url":"https://polygon-mainnet.g.alchemy.com/v2/SYBkEnqFyPQHdAZr-TnaUVAmTKfvZZe-"}, code=CALL_EXCEPTION, version=providers/5.7.2)
[2024-01-16T22:40:35.194] [ERROR] default - Error: missing revert data in call exception; Transaction reverted without a reason string [ See: https://links.ethers.org/v5-errors-CALL_EXCEPTION ] (data="0x", transaction={"from":"0x3018FB91d635D85bFc7590c611dE012db163e8a3","to":"0xaC5D1a011aFD5C33Dcb3fdC8B2Ae5F4091080635","data":"0x0902f1ac","accessList":null}, error={"reason":"missing response","code":"SERVER_ERROR","requestBody":"{\"method\":\"eth_call\",\"params\":[{\"from\":\"0x3018fb91d635d85bfc7590c611de012db163e8a3\",\"to\":\"0xac5d1a011afd5c33dcb3fdc8b2ae5f4091080635\",\"data\":\"0x0902f1ac\"},\"latest\"],\"id\":7146,\"jsonrpc\":\"2.0\"}","requestMethod":"POST","serverError":{"code":"ETIMEDOUT"},"url":"https://polygon-mainnet.g.alchemy.com/v2/SYBkEnqFyPQHdAZr-TnaUVAmTKfvZZe-"}, code=CALL_EXCEPTION, version=providers/5.7.2)
    at Logger.makeError (/mnt/c/code/polybotv3/node_modules/@ethersproject/logger/src.ts/index.ts:269:28)
    at Logger.throwError (/mnt/c/code/polybotv3/node_modules/@ethersproject/logger/src.ts/index.ts:281:20)
    at checkError (/mnt/c/code/polybotv3/node_modules/@ethersproject/providers/src.ts/json-rpc-provider.ts:66:16)
    at JsonRpcProvider.<anonymous> (/mnt/c/code/polybotv3/node_modules/@ethersproject/providers/src.ts/json-rpc-provider.ts:642:20)
    at step (/mnt/c/code/polybotv3/node_modules/@ethersproject/providers/lib/json-rpc-provider.js:48:23)
    at Object.throw (/mnt/c/code/polybotv3/node_modules/@ethersproject/providers/lib/json-rpc-provider.js:29:53)
    at rejected (/mnt/c/code/polybotv3/node_modules/@ethersproject/providers/lib/json-rpc-provider.js:21:65)
    at processTicksAndRejections (node:internal/process/task_queues:95:5) {
  reason: 'missing revert data in call exception; Transaction reverted without a reason string',
  code: 'CALL_EXCEPTION',
  data: '0x',
  transaction: {
    from: '0x3018FB91d635D85bFc7590c611dE012db163e8a3',
    to: '0xaC5D1a011aFD5C33Dcb3fdC8B2Ae5F4091080635',
    data: '0x0902f1ac',
    accessList: null
  },
  error: Error: missing response (requestBody="{\"method\":\"eth_call\",\"params\":[{\"from\":\"0x3018fb91d635d85bfc7590c611de012db163e8a3\",\"to\":\"0xac5d1a011afd5c33dcb3fdc8b2ae5f4091080635\",\"data\":\"0x0902f1ac\"},\"latest\"],\"id\":7146,\"jsonrpc\":\"2.0\"}", requestMethod="POST", serverError={"code":"ETIMEDOUT"}, url="https://polygon-mainnet.g.alchemy.com/v2/SYBkEnqFyPQHdAZr-TnaUVAmTKfvZZe-", code=SERVER_ERROR, version=web/5.7.1)
      at Logger.makeError (/mnt/c/code/polybotv3/node_modules/@ethersproject/logger/src.ts/index.ts:269:28)
      at Logger.throwError (/mnt/c/code/polybotv3/node_modules/@ethersproject/logger/src.ts/index.ts:281:20)
      at /mnt/c/code/polybotv3/node_modules/@ethersproject/web/src.ts/index.ts:292:28
      at step (/mnt/c/code/polybotv3/node_modules/@ethersproject/web/lib/index.js:33:23)
      at Object.throw (/mnt/c/code/polybotv3/node_modules/@ethersproject/web/lib/index.js:14:53)
      at rejected (/mnt/c/code/polybotv3/node_modules/@ethersproject/web/lib/index.js:6:65)
      at processTicksAndRejections (node:internal/process/task_queues:95:5) {
    reason: 'missing response',
    code: 'SERVER_ERROR',
    requestBody: '{"method":"eth_call","params":[{"from":"0x3018fb91d635d85bfc7590c611de012db163e8a3","to":"0xac5d1a011afd5c33dcb3fdc8b2ae5f4091080635","data":"0x0902f1ac"},"latest"],"id":7146,"jsonrpc":"2.0"}',
    requestMethod: 'POST',
    serverError: AggregateError
        at internalConnectMultiple (node:net:1116:18)
        at internalConnectMultiple (node:net:1184:5)
        at Timeout.internalConnectMultipleTimeout (node:net:1707:5)
        at listOnTimeout (node:internal/timers:575:11)
        at processTimers (node:internal/timers:514:7) {
      code: 'ETIMEDOUT',
      [errors]: [Array]
    },
    url: 'https://polygon-mainnet.g.alchemy.com/v2/SYBkEnqFyPQHdAZr-TnaUVAmTKfvZZe-'
  }
}
[2024-01-16T22:40:39.793] [INFO] default - New block received: Block # 52408848
[2024-01-16T22:40:39.795] [INFO] default - New block received: Block # 52408849
[2024-01-16T22:40:39.935] [ERROR] default - Error (getReserves(0xb965c131f1C48d89B1760860b782D2aCDF87273b)): Error: missing revert data in call exception; Transaction reverted without a reason string [ See: https://links.ethers.org/v5-errors-CALL_EXCEPTION ] (data="0x", transaction={"from":"0x3018FB91d635D85bFc7590c611dE012db163e8a3","to":"0xb965c131f1C48d89B1760860b782D2aCDF87273b","data":"0x0902f1ac","accessList":null}, error={"reason":"failed response","code":"SERVER_ERROR","requestBody":"{\"method\":\"eth_call\",\"params\":[{\"from\":\"0x3018fb91d635d85bfc7590c611de012db163e8a3\",\"to\":\"0xb965c131f1c48d89b1760860b782d2acdf87273b\",\"data\":\"0x0902f1ac\"},\"latest\"],\"id\":4118,\"jsonrpc\":\"2.0\"}","requestMethod":"POST","url":"https://polygon-mainnet.g.alchemy.com/v2/SYBkEnqFyPQHdAZr-TnaUVAmTKfvZZe-"}, code=CALL_EXCEPTION, version=providers/5.7.2)
[2024-01-17T20:53:03.932] [ERROR] default - TELEGRAM ERROR: Telegram bot token not found in environment variables
[2024-01-17T20:53:08.083] [INFO] default - New block received: Block # 51505874
[2024-01-17T20:53:08.249] [INFO] default - New block received: Block # 51505875
[2024-01-17T20:53:14.387] [INFO] default - New block received: Block # 51505876
[2024-01-17T20:53:14.417] [INFO] default - New block received: Block # 51505877
[2024-01-17T20:53:19.402] [INFO] default - New block received: Block # 51505878
[2024-01-17T20:53:19.415] [INFO] default - New block received: Block # 51505879
[2024-01-17T20:53:26.530] [INFO] default - New block received: Block # 51505880
[2024-01-17T20:53:26.543] [INFO] default - New block received: Block # 51505881
[2024-01-17T20:53:26.550] [INFO] default - New block received: Block # 51505882
[2024-01-17T20:53:36.690] [INFO] default - New block received: Block # 51505883
[2024-01-17T20:53:36.738] [INFO] default - New block received: Block # 51505884
[2024-01-17T20:53:36.792] [INFO] default - New block received: Block # 51505885
[2024-01-17T20:53:48.960] [INFO] default - New block received: Block # 51505886
[2024-01-17T20:53:48.994] [INFO] default - New block received: Block # 51505887
[2024-01-17T20:53:49.213] [INFO] default - New block received: Block # 51505888
[2024-01-17T20:54:00.012] [INFO] default - New block received: Block # 51505889
[2024-01-17T20:54:00.138] [INFO] default - New block received: Block # 51505890
[2024-01-17T20:54:00.309] [INFO] default - New block received: Block # 51505891
[2024-01-17T20:54:02.340] [ERROR] default - Error (getReserves(0x8929D3FEa77398F64448c85015633c2d6472fB29)): Error: read ECONNRESET
[2024-01-17T20:54:02.340] [ERROR] default - Error: read ECONNRESET
    at TCP.onStreamRead (node:internal/stream_base_commons:217:20) {
  errno: -104,
  code: 'ECONNRESET',
  syscall: 'read'
}
[2024-01-17T20:54:02.343] [ERROR] default - Error (getReserves(0xB2B39B54a82aEDcab018Eb601e8FCD19bC6Ec8Ab)): Error: read ECONNRESET
[2024-01-17T20:54:02.343] [ERROR] default - Error: read ECONNRESET
    at TCP.onStreamRead (node:internal/stream_base_commons:217:20) {
  errno: -104,
  code: 'ECONNRESET',
  syscall: 'read'
}
[2024-01-17T20:54:02.344] [ERROR] default - Error (getReserves(0xB2B39B54a82aEDcab018Eb601e8FCD19bC6Ec8Ab)): Error: read ECONNRESET
[2024-01-17T20:54:02.344] [ERROR] default - Error: read ECONNRESET
    at TCP.onStreamRead (node:internal/stream_base_commons:217:20) {
  errno: -104,
  code: 'ECONNRESET',
  syscall: 'read'
}
[2024-01-17T20:54:02.345] [ERROR] default - Error (getReserves(0x604229c960e5CACF2aaEAc8Be68Ac07BA9dF81c3)): Error: read ECONNRESET
[2024-01-17T20:54:02.345] [ERROR] default - Error: read ECONNRESET
    at TCP.onStreamRead (node:internal/stream_base_commons:217:20) {
  errno: -104,
  code: 'ECONNRESET',
  syscall: 'read'
}
[2024-01-17T20:54:02.346] [ERROR] default - Error (getReserves(0x604229c960e5CACF2aaEAc8Be68Ac07BA9dF81c3)): Error: read ECONNRESET
[2024-01-17T20:54:02.346] [ERROR] default - Error: read ECONNRESET
    at TCP.onStreamRead (node:internal/stream_base_commons:217:20) {
  errno: -104,
  code: 'ECONNRESET',
  syscall: 'read'
}
[2024-01-17T20:54:02.347] [ERROR] default - Error (getReserves(0xCD578F016888B57F1b1e3f887f392F0159E26747)): Error: read ECONNRESET
[2024-01-17T20:54:02.347] [ERROR] default - Error: read ECONNRESET
    at TCP.onStreamRead (node:internal/stream_base_commons:217:20) {
  errno: -104,
  code: 'ECONNRESET',
  syscall: 'read'
}
[2024-01-17T20:54:02.348] [ERROR] default - Error (getReserves(0xCD578F016888B57F1b1e3f887f392F0159E26747)): Error: read ECONNRESET
[2024-01-17T20:54:02.348] [ERROR] default - Error: read ECONNRESET
    at TCP.onStreamRead (node:internal/stream_base_commons:217:20) {
  errno: -104,
  code: 'ECONNRESET',
  syscall: 'read'
}
[2024-01-17T20:54:02.349] [ERROR] default - Error (getReserves(0xa789324E64268C5385eA7678435Fa83532705B0F)): Error: read ECONNRESET
[2024-01-17T20:54:02.349] [ERROR] default - Error: read ECONNRESET
    at TCP.onStreamRead (node:internal/stream_base_commons:217:20) {
  errno: -104,
  code: 'ECONNRESET',
  syscall: 'read'
}
[2024-01-17T20:54:02.358] [ERROR] default - Error (getReserves(0xa789324E64268C5385eA7678435Fa83532705B0F)): Error: read ECONNRESET
[2024-01-17T20:54:02.358] [ERROR] default - Error: read ECONNRESET
    at TCP.onStreamRead (node:internal/stream_base_commons:217:20) {
  errno: -104,
  code: 'ECONNRESET',
  syscall: 'read'
}
[2024-01-17T20:54:02.359] [ERROR] default - Error (getReserves(0x55FF76BFFC3Cdd9D5FdbBC2ece4528ECcE45047e)): Error: read ECONNRESET
[2024-01-17T20:54:02.359] [ERROR] default - Error: read ECONNRESET
    at TCP.onStreamRead (node:internal/stream_base_commons:217:20) {
  errno: -104,
  code: 'ECONNRESET',
  syscall: 'read'
}
[2024-01-17T20:54:02.360] [ERROR] default - Error (getReserves(0x55FF76BFFC3Cdd9D5FdbBC2ece4528ECcE45047e)): Error: read ECONNRESET
[2024-01-17T20:54:02.360] [ERROR] default - Error: read ECONNRESET
    at TCP.onStreamRead (node:internal/stream_base_commons:217:20) {
  errno: -104,
  code: 'ECONNRESET',
  syscall: 'read'
}
[2024-01-17T20:54:02.361] [ERROR] default - Error (getReserves(0xf04adBF75cDFc5eD26eeA4bbbb991DB002036Bdd)): Error: read ECONNRESET
[2024-01-17T20:54:02.361] [ERROR] default - Error: read ECONNRESET
    at TCP.onStreamRead (node:internal/stream_base_commons:217:20) {
  errno: -104,
  code: 'ECONNRESET',
  syscall: 'read'
}
[2024-01-17T20:54:02.361] [ERROR] default - Error (getReserves(0xf04adBF75cDFc5eD26eeA4bbbb991DB002036Bdd)): Error: read ECONNRESET
[2024-01-17T20:54:02.362] [ERROR] default - Error: read ECONNRESET
    at TCP.onStreamRead (node:internal/stream_base_commons:217:20) {
  errno: -104,
  code: 'ECONNRESET',
  syscall: 'read'
}
[2024-01-17T20:54:02.362] [ERROR] default - Error (getReserves(0x6e7a5FAFcec6BB1e78bAE2A1F0B612012BF14827)): Error: read ECONNRESET
[2024-01-17T20:54:02.362] [ERROR] default - Error: read ECONNRESET
    at TCP.onStreamRead (node:internal/stream_base_commons:217:20) {
  errno: -104,
  code: 'ECONNRESET',
  syscall: 'read'
}
[2024-01-17T20:54:02.363] [ERROR] default - Error (getReserves(0x6e7a5FAFcec6BB1e78bAE2A1F0B612012BF14827)): Error: read ECONNRESET
[2024-01-17T20:54:02.363] [ERROR] default - Error: read ECONNRESET
    at TCP.onStreamRead (node:internal/stream_base_commons:217:20) {
  errno: -104,
  code: 'ECONNRESET',
  syscall: 'read'
}
[2024-01-17T20:54:02.363] [ERROR] default - Error (getReserves(0x34965ba0ac2451A34a0471F04CCa3F990b8dea27)): Error: read ECONNRESET
[2024-01-17T20:54:02.363] [ERROR] default - Error: read ECONNRESET
    at TCP.onStreamRead (node:internal/stream_base_commons:217:20) {
  errno: -104,
  code: 'ECONNRESET',
  syscall: 'read'
}
[2024-01-17T20:54:02.364] [ERROR] default - Error (getReserves(0x34965ba0ac2451A34a0471F04CCa3F990b8dea27)): Error: read ECONNRESET
[2024-01-17T20:54:02.364] [ERROR] default - Error: read ECONNRESET
    at TCP.onStreamRead (node:internal/stream_base_commons:217:20) {
  errno: -104,
  code: 'ECONNRESET',
  syscall: 'read'
}
[2024-01-17T20:54:02.374] [ERROR] default - Error (getReserves(0xcd353F79d9FADe311fC3119B841e1f456b54e858)): Error: read ECONNRESET
[2024-01-17T20:54:02.374] [ERROR] default - Error: read ECONNRESET
    at TCP.onStreamRead (node:internal/stream_base_commons:217:20) {
  errno: -104,
  code: 'ECONNRESET',
  syscall: 'read'
}
[2024-01-17T20:54:02.374] [ERROR] default - Error (getReserves(0xcd353F79d9FADe311fC3119B841e1f456b54e858)): Error: read ECONNRESET
[2024-01-17T20:54:02.375] [ERROR] default - Error: read ECONNRESET
    at TCP.onStreamRead (node:internal/stream_base_commons:217:20) {
  errno: -104,
  code: 'ECONNRESET',
  syscall: 'read'
}
[2024-01-17T20:54:02.375] [ERROR] default - Error (getReserves(0x6e7a5FAFcec6BB1e78bAE2A1F0B612012BF14827)): Error: read ECONNRESET
[2024-01-17T20:54:02.375] [ERROR] default - Error: read ECONNRESET
    at TCP.onStreamRead (node:internal/stream_base_commons:217:20) {
  errno: -104,
  code: 'ECONNRESET',
  syscall: 'read'
}
[2024-01-17T20:54:02.375] [ERROR] default - Error (getReserves(0x6e7a5FAFcec6BB1e78bAE2A1F0B612012BF14827)): Error: read ECONNRESET
[2024-01-17T20:54:02.376] [ERROR] default - Error: read ECONNRESET
    at TCP.onStreamRead (node:internal/stream_base_commons:217:20) {
  errno: -104,
  code: 'ECONNRESET',
  syscall: 'read'
}
[2024-01-17T20:54:02.376] [ERROR] default - Error (getReserves(0xcd353F79d9FADe311fC3119B841e1f456b54e858)): Error: read ECONNRESET
[2024-01-17T20:54:02.376] [ERROR] default - Error: read ECONNRESET
    at TCP.onStreamRead (node:internal/stream_base_commons:217:20) {
  errno: -104,
  code: 'ECONNRESET',
  syscall: 'read'
}
[2024-01-17T20:54:02.377] [ERROR] default - Error (getReserves(0xcd353F79d9FADe311fC3119B841e1f456b54e858)): Error: read ECONNRESET
[2024-01-17T20:54:02.377] [ERROR] default - Error: read ECONNRESET
    at TCP.onStreamRead (node:internal/stream_base_commons:217:20) {
  errno: -104,
  code: 'ECONNRESET',
  syscall: 'read'
}
[2024-01-17T20:54:02.377] [ERROR] default - Error (getReserves(0xA2937659873ef52Da71a399e4079EBb2a7e5fFF6)): Error: read ECONNRESET
[2024-01-17T20:54:02.377] [ERROR] default - Error: read ECONNRESET
    at TCP.onStreamRead (node:internal/stream_base_commons:217:20) {
  errno: -104,
  code: 'ECONNRESET',
  syscall: 'read'
}
[2024-01-17T20:54:02.378] [ERROR] default - Error (getReserves(0xA2937659873ef52Da71a399e4079EBb2a7e5fFF6)): Error: read ECONNRESET
[2024-01-17T20:54:02.378] [ERROR] default - Error: read ECONNRESET
    at TCP.onStreamRead (node:internal/stream_base_commons:217:20) {
  errno: -104,
  code: 'ECONNRESET',
  syscall: 'read'
}
[2024-01-17T20:54:02.379] [ERROR] default - Error (getReserves(0xdc30d23c4D1195a9e8D35452d72d754572d1cE1c)): Error: read ECONNRESET
[2024-01-17T20:54:02.379] [ERROR] default - Error: read ECONNRESET
    at TCP.onStreamRead (node:internal/stream_base_commons:217:20) {
  errno: -104,
  code: 'ECONNRESET',
  syscall: 'read'
}
[2024-01-17T20:54:02.379] [ERROR] default - Error (getReserves(0xdc30d23c4D1195a9e8D35452d72d754572d1cE1c)): Error: read ECONNRESET
[2024-01-17T20:54:02.379] [ERROR] default - Error: read ECONNRESET
    at TCP.onStreamRead (node:internal/stream_base_commons:217:20) {
  errno: -104,
  code: 'ECONNRESET',
  syscall: 'read'
}
[2024-01-17T20:54:02.390] [ERROR] default - Error (getReserves(0xEEf611894CeaE652979C9D0DaE1dEb597790C6eE)): Error: read ECONNRESET
[2024-01-17T20:54:02.390] [ERROR] default - Error: read ECONNRESET
    at TCP.onStreamRead (node:internal/stream_base_commons:217:20) {
  errno: -104,
  code: 'ECONNRESET',
  syscall: 'read'
}
[2024-01-17T20:54:02.390] [ERROR] default - Error (getReserves(0xEEf611894CeaE652979C9D0DaE1dEb597790C6eE)): Error: read ECONNRESET
[2024-01-17T20:54:02.391] [ERROR] default - Error: read ECONNRESET
    at TCP.onStreamRead (node:internal/stream_base_commons:217:20) {
  errno: -104,
  code: 'ECONNRESET',
  syscall: 'read'
}
[2024-01-17T20:54:02.391] [ERROR] default - Error (getReserves(0xaC5D1a011aFD5C33Dcb3fdC8B2Ae5F4091080635)): Error: read ECONNRESET
[2024-01-17T20:54:02.391] [ERROR] default - Error: read ECONNRESET
    at TCP.onStreamRead (node:internal/stream_base_commons:217:20) {
  errno: -104,
  code: 'ECONNRESET',
  syscall: 'read'
}
[2024-01-17T20:54:02.391] [ERROR] default - Error (getReserves(0xaC5D1a011aFD5C33Dcb3fdC8B2Ae5F4091080635)): Error: read ECONNRESET
[2024-01-17T20:54:02.392] [ERROR] default - Error: read ECONNRESET
    at TCP.onStreamRead (node:internal/stream_base_commons:217:20) {
  errno: -104,
  code: 'ECONNRESET',
  syscall: 'read'
}
[2024-01-17T20:54:02.392] [ERROR] default - Error (getReserves(0x9cE65ae286e74f1268D19aB9b25f102C25DbDCb4)): Error: read ECONNRESET
[2024-01-17T20:54:02.392] [ERROR] default - Error: read ECONNRESET
    at TCP.onStreamRead (node:internal/stream_base_commons:217:20) {
  errno: -104,
  code: 'ECONNRESET',
  syscall: 'read'
}
[2024-01-17T20:54:02.392] [ERROR] default - Error (getReserves(0x9cE65ae286e74f1268D19aB9b25f102C25DbDCb4)): Error: read ECONNRESET
[2024-01-17T20:54:02.392] [ERROR] default - Error: read ECONNRESET
    at TCP.onStreamRead (node:internal/stream_base_commons:217:20) {
  errno: -104,
  code: 'ECONNRESET',
  syscall: 'read'
}
[2024-01-17T20:54:02.393] [ERROR] default - Error (getReserves(0xa789324E64268C5385eA7678435Fa83532705B0F)): Error: read ECONNRESET
[2024-01-17T20:54:02.393] [ERROR] default - Error: read ECONNRESET
    at TCP.onStreamRead (node:internal/stream_base_commons:217:20) {
  errno: -104,
  code: 'ECONNRESET',
  syscall: 'read'
}
[2024-01-17T20:54:02.393] [ERROR] default - Error (getReserves(0xa789324E64268C5385eA7678435Fa83532705B0F)): Error: read ECONNRESET
[2024-01-17T20:54:02.393] [ERROR] default - Error: read ECONNRESET
    at TCP.onStreamRead (node:internal/stream_base_commons:217:20) {
  errno: -104,
  code: 'ECONNRESET',
  syscall: 'read'
}
[2024-01-17T20:54:02.394] [ERROR] default - Error (getReserves(0x4A53119dd905fD39ccC532C68e69505dfB47fc2C)): Error: read ECONNRESET
[2024-01-17T20:54:02.394] [ERROR] default - Error: read ECONNRESET
    at TCP.onStreamRead (node:internal/stream_base_commons:217:20) {
  errno: -104,
  code: 'ECONNRESET',
  syscall: 'read'
}
[2024-01-17T20:54:02.394] [ERROR] default - Error (getReserves(0x4A53119dd905fD39ccC532C68e69505dfB47fc2C)): Error: read ECONNRESET
[2024-01-17T20:54:02.394] [ERROR] default - Error: read ECONNRESET
    at TCP.onStreamRead (node:internal/stream_base_commons:217:20) {
  errno: -104,
  code: 'ECONNRESET',
  syscall: 'read'
}
[2024-01-17T20:54:02.395] [ERROR] default - Error (getReserves(0x384c1b95027B73a98FE31Ea5B4B7b031b9ddD724)): Error: read ECONNRESET
[2024-01-17T20:54:02.395] [ERROR] default - Error: read ECONNRESET
    at TCP.onStreamRead (node:internal/stream_base_commons:217:20) {
  errno: -104,
  code: 'ECONNRESET',
  syscall: 'read'
}
[2024-01-17T20:54:02.395] [ERROR] default - Error (getReserves(0x384c1b95027B73a98FE31Ea5B4B7b031b9ddD724)): Error: read ECONNRESET
[2024-01-17T20:54:02.395] [ERROR] default - Error: read ECONNRESET
    at TCP.onStreamRead (node:internal/stream_base_commons:217:20) {
  errno: -104,
  code: 'ECONNRESET',
  syscall: 'read'
}
[2024-01-17T20:54:02.396] [ERROR] default - Error (getReserves(0xaC5D1a011aFD5C33Dcb3fdC8B2Ae5F4091080635)): Error: read ECONNRESET
[2024-01-17T20:54:02.396] [ERROR] default - Error: read ECONNRESET
    at TCP.onStreamRead (node:internal/stream_base_commons:217:20) {
  errno: -104,
  code: 'ECONNRESET',
  syscall: 'read'
}
[2024-01-17T20:54:02.396] [ERROR] default - Error (getReserves(0xaC5D1a011aFD5C33Dcb3fdC8B2Ae5F4091080635)): Error: read ECONNRESET
[2024-01-17T20:54:02.396] [ERROR] default - Error: read ECONNRESET
    at TCP.onStreamRead (node:internal/stream_base_commons:217:20) {
  errno: -104,
  code: 'ECONNRESET',
  syscall: 'read'
}
[2024-01-17T20:54:02.472] [ERROR] default - PROVIDER ERROR: Error: Reserves is undefined
    at new Prices (/mnt/c/code/polybotv3/scripts/v2/modules/prices.ts:15:10)
    at control (/mnt/c/code/polybotv3/scripts/v2/control.ts:44:16)
    at processTicksAndRejections (node:internal/process/task_queues:95:5)
    at async /mnt/c/code/polybotv3/index.ts:44:5
    at async Promise.all (index 8)
    at async JsonRpcProvider.<anonymous> (/mnt/c/code/polybotv3/index.ts:43:4)
[2024-01-17T20:54:02.473] [ERROR] default - PROVIDER ERROR: Error: Reserves is undefined
    at new Prices (/mnt/c/code/polybotv3/scripts/v2/modules/prices.ts:15:10)
    at control (/mnt/c/code/polybotv3/scripts/v2/control.ts:44:16)
    at processTicksAndRejections (node:internal/process/task_queues:95:5)
    at async /mnt/c/code/polybotv3/index.ts:44:5
    at async Promise.all (index 0)
    at async JsonRpcProvider.<anonymous> (/mnt/c/code/polybotv3/index.ts:43:4)
[2024-01-17T20:54:02.477] [ERROR] default - Error (getReserves(0x65D43B64E3B31965Cd5EA367D4c2b94c03084797)): Error: read ECONNRESET
[2024-01-17T20:54:02.478] [ERROR] default - Error: read ECONNRESET
    at TCP.onStreamRead (node:internal/stream_base_commons:217:20) {
  errno: -104,
  code: 'ECONNRESET',
  syscall: 'read'
}
[2024-01-17T20:54:02.478] [ERROR] default - Error (getReserves(0xFEFF91C350bB564cA5Dc7D6F7DcD12ac092F94FF)): Error: read ECONNRESET
[2024-01-17T20:54:02.478] [ERROR] default - Error: read ECONNRESET
    at TCP.onStreamRead (node:internal/stream_base_commons:217:20) {
  errno: -104,
  code: 'ECONNRESET',
  syscall: 'read'
}
[2024-01-17T20:54:02.478] [ERROR] default - Error (getReserves(0xFEFF91C350bB564cA5Dc7D6F7DcD12ac092F94FF)): Error: read ECONNRESET
[2024-01-17T20:54:02.479] [ERROR] default - Error: read ECONNRESET
    at TCP.onStreamRead (node:internal/stream_base_commons:217:20) {
  errno: -104,
  code: 'ECONNRESET',
  syscall: 'read'
}
[2024-01-17T20:54:02.479] [ERROR] default - Error (getReserves(0xFEFF91C350bB564cA5Dc7D6F7DcD12ac092F94FF)): Error: read ECONNRESET
[2024-01-17T20:54:02.489] [ERROR] default - Error: read ECONNRESET
    at TCP.onStreamRead (node:internal/stream_base_commons:217:20) {
  errno: -104,
  code: 'ECONNRESET',
  syscall: 'read'
}
[2024-01-17T20:54:02.489] [ERROR] default - Error (getReserves(0xFEFF91C350bB564cA5Dc7D6F7DcD12ac092F94FF)): Error: read ECONNRESET
[2024-01-17T20:54:02.489] [ERROR] default - Error: read ECONNRESET
    at TCP.onStreamRead (node:internal/stream_base_commons:217:20) {
  errno: -104,
  code: 'ECONNRESET',
  syscall: 'read'
}
[2024-01-17T20:54:02.489] [ERROR] default - Error (getReserves(0x3B02A89628A375FAf4FC5eC83566801E9d9DCE02)): Error: read ECONNRESET
[2024-01-17T20:54:02.490] [ERROR] default - Error: read ECONNRESET
    at TCP.onStreamRead (node:internal/stream_base_commons:217:20) {
  errno: -104,
  code: 'ECONNRESET',
  syscall: 'read'
}
[2024-01-17T20:54:02.490] [ERROR] default - Error (getReserves(0x3B02A89628A375FAf4FC5eC83566801E9d9DCE02)): Error: read ECONNRESET
[2024-01-17T20:54:02.490] [ERROR] default - Error: read ECONNRESET
    at TCP.onStreamRead (node:internal/stream_base_commons:217:20) {
  errno: -104,
  code: 'ECONNRESET',
  syscall: 'read'
}
[2024-01-17T20:54:02.491] [ERROR] default - Error (getReserves(0xFEFF91C350bB564cA5Dc7D6F7DcD12ac092F94FF)): Error: read ECONNRESET
[2024-01-17T20:54:02.491] [ERROR] default - Error: read ECONNRESET
    at TCP.onStreamRead (node:internal/stream_base_commons:217:20) {
  errno: -104,
  code: 'ECONNRESET',
  syscall: 'read'
}
[2024-01-17T20:54:02.491] [ERROR] default - Error (getReserves(0xFEFF91C350bB564cA5Dc7D6F7DcD12ac092F94FF)): Error: read ECONNRESET
[2024-01-17T20:54:02.491] [ERROR] default - Error: read ECONNRESET
    at TCP.onStreamRead (node:internal/stream_base_commons:217:20) {
  errno: -104,
  code: 'ECONNRESET',
  syscall: 'read'
}
[2024-01-17T20:54:02.491] [ERROR] default - Error (getReserves(0xFEFF91C350bB564cA5Dc7D6F7DcD12ac092F94FF)): Error: read ECONNRESET
[2024-01-17T20:54:02.491] [ERROR] default - Error: read ECONNRESET
    at TCP.onStreamRead (node:internal/stream_base_commons:217:20) {
  errno: -104,
  code: 'ECONNRESET',
  syscall: 'read'
}
[2024-01-17T20:54:02.492] [ERROR] default - Error (getReserves(0xFEFF91C350bB564cA5Dc7D6F7DcD12ac092F94FF)): Error: read ECONNRESET
[2024-01-17T20:54:02.492] [ERROR] default - Error: read ECONNRESET
    at TCP.onStreamRead (node:internal/stream_base_commons:217:20) {
  errno: -104,
  code: 'ECONNRESET',
  syscall: 'read'
}
[2024-01-17T20:54:02.492] [ERROR] default - Error (getReserves(0x9cE65ae286e74f1268D19aB9b25f102C25DbDCb4)): Error: read ECONNRESET
[2024-01-17T20:54:02.492] [ERROR] default - Error: read ECONNRESET
    at TCP.onStreamRead (node:internal/stream_base_commons:217:20) {
  errno: -104,
  code: 'ECONNRESET',
  syscall: 'read'
}
[2024-01-17T20:54:02.492] [ERROR] default - Error (getReserves(0x9cE65ae286e74f1268D19aB9b25f102C25DbDCb4)): Error: read ECONNRESET
[2024-01-17T20:54:02.492] [ERROR] default - Error: read ECONNRESET
    at TCP.onStreamRead (node:internal/stream_base_commons:217:20) {
  errno: -104,
  code: 'ECONNRESET',
  syscall: 'read'
}
[2024-01-17T20:54:02.493] [ERROR] default - Error (getReserves(0x8C26252B14F9b071585B81b240C4ae2176E8cD3C)): Error: read ECONNRESET
[2024-01-17T20:54:02.493] [ERROR] default - Error: read ECONNRESET
    at TCP.onStreamRead (node:internal/stream_base_commons:217:20) {
  errno: -104,
  code: 'ECONNRESET',
  syscall: 'read'
}
[2024-01-17T20:54:02.493] [ERROR] default - Error (getReserves(0x8C26252B14F9b071585B81b240C4ae2176E8cD3C)): Error: read ECONNRESET
[2024-01-17T20:54:02.493] [ERROR] default - Error: read ECONNRESET
    at TCP.onStreamRead (node:internal/stream_base_commons:217:20) {
  errno: -104,
  code: 'ECONNRESET',
  syscall: 'read'
}
[2024-01-17T20:54:02.493] [ERROR] default - Error (getReserves(0x6e7a5FAFcec6BB1e78bAE2A1F0B612012BF14827)): Error: read ECONNRESET
[2024-01-17T20:54:02.494] [ERROR] default - Error: read ECONNRESET
    at TCP.onStreamRead (node:internal/stream_base_commons:217:20) {
  errno: -104,
  code: 'ECONNRESET',
  syscall: 'read'
}
[2024-01-17T20:54:02.494] [ERROR] default - Error (getReserves(0x6e7a5FAFcec6BB1e78bAE2A1F0B612012BF14827)): Error: read ECONNRESET
[2024-01-17T20:54:02.494] [ERROR] default - Error: read ECONNRESET
    at TCP.onStreamRead (node:internal/stream_base_commons:217:20) {
  errno: -104,
  code: 'ECONNRESET',
  syscall: 'read'
}
[2024-01-17T20:54:02.494] [ERROR] default - Error (getReserves(0x8C26252B14F9b071585B81b240C4ae2176E8cD3C)): Error: read ECONNRESET
[2024-01-17T20:54:02.494] [ERROR] default - Error: read ECONNRESET
    at TCP.onStreamRead (node:internal/stream_base_commons:217:20) {
  errno: -104,
  code: 'ECONNRESET',
  syscall: 'read'
}
[2024-01-17T20:54:02.495] [ERROR] default - Error (getReserves(0x8C26252B14F9b071585B81b240C4ae2176E8cD3C)): Error: read ECONNRESET
[2024-01-17T20:54:02.495] [ERROR] default - Error: read ECONNRESET
    at TCP.onStreamRead (node:internal/stream_base_commons:217:20) {
  errno: -104,
  code: 'ECONNRESET',
  syscall: 'read'
}
[2024-01-17T20:54:02.495] [ERROR] default - Error (getReserves(0xaC5D1a011aFD5C33Dcb3fdC8B2Ae5F4091080635)): Error: read ECONNRESET
[2024-01-17T20:54:02.495] [ERROR] default - Error: read ECONNRESET
    at TCP.onStreamRead (node:internal/stream_base_commons:217:20) {
  errno: -104,
  code: 'ECONNRESET',
  syscall: 'read'
}
[2024-01-17T20:54:02.505] [ERROR] default - Error (getReserves(0xaC5D1a011aFD5C33Dcb3fdC8B2Ae5F4091080635)): Error: read ECONNRESET
[2024-01-17T20:54:02.505] [ERROR] default - Error: read ECONNRESET
    at TCP.onStreamRead (node:internal/stream_base_commons:217:20) {
  errno: -104,
  code: 'ECONNRESET',
  syscall: 'read'
}
[2024-01-17T20:54:02.506] [ERROR] default - Error (getReserves(0xaC5D1a011aFD5C33Dcb3fdC8B2Ae5F4091080635)): Error: read ECONNRESET
[2024-01-17T20:54:02.506] [ERROR] default - Error: read ECONNRESET
    at TCP.onStreamRead (node:internal/stream_base_commons:217:20) {
  errno: -104,
  code: 'ECONNRESET',
  syscall: 'read'
}
[2024-01-17T20:54:02.506] [ERROR] default - Error (getReserves(0xaC5D1a011aFD5C33Dcb3fdC8B2Ae5F4091080635)): Error: read ECONNRESET
[2024-01-17T20:54:02.507] [ERROR] default - Error: read ECONNRESET
    at TCP.onStreamRead (node:internal/stream_base_commons:217:20) {
  errno: -104,
  code: 'ECONNRESET',
  syscall: 'read'
}
[2024-01-17T20:54:02.507] [ERROR] default - Error (getReserves(0x8C26252B14F9b071585B81b240C4ae2176E8cD3C)): Error: read ECONNRESET
[2024-01-17T20:54:02.507] [ERROR] default - Error: read ECONNRESET
    at TCP.onStreamRead (node:internal/stream_base_commons:217:20) {
  errno: -104,
  code: 'ECONNRESET',
  syscall: 'read'
}
[2024-01-17T20:54:02.507] [ERROR] default - Error (getReserves(0x8C26252B14F9b071585B81b240C4ae2176E8cD3C)): Error: read ECONNRESET
[2024-01-17T20:54:02.508] [ERROR] default - Error: read ECONNRESET
    at TCP.onStreamRead (node:internal/stream_base_commons:217:20) {
  errno: -104,
  code: 'ECONNRESET',
  syscall: 'read'
}
[2024-01-17T20:54:02.508] [ERROR] default - Error (getReserves(0x65D43B64E3B31965Cd5EA367D4c2b94c03084797)): Error: read ECONNRESET
[2024-01-17T20:54:02.508] [ERROR] default - Error: read ECONNRESET
    at TCP.onStreamRead (node:internal/stream_base_commons:217:20) {
  errno: -104,
  code: 'ECONNRESET',
  syscall: 'read'
}
[2024-01-17T20:54:02.508] [ERROR] default - Error (getReserves(0x65D43B64E3B31965Cd5EA367D4c2b94c03084797)): Error: read ECONNRESET
[2024-01-17T20:54:02.509] [ERROR] default - Error: read ECONNRESET
    at TCP.onStreamRead (node:internal/stream_base_commons:217:20) {
  errno: -104,
  code: 'ECONNRESET',
  syscall: 'read'
}
[2024-01-17T20:54:02.509] [ERROR] default - Error (getReserves(0x65D43B64E3B31965Cd5EA367D4c2b94c03084797)): Error: read ECONNRESET
[2024-01-17T20:54:02.509] [ERROR] default - Error: read ECONNRESET
    at TCP.onStreamRead (node:internal/stream_base_commons:217:20) {
  errno: -104,
  code: 'ECONNRESET',
  syscall: 'read'
}
[2024-01-17T20:54:02.509] [ERROR] default - Error (getReserves(0x65D43B64E3B31965Cd5EA367D4c2b94c03084797)): Error: read ECONNRESET
[2024-01-17T20:54:02.510] [ERROR] default - Error: read ECONNRESET
    at TCP.onStreamRead (node:internal/stream_base_commons:217:20) {
  errno: -104,
  code: 'ECONNRESET',
  syscall: 'read'
}
[2024-01-17T20:54:02.510] [ERROR] default - Error (getReserves(0x65D43B64E3B31965Cd5EA367D4c2b94c03084797)): Error: read ECONNRESET
[2024-01-17T20:54:02.510] [ERROR] default - Error: read ECONNRESET
    at TCP.onStreamRead (node:internal/stream_base_commons:217:20) {
  errno: -104,
  code: 'ECONNRESET',
  syscall: 'read'
}
[2024-01-17T20:54:02.511] [ERROR] default - Error (getReserves(0x65D43B64E3B31965Cd5EA367D4c2b94c03084797)): Error: read ECONNRESET
[2024-01-17T20:54:02.511] [ERROR] default - Error: read ECONNRESET
    at TCP.onStreamRead (node:internal/stream_base_commons:217:20) {
  errno: -104,
  code: 'ECONNRESET',
  syscall: 'read'
}
[2024-01-17T20:54:02.512] [ERROR] default - Error (getReserves(0x65D43B64E3B31965Cd5EA367D4c2b94c03084797)): Error: read ECONNRESET
[2024-01-17T20:54:02.512] [ERROR] default - Error: read ECONNRESET
    at TCP.onStreamRead (node:internal/stream_base_commons:217:20) {
  errno: -104,
  code: 'ECONNRESET',
  syscall: 'read'
}
[2024-01-17T20:54:02.521] [ERROR] default - Error (getReserves(0x65D43B64E3B31965Cd5EA367D4c2b94c03084797)): Error: read ECONNRESET
[2024-01-17T20:54:02.521] [ERROR] default - Error: read ECONNRESET
    at TCP.onStreamRead (node:internal/stream_base_commons:217:20) {
  errno: -104,
  code: 'ECONNRESET',
  syscall: 'read'
}
[2024-01-17T20:54:02.522] [ERROR] default - Error (getReserves(0x019011032a7ac3A87eE885B6c08467AC46ad11CD)): Error: read ECONNRESET
[2024-01-17T20:54:02.522] [ERROR] default - Error: read ECONNRESET
    at TCP.onStreamRead (node:internal/stream_base_commons:217:20) {
  errno: -104,
  code: 'ECONNRESET',
  syscall: 'read'
}
[2024-01-17T20:54:02.523] [ERROR] default - Error (getReserves(0x019011032a7ac3A87eE885B6c08467AC46ad11CD)): Error: read ECONNRESET
[2024-01-17T20:54:02.523] [ERROR] default - Error: read ECONNRESET
    at TCP.onStreamRead (node:internal/stream_base_commons:217:20) {
  errno: -104,
  code: 'ECONNRESET',
  syscall: 'read'
}
[2024-01-17T20:54:02.523] [ERROR] default - Error (getReserves(0x0509083749716B68f0fdB490a59Ca62F2cfFEbB9)): Error: read ECONNRESET
[2024-01-17T20:54:02.524] [ERROR] default - Error: read ECONNRESET
    at TCP.onStreamRead (node:internal/stream_base_commons:217:20) {
  errno: -104,
  code: 'ECONNRESET',
  syscall: 'read'
}
[2024-01-17T20:54:02.524] [ERROR] default - Error (getReserves(0x0509083749716B68f0fdB490a59Ca62F2cfFEbB9)): Error: read ECONNRESET
[2024-01-17T20:54:02.525] [ERROR] default - Error: read ECONNRESET
    at TCP.onStreamRead (node:internal/stream_base_commons:217:20) {
  errno: -104,
  code: 'ECONNRESET',
  syscall: 'read'
}
[2024-01-17T20:54:02.525] [ERROR] default - Error (getReserves(0x8A4CEb4DffA238539C5d62Ce424980e8fdb21EBc)): Error: read ECONNRESET
[2024-01-17T20:54:02.525] [ERROR] default - Error: read ECONNRESET
    at TCP.onStreamRead (node:internal/stream_base_commons:217:20) {
  errno: -104,
  code: 'ECONNRESET',
  syscall: 'read'
}
[2024-01-17T20:54:02.537] [ERROR] default - Error (getReserves(0x8A4CEb4DffA238539C5d62Ce424980e8fdb21EBc)): Error: read ECONNRESET
[2024-01-17T20:54:02.537] [ERROR] default - Error: read ECONNRESET
    at TCP.onStreamRead (node:internal/stream_base_commons:217:20) {
  errno: -104,
  code: 'ECONNRESET',
  syscall: 'read'
}
[2024-01-17T20:54:02.538] [ERROR] default - Error (getReserves(0xC4e90AE0298E0e7BE0102Cce64089231e1E2D67C)): Error: read ECONNRESET
[2024-01-17T20:54:02.538] [ERROR] default - Error: read ECONNRESET
    at TCP.onStreamRead (node:internal/stream_base_commons:217:20) {
  errno: -104,
  code: 'ECONNRESET',
  syscall: 'read'
}
[2024-01-17T20:54:02.538] [ERROR] default - Error (getReserves(0xC4e90AE0298E0e7BE0102Cce64089231e1E2D67C)): Error: read ECONNRESET
[2024-01-17T20:54:02.539] [ERROR] default - Error: read ECONNRESET
    at TCP.onStreamRead (node:internal/stream_base_commons:217:20) {
  errno: -104,
  code: 'ECONNRESET',
  syscall: 'read'
}
[2024-01-17T20:54:02.539] [ERROR] default - Error (getReserves(0xdc30d23c4D1195a9e8D35452d72d754572d1cE1c)): Error: read ECONNRESET
[2024-01-17T20:54:02.539] [ERROR] default - Error: read ECONNRESET
    at TCP.onStreamRead (node:internal/stream_base_commons:217:20) {
  errno: -104,
  code: 'ECONNRESET',
  syscall: 'read'
}
[2024-01-17T20:54:02.540] [ERROR] default - Error (getReserves(0xdc30d23c4D1195a9e8D35452d72d754572d1cE1c)): Error: read ECONNRESET
[2024-01-17T20:54:02.540] [ERROR] default - Error: read ECONNRESET
    at TCP.onStreamRead (node:internal/stream_base_commons:217:20) {
  errno: -104,
  code: 'ECONNRESET',
  syscall: 'read'
}
[2024-01-17T20:54:02.541] [ERROR] default - Error (getReserves(0xEEf611894CeaE652979C9D0DaE1dEb597790C6eE)): Error: read ECONNRESET
[2024-01-17T20:54:02.541] [ERROR] default - Error: read ECONNRESET
    at TCP.onStreamRead (node:internal/stream_base_commons:217:20) {
  errno: -104,
  code: 'ECONNRESET',
  syscall: 'read'
}
[2024-01-17T20:54:02.541] [ERROR] default - Error (getReserves(0xEEf611894CeaE652979C9D0DaE1dEb597790C6eE)): Error: read ECONNRESET
[2024-01-17T20:54:02.643] [ERROR] default - Error: read ECONNRESET
    at TCP.onStreamRead (node:internal/stream_base_commons:217:20) {
  errno: -104,
  code: 'ECONNRESET',
  syscall: 'read'
}
[2024-01-17T20:54:02.644] [ERROR] default - Error (getReserves(0xaC5D1a011aFD5C33Dcb3fdC8B2Ae5F4091080635)): Error: read ECONNRESET
[2024-01-17T20:54:02.644] [ERROR] default - Error: read ECONNRESET
    at TCP.onStreamRead (node:internal/stream_base_commons:217:20) {
  errno: -104,
  code: 'ECONNRESET',
  syscall: 'read'
}
[2024-01-17T20:54:02.644] [ERROR] default - Error (getReserves(0xaC5D1a011aFD5C33Dcb3fdC8B2Ae5F4091080635)): Error: read ECONNRESET
[2024-01-17T20:54:02.645] [ERROR] default - Error: read ECONNRESET
    at TCP.onStreamRead (node:internal/stream_base_commons:217:20) {
  errno: -104,
  code: 'ECONNRESET',
  syscall: 'read'
}
[2024-01-17T20:54:02.645] [ERROR] default - Error (getReserves(0x9cE65ae286e74f1268D19aB9b25f102C25DbDCb4)): Error: read ECONNRESET
[2024-01-17T20:54:02.645] [ERROR] default - Error: read ECONNRESET
    at TCP.onStreamRead (node:internal/stream_base_commons:217:20) {
  errno: -104,
  code: 'ECONNRESET',
  syscall: 'read'
}
[2024-01-17T20:54:02.646] [ERROR] default - Error (getReserves(0x9cE65ae286e74f1268D19aB9b25f102C25DbDCb4)): Error: read ECONNRESET
[2024-01-17T20:54:02.646] [ERROR] default - Error: read ECONNRESET
    at TCP.onStreamRead (node:internal/stream_base_commons:217:20) {
  errno: -104,
  code: 'ECONNRESET',
  syscall: 'read'
}
[2024-01-17T20:54:02.647] [ERROR] default - Error (getReserves(0xa789324E64268C5385eA7678435Fa83532705B0F)): Error: read ECONNRESET
[2024-01-17T20:54:02.647] [ERROR] default - Error: read ECONNRESET
    at TCP.onStreamRead (node:internal/stream_base_commons:217:20) {
  errno: -104,
  code: 'ECONNRESET',
  syscall: 'read'
}
[2024-01-17T20:54:02.647] [ERROR] default - Error (getReserves(0xa789324E64268C5385eA7678435Fa83532705B0F)): Error: read ECONNRESET
[2024-01-17T20:54:02.648] [ERROR] default - Error: read ECONNRESET
    at TCP.onStreamRead (node:internal/stream_base_commons:217:20) {
  errno: -104,
  code: 'ECONNRESET',
  syscall: 'read'
}
[2024-01-17T20:54:02.648] [ERROR] default - Error (getReserves(0x4A53119dd905fD39ccC532C68e69505dfB47fc2C)): Error: read ECONNRESET
[2024-01-17T20:54:02.649] [ERROR] default - Error: read ECONNRESET
    at TCP.onStreamRead (node:internal/stream_base_commons:217:20) {
  errno: -104,
  code: 'ECONNRESET',
  syscall: 'read'
}
[2024-01-17T20:54:02.649] [ERROR] default - Error (getReserves(0x4A53119dd905fD39ccC532C68e69505dfB47fc2C)): Error: read ECONNRESET
[2024-01-17T20:54:02.649] [ERROR] default - Error: read ECONNRESET
    at TCP.onStreamRead (node:internal/stream_base_commons:217:20) {
  errno: -104,
  code: 'ECONNRESET',
  syscall: 'read'
}
[2024-01-17T20:54:02.650] [ERROR] default - Error (getReserves(0x384c1b95027B73a98FE31Ea5B4B7b031b9ddD724)): Error: read ECONNRESET
[2024-01-17T20:54:02.650] [ERROR] default - Error: read ECONNRESET
    at TCP.onStreamRead (node:internal/stream_base_commons:217:20) {
  errno: -104,
  code: 'ECONNRESET',
  syscall: 'read'
}
[2024-01-17T20:54:02.651] [ERROR] default - Error (getReserves(0x384c1b95027B73a98FE31Ea5B4B7b031b9ddD724)): Error: read ECONNRESET
[2024-01-17T20:54:02.651] [ERROR] default - Error: read ECONNRESET
    at TCP.onStreamRead (node:internal/stream_base_commons:217:20) {
  errno: -104,
  code: 'ECONNRESET',
  syscall: 'read'
}
[2024-01-17T20:54:02.651] [ERROR] default - Error (getReserves(0xaC5D1a011aFD5C33Dcb3fdC8B2Ae5F4091080635)): Error: read ECONNRESET
[2024-01-17T20:54:02.652] [ERROR] default - Error: read ECONNRESET
    at TCP.onStreamRead (node:internal/stream_base_commons:217:20) {
  errno: -104,
  code: 'ECONNRESET',
  syscall: 'read'
}
[2024-01-17T20:54:02.653] [ERROR] default - Error (getReserves(0xaC5D1a011aFD5C33Dcb3fdC8B2Ae5F4091080635)): Error: read ECONNRESET
[2024-01-17T20:54:02.653] [ERROR] default - Error: read ECONNRESET
    at TCP.onStreamRead (node:internal/stream_base_commons:217:20) {
  errno: -104,
  code: 'ECONNRESET',
  syscall: 'read'
}
[2024-01-17T20:54:02.664] [ERROR] default - Error (getReserves(0x8929D3FEa77398F64448c85015633c2d6472fB29)): Error: read ECONNRESET
[2024-01-17T20:54:02.664] [ERROR] default - Error: read ECONNRESET
    at TCP.onStreamRead (node:internal/stream_base_commons:217:20) {
  errno: -104,
  code: 'ECONNRESET',
  syscall: 'read'
}
[2024-01-17T20:54:02.664] [ERROR] default - Error (getReserves(0x8929D3FEa77398F64448c85015633c2d6472fB29)): Error: read ECONNRESET
[2024-01-17T20:54:02.665] [ERROR] default - Error: read ECONNRESET
    at TCP.onStreamRead (node:internal/stream_base_commons:217:20) {
  errno: -104,
  code: 'ECONNRESET',
  syscall: 'read'
}
[2024-01-17T20:54:02.665] [ERROR] default - Error (getReserves(0xB2B39B54a82aEDcab018Eb601e8FCD19bC6Ec8Ab)): Error: read ECONNRESET
[2024-01-17T20:54:02.665] [ERROR] default - Error: read ECONNRESET
    at TCP.onStreamRead (node:internal/stream_base_commons:217:20) {
  errno: -104,
  code: 'ECONNRESET',
  syscall: 'read'
}
[2024-01-17T20:54:02.665] [ERROR] default - Error (getReserves(0xB2B39B54a82aEDcab018Eb601e8FCD19bC6Ec8Ab)): Error: read ECONNRESET
[2024-01-17T20:54:02.666] [ERROR] default - Error: read ECONNRESET
    at TCP.onStreamRead (node:internal/stream_base_commons:217:20) {
  errno: -104,
  code: 'ECONNRESET',
  syscall: 'read'
}
[2024-01-17T20:54:02.666] [ERROR] default - Error (getReserves(0x604229c960e5CACF2aaEAc8Be68Ac07BA9dF81c3)): Error: read ECONNRESET
[2024-01-17T20:54:02.666] [ERROR] default - Error: read ECONNRESET
    at TCP.onStreamRead (node:internal/stream_base_commons:217:20) {
  errno: -104,
  code: 'ECONNRESET',
  syscall: 'read'
}
[2024-01-17T20:54:02.667] [ERROR] default - Error (getReserves(0x604229c960e5CACF2aaEAc8Be68Ac07BA9dF81c3)): Error: read ECONNRESET
[2024-01-17T20:54:02.667] [ERROR] default - Error: read ECONNRESET
    at TCP.onStreamRead (node:internal/stream_base_commons:217:20) {
  errno: -104,
  code: 'ECONNRESET',
  syscall: 'read'
}
[2024-01-17T20:54:02.667] [ERROR] default - Error (getReserves(0xCD578F016888B57F1b1e3f887f392F0159E26747)): Error: read ECONNRESET
[2024-01-17T20:54:02.667] [ERROR] default - Error: read ECONNRESET
    at TCP.onStreamRead (node:internal/stream_base_commons:217:20) {
  errno: -104,
  code: 'ECONNRESET',
  syscall: 'read'
}
[2024-01-17T20:54:02.667] [ERROR] default - Error (getReserves(0xCD578F016888B57F1b1e3f887f392F0159E26747)): Error: read ECONNRESET
[2024-01-17T20:54:02.668] [ERROR] default - Error: read ECONNRESET
    at TCP.onStreamRead (node:internal/stream_base_commons:217:20) {
  errno: -104,
  code: 'ECONNRESET',
  syscall: 'read'
}
[2024-01-17T20:54:02.668] [ERROR] default - Error (getReserves(0xa789324E64268C5385eA7678435Fa83532705B0F)): Error: read ECONNRESET
[2024-01-17T20:54:02.669] [ERROR] default - Error: read ECONNRESET
    at TCP.onStreamRead (node:internal/stream_base_commons:217:20) {
  errno: -104,
  code: 'ECONNRESET',
  syscall: 'read'
}
[2024-01-17T20:54:02.670] [ERROR] default - Error (getReserves(0xa789324E64268C5385eA7678435Fa83532705B0F)): Error: read ECONNRESET
[2024-01-17T20:54:02.671] [ERROR] default - Error: read ECONNRESET
    at TCP.onStreamRead (node:internal/stream_base_commons:217:20) {
  errno: -104,
  code: 'ECONNRESET',
  syscall: 'read'
}
[2024-01-17T20:54:02.671] [ERROR] default - Error (getReserves(0x55FF76BFFC3Cdd9D5FdbBC2ece4528ECcE45047e)): Error: read ECONNRESET
[2024-01-17T20:54:02.680] [ERROR] default - Error: read ECONNRESET
    at TCP.onStreamRead (node:internal/stream_base_commons:217:20) {
  errno: -104,
  code: 'ECONNRESET',
  syscall: 'read'
}
[2024-01-17T20:54:02.680] [ERROR] default - Error (getReserves(0x55FF76BFFC3Cdd9D5FdbBC2ece4528ECcE45047e)): Error: read ECONNRESET
[2024-01-17T20:54:02.680] [ERROR] default - Error: read ECONNRESET
    at TCP.onStreamRead (node:internal/stream_base_commons:217:20) {
  errno: -104,
  code: 'ECONNRESET',
  syscall: 'read'
}
[2024-01-17T20:54:02.681] [ERROR] default - Error (getReserves(0xf04adBF75cDFc5eD26eeA4bbbb991DB002036Bdd)): Error: read ECONNRESET
[2024-01-17T20:54:02.681] [ERROR] default - Error: read ECONNRESET
    at TCP.onStreamRead (node:internal/stream_base_commons:217:20) {
  errno: -104,
  code: 'ECONNRESET',
  syscall: 'read'
}
[2024-01-17T20:54:02.681] [ERROR] default - Error (getReserves(0xf04adBF75cDFc5eD26eeA4bbbb991DB002036Bdd)): Error: read ECONNRESET
[2024-01-17T20:54:02.681] [ERROR] default - Error: read ECONNRESET
    at TCP.onStreamRead (node:internal/stream_base_commons:217:20) {
  errno: -104,
  code: 'ECONNRESET',
  syscall: 'read'
}
[2024-01-17T20:54:02.682] [ERROR] default - Error (getReserves(0x6e7a5FAFcec6BB1e78bAE2A1F0B612012BF14827)): Error: read ECONNRESET
[2024-01-17T20:54:02.682] [ERROR] default - Error: read ECONNRESET
    at TCP.onStreamRead (node:internal/stream_base_commons:217:20) {
  errno: -104,
  code: 'ECONNRESET',
  syscall: 'read'
}
[2024-01-17T20:54:02.682] [ERROR] default - Error (getReserves(0x6e7a5FAFcec6BB1e78bAE2A1F0B612012BF14827)): Error: read ECONNRESET
[2024-01-17T20:54:02.683] [ERROR] default - Error: read ECONNRESET
    at TCP.onStreamRead (node:internal/stream_base_commons:217:20) {
  errno: -104,
  code: 'ECONNRESET',
  syscall: 'read'
}
[2024-01-17T20:54:02.683] [ERROR] default - Error (getReserves(0x34965ba0ac2451A34a0471F04CCa3F990b8dea27)): Error: read ECONNRESET
[2024-01-17T20:54:02.683] [ERROR] default - Error: read ECONNRESET
    at TCP.onStreamRead (node:internal/stream_base_commons:217:20) {
  errno: -104,
  code: 'ECONNRESET',
  syscall: 'read'
}
[2024-01-17T20:54:02.684] [ERROR] default - Error (getReserves(0x34965ba0ac2451A34a0471F04CCa3F990b8dea27)): Error: read ECONNRESET
[2024-01-17T20:54:02.684] [ERROR] default - Error: read ECONNRESET
    at TCP.onStreamRead (node:internal/stream_base_commons:217:20) {
  errno: -104,
  code: 'ECONNRESET',
  syscall: 'read'
}
[2024-01-17T20:54:02.684] [ERROR] default - Error (getReserves(0xcd353F79d9FADe311fC3119B841e1f456b54e858)): Error: read ECONNRESET
[2024-01-17T20:54:02.684] [ERROR] default - Error: read ECONNRESET
    at TCP.onStreamRead (node:internal/stream_base_commons:217:20) {
  errno: -104,
  code: 'ECONNRESET',
  syscall: 'read'
}
[2024-01-17T20:54:02.685] [ERROR] default - Error (getReserves(0xcd353F79d9FADe311fC3119B841e1f456b54e858)): Error: read ECONNRESET
[2024-01-17T20:54:02.685] [ERROR] default - Error: read ECONNRESET
    at TCP.onStreamRead (node:internal/stream_base_commons:217:20) {
  errno: -104,
  code: 'ECONNRESET',
  syscall: 'read'
}
[2024-01-17T20:54:02.696] [ERROR] default - Error (getReserves(0x6e7a5FAFcec6BB1e78bAE2A1F0B612012BF14827)): Error: read ECONNRESET
[2024-01-17T20:54:02.696] [ERROR] default - Error: read ECONNRESET
    at TCP.onStreamRead (node:internal/stream_base_commons:217:20) {
  errno: -104,
  code: 'ECONNRESET',
  syscall: 'read'
}
[2024-01-17T20:54:02.697] [ERROR] default - Error (getReserves(0x6e7a5FAFcec6BB1e78bAE2A1F0B612012BF14827)): Error: read ECONNRESET
[2024-01-17T20:54:02.697] [ERROR] default - Error: read ECONNRESET
    at TCP.onStreamRead (node:internal/stream_base_commons:217:20) {
  errno: -104,
  code: 'ECONNRESET',
  syscall: 'read'
}
[2024-01-17T20:54:02.697] [ERROR] default - Error (getReserves(0xcd353F79d9FADe311fC3119B841e1f456b54e858)): Error: read ECONNRESET
[2024-01-17T20:54:02.698] [ERROR] default - Error: read ECONNRESET
    at TCP.onStreamRead (node:internal/stream_base_commons:217:20) {
  errno: -104,
  code: 'ECONNRESET',
  syscall: 'read'
}
[2024-01-17T20:54:02.698] [ERROR] default - Error (getReserves(0xcd353F79d9FADe311fC3119B841e1f456b54e858)): Error: read ECONNRESET
[2024-01-17T20:54:02.699] [ERROR] default - Error: read ECONNRESET
    at TCP.onStreamRead (node:internal/stream_base_commons:217:20) {
  errno: -104,
  code: 'ECONNRESET',
  syscall: 'read'
}
[2024-01-17T20:54:02.699] [ERROR] default - Error (getReserves(0xA2937659873ef52Da71a399e4079EBb2a7e5fFF6)): Error: read ECONNRESET
[2024-01-17T20:54:02.699] [ERROR] default - Error: read ECONNRESET
    at TCP.onStreamRead (node:internal/stream_base_commons:217:20) {
  errno: -104,
  code: 'ECONNRESET',
  syscall: 'read'
}
[2024-01-17T20:54:02.700] [ERROR] default - Error (getReserves(0xA2937659873ef52Da71a399e4079EBb2a7e5fFF6)): Error: read ECONNRESET
[2024-01-17T20:54:02.700] [ERROR] default - Error: read ECONNRESET
    at TCP.onStreamRead (node:internal/stream_base_commons:217:20) {
  errno: -104,
  code: 'ECONNRESET',
  syscall: 'read'
}
[2024-01-17T20:54:02.700] [ERROR] default - Error (getReserves(0xdc30d23c4D1195a9e8D35452d72d754572d1cE1c)): Error: read ECONNRESET
[2024-01-17T20:54:02.701] [ERROR] default - Error: read ECONNRESET
    at TCP.onStreamRead (node:internal/stream_base_commons:217:20) {
  errno: -104,
  code: 'ECONNRESET',
  syscall: 'read'
}
[2024-01-17T20:54:02.701] [ERROR] default - Error (getReserves(0xdc30d23c4D1195a9e8D35452d72d754572d1cE1c)): Error: read ECONNRESET
[2024-01-17T20:54:02.701] [ERROR] default - Error: read ECONNRESET
    at TCP.onStreamRead (node:internal/stream_base_commons:217:20) {
  errno: -104,
  code: 'ECONNRESET',
  syscall: 'read'
}
[2024-01-17T20:54:02.702] [ERROR] default - Error (getReserves(0xEEf611894CeaE652979C9D0DaE1dEb597790C6eE)): Error: read ECONNRESET
[2024-01-17T20:54:02.712] [ERROR] default - Error: read ECONNRESET
    at TCP.onStreamRead (node:internal/stream_base_commons:217:20) {
  errno: -104,
  code: 'ECONNRESET',
  syscall: 'read'
}
[2024-01-17T20:54:02.712] [ERROR] default - Error (getReserves(0xEEf611894CeaE652979C9D0DaE1dEb597790C6eE)): Error: read ECONNRESET
[2024-01-17T20:54:02.712] [ERROR] default - Error: read ECONNRESET
    at TCP.onStreamRead (node:internal/stream_base_commons:217:20) {
  errno: -104,
  code: 'ECONNRESET',
  syscall: 'read'
}
[2024-01-17T20:54:02.713] [ERROR] default - Error (getReserves(0xaC5D1a011aFD5C33Dcb3fdC8B2Ae5F4091080635)): Error: read ECONNRESET
[2024-01-17T20:54:02.713] [ERROR] default - Error: read ECONNRESET
    at TCP.onStreamRead (node:internal/stream_base_commons:217:20) {
  errno: -104,
  code: 'ECONNRESET',
  syscall: 'read'
}
[2024-01-17T20:54:02.713] [ERROR] default - Error (getReserves(0xaC5D1a011aFD5C33Dcb3fdC8B2Ae5F4091080635)): Error: read ECONNRESET
[2024-01-17T20:54:02.713] [ERROR] default - Error: read ECONNRESET
    at TCP.onStreamRead (node:internal/stream_base_commons:217:20) {
  errno: -104,
  code: 'ECONNRESET',
  syscall: 'read'
}
[2024-01-17T20:54:02.714] [ERROR] default - Error (getReserves(0x9cE65ae286e74f1268D19aB9b25f102C25DbDCb4)): Error: read ECONNRESET
[2024-01-17T20:54:02.714] [ERROR] default - Error: read ECONNRESET
    at TCP.onStreamRead (node:internal/stream_base_commons:217:20) {
  errno: -104,
  code: 'ECONNRESET',
  syscall: 'read'
}
[2024-01-17T20:54:02.714] [ERROR] default - Error (getReserves(0x9cE65ae286e74f1268D19aB9b25f102C25DbDCb4)): Error: read ECONNRESET
[2024-01-17T20:54:02.714] [ERROR] default - Error: read ECONNRESET
    at TCP.onStreamRead (node:internal/stream_base_commons:217:20) {
  errno: -104,
  code: 'ECONNRESET',
  syscall: 'read'
}
[2024-01-17T20:54:02.715] [ERROR] default - Error (getReserves(0xa789324E64268C5385eA7678435Fa83532705B0F)): Error: read ECONNRESET
[2024-01-17T20:54:02.715] [ERROR] default - Error: read ECONNRESET
    at TCP.onStreamRead (node:internal/stream_base_commons:217:20) {
  errno: -104,
  code: 'ECONNRESET',
  syscall: 'read'
}
[2024-01-17T20:54:02.715] [ERROR] default - Error (getReserves(0xa789324E64268C5385eA7678435Fa83532705B0F)): Error: read ECONNRESET
[2024-01-17T20:54:02.715] [ERROR] default - Error: read ECONNRESET
    at TCP.onStreamRead (node:internal/stream_base_commons:217:20) {
  errno: -104,
  code: 'ECONNRESET',
  syscall: 'read'
}
[2024-01-17T20:54:02.715] [ERROR] default - Error (getReserves(0x4A53119dd905fD39ccC532C68e69505dfB47fc2C)): Error: read ECONNRESET
[2024-01-17T20:54:02.716] [ERROR] default - Error: read ECONNRESET
    at TCP.onStreamRead (node:internal/stream_base_commons:217:20) {
  errno: -104,
  code: 'ECONNRESET',
  syscall: 'read'
}
[2024-01-17T20:54:02.716] [ERROR] default - Error (getReserves(0x4A53119dd905fD39ccC532C68e69505dfB47fc2C)): Error: read ECONNRESET
[2024-01-17T20:54:02.716] [ERROR] default - Error: read ECONNRESET
    at TCP.onStreamRead (node:internal/stream_base_commons:217:20) {
  errno: -104,
  code: 'ECONNRESET',
  syscall: 'read'
}
[2024-01-17T20:54:02.716] [ERROR] default - Error (getReserves(0x384c1b95027B73a98FE31Ea5B4B7b031b9ddD724)): Error: read ECONNRESET
[2024-01-17T20:54:02.716] [ERROR] default - Error: read ECONNRESET
    at TCP.onStreamRead (node:internal/stream_base_commons:217:20) {
  errno: -104,
  code: 'ECONNRESET',
  syscall: 'read'
}
[2024-01-17T20:54:02.719] [ERROR] default - Error (getReserves(0x384c1b95027B73a98FE31Ea5B4B7b031b9ddD724)): Error: read ECONNRESET
[2024-01-17T20:54:02.728] [ERROR] default - Error: read ECONNRESET
    at TCP.onStreamRead (node:internal/stream_base_commons:217:20) {
  errno: -104,
  code: 'ECONNRESET',
  syscall: 'read'
}
[2024-01-17T20:54:02.728] [ERROR] default - Error (getReserves(0xaC5D1a011aFD5C33Dcb3fdC8B2Ae5F4091080635)): Error: read ECONNRESET
[2024-01-17T20:54:02.728] [ERROR] default - Error: read ECONNRESET
    at TCP.onStreamRead (node:internal/stream_base_commons:217:20) {
  errno: -104,
  code: 'ECONNRESET',
  syscall: 'read'
}
[2024-01-17T20:54:02.729] [ERROR] default - Error (getReserves(0xaC5D1a011aFD5C33Dcb3fdC8B2Ae5F4091080635)): Error: read ECONNRESET
[2024-01-17T20:54:02.729] [ERROR] default - Error: read ECONNRESET
    at TCP.onStreamRead (node:internal/stream_base_commons:217:20) {
  errno: -104,
  code: 'ECONNRESET',
  syscall: 'read'
}
[2024-01-17T20:54:02.729] [ERROR] default - Error (getReserves(0x8929D3FEa77398F64448c85015633c2d6472fB29)): Error: read ECONNRESET
[2024-01-17T20:54:02.729] [ERROR] default - Error: read ECONNRESET
    at TCP.onStreamRead (node:internal/stream_base_commons:217:20) {
  errno: -104,
  code: 'ECONNRESET',
  syscall: 'read'
}
[2024-01-17T20:54:02.940] [ERROR] default - PROVIDER ERROR: Error: Reserves is undefined
    at new Prices (/mnt/c/code/polybotv3/scripts/v2/modules/prices.ts:15:10)
    at control (/mnt/c/code/polybotv3/scripts/v2/control.ts:44:16)
    at processTicksAndRejections (node:internal/process/task_queues:95:5)
    at async /mnt/c/code/polybotv3/index.ts:44:5
    at async Promise.all (index 0)
    at async JsonRpcProvider.<anonymous> (/mnt/c/code/polybotv3/index.ts:43:4)
[2024-01-17T20:54:08.514] [ERROR] default - PROVIDER ERROR: Error: Reserves is undefined
    at new Prices (/mnt/c/code/polybotv3/scripts/v2/modules/prices.ts:15:10)
    at control (/mnt/c/code/polybotv3/scripts/v2/control.ts:44:16)
    at processTicksAndRejections (node:internal/process/task_queues:95:5)
    at async /mnt/c/code/polybotv3/index.ts:44:5
    at async Promise.all (index 8)
    at async JsonRpcProvider.<anonymous> (/mnt/c/code/polybotv3/index.ts:43:4)
[2024-01-17T20:54:08.516] [ERROR] default - PROVIDER ERROR: Error: Reserves is undefined
    at new Prices (/mnt/c/code/polybotv3/scripts/v2/modules/prices.ts:15:10)
    at control (/mnt/c/code/polybotv3/scripts/v2/control.ts:44:16)
    at processTicksAndRejections (node:internal/process/task_queues:95:5)
    at async /mnt/c/code/polybotv3/index.ts:44:5
    at async Promise.all (index 0)
    at async JsonRpcProvider.<anonymous> (/mnt/c/code/polybotv3/index.ts:43:4)
[2024-01-17T20:54:12.948] [INFO] default - New block received: Block # 51505892
[2024-01-17T20:54:13.028] [INFO] default - New block received: Block # 51505893
[2024-01-17T20:54:24.754] [INFO] default - New block received: Block # 51505894
[2024-01-17T20:54:24.779] [INFO] default - New block received: Block # 51505895
[2024-01-17T20:54:24.783] [INFO] default - New block received: Block # 51505896
[2024-01-17T20:54:29.335] [ERROR] default - Error (getReserves(0x951E38875a93df95bbd24fe31f409b7933B35BED)): Error: read ECONNRESET
[2024-01-17T20:54:29.335] [ERROR] default - Error: read ECONNRESET
    at TCP.onStreamRead (node:internal/stream_base_commons:217:20) {
  errno: -104,
  code: 'ECONNRESET',
  syscall: 'read'
}
[2024-01-17T20:54:29.337] [ERROR] default - Error (getReserves(0xadbF1854e5883eB8aa7BAf50705338739e558E5b)): Error: read ECONNRESET
[2024-01-17T20:54:29.339] [ERROR] default - Error: read ECONNRESET
    at TCP.onStreamRead (node:internal/stream_base_commons:217:20) {
  errno: -104,
  code: 'ECONNRESET',
  syscall: 'read'
}
[2024-01-17T20:54:29.343] [ERROR] default - Error (getReserves(0xadbF1854e5883eB8aa7BAf50705338739e558E5b)): Error: read ECONNRESET
[2024-01-17T20:54:29.343] [ERROR] default - Error: read ECONNRESET
    at TCP.onStreamRead (node:internal/stream_base_commons:217:20) {
  errno: -104,
  code: 'ECONNRESET',
  syscall: 'read'
}
[2024-01-17T20:54:29.344] [ERROR] default - Error (getReserves(0xb7D81710549551cd3BcAb4F116602700D85abFD1)): Error: read ECONNRESET
[2024-01-17T20:54:29.344] [ERROR] default - Error: read ECONNRESET
    at TCP.onStreamRead (node:internal/stream_base_commons:217:20) {
  errno: -104,
  code: 'ECONNRESET',
  syscall: 'read'
}
[2024-01-17T20:54:29.345] [ERROR] default - Error (getReserves(0xb7D81710549551cd3BcAb4F116602700D85abFD1)): Error: read ECONNRESET
[2024-01-17T20:54:29.345] [ERROR] default - Error: read ECONNRESET
    at TCP.onStreamRead (node:internal/stream_base_commons:217:20) {
  errno: -104,
  code: 'ECONNRESET',
  syscall: 'read'
}
[2024-01-17T20:54:29.346] [ERROR] default - Error (getReserves(0xC4e90AE0298E0e7BE0102Cce64089231e1E2D67C)): Error: read ECONNRESET
[2024-01-17T20:54:29.346] [ERROR] default - Error: read ECONNRESET
    at TCP.onStreamRead (node:internal/stream_base_commons:217:20) {
  errno: -104,
  code: 'ECONNRESET',
  syscall: 'read'
}
[2024-01-17T20:54:29.347] [ERROR] default - Error (getReserves(0xC4e90AE0298E0e7BE0102Cce64089231e1E2D67C)): Error: read ECONNRESET
[2024-01-17T20:54:29.347] [ERROR] default - Error: read ECONNRESET
    at TCP.onStreamRead (node:internal/stream_base_commons:217:20) {
  errno: -104,
  code: 'ECONNRESET',
  syscall: 'read'
}
[2024-01-17T20:54:29.347] [ERROR] default - Error (getReserves(0xd37848Ec6D762138738Df375C214f5eD622dc281)): Error: read ECONNRESET
[2024-01-17T20:54:29.348] [ERROR] default - Error: read ECONNRESET
    at TCP.onStreamRead (node:internal/stream_base_commons:217:20) {
  errno: -104,
  code: 'ECONNRESET',
  syscall: 'read'
}
[2024-01-17T20:54:29.348] [ERROR] default - Error (getReserves(0xd37848Ec6D762138738Df375C214f5eD622dc281)): Error: read ECONNRESET
[2024-01-17T20:54:29.348] [ERROR] default - Error: read ECONNRESET
    at TCP.onStreamRead (node:internal/stream_base_commons:217:20) {
  errno: -104,
  code: 'ECONNRESET',
  syscall: 'read'
}
[2024-01-17T20:54:29.349] [ERROR] default - Error (getReserves(0xdc30d23c4D1195a9e8D35452d72d754572d1cE1c)): Error: read ECONNRESET
[2024-01-17T20:54:29.349] [ERROR] default - Error: read ECONNRESET
    at TCP.onStreamRead (node:internal/stream_base_commons:217:20) {
  errno: -104,
  code: 'ECONNRESET',
  syscall: 'read'
}
[2024-01-17T20:54:29.350] [ERROR] default - Error (getReserves(0xdc30d23c4D1195a9e8D35452d72d754572d1cE1c)): Error: read ECONNRESET
[2024-01-17T20:54:29.350] [ERROR] default - Error: read ECONNRESET
    at TCP.onStreamRead (node:internal/stream_base_commons:217:20) {
  errno: -104,
  code: 'ECONNRESET',
  syscall: 'read'
}
[2024-01-17T20:54:29.355] [ERROR] default - PROVIDER ERROR: Error: Reserves is undefined
    at new Prices (/mnt/c/code/polybotv3/scripts/v2/modules/prices.ts:15:10)
    at control (/mnt/c/code/polybotv3/scripts/v2/control.ts:44:16)
    at processTicksAndRejections (node:internal/process/task_queues:95:5)
    at async /mnt/c/code/polybotv3/index.ts:44:5
    at async Promise.all (index 0)
    at async JsonRpcProvider.<anonymous> (/mnt/c/code/polybotv3/index.ts:43:4)
[2024-01-17T20:54:34.393] [ERROR] default - PROVIDER ERROR: Error: read ECONNRESET
    at TCP.onStreamRead (node:internal/stream_base_commons:217:20)
[2024-01-17T20:54:34.394] [ERROR] default - Error (getReserves(0x2cF7252e74036d1Da831d11089D326296e64a728)): Error: read ECONNRESET
[2024-01-17T20:54:34.394] [ERROR] default - Error: read ECONNRESET
    at TCP.onStreamRead (node:internal/stream_base_commons:217:20) {
  errno: -104,
  code: 'ECONNRESET',
  syscall: 'read'
}
[2024-01-17T20:54:34.405] [ERROR] default - Error (getReserves(0x2cF7252e74036d1Da831d11089D326296e64a728)): Error: read ECONNRESET
[2024-01-17T20:54:34.405] [ERROR] default - Error: read ECONNRESET
    at TCP.onStreamRead (node:internal/stream_base_commons:217:20) {
  errno: -104,
  code: 'ECONNRESET',
  syscall: 'read'
}
[2024-01-17T20:54:34.406] [ERROR] default - Error (getReserves(0xCD578F016888B57F1b1e3f887f392F0159E26747)): Error: read ECONNRESET
[2024-01-17T20:54:34.406] [ERROR] default - Error: read ECONNRESET
    at TCP.onStreamRead (node:internal/stream_base_commons:217:20) {
  errno: -104,
  code: 'ECONNRESET',
  syscall: 'read'
}
[2024-01-17T20:54:34.407] [ERROR] default - Error (getReserves(0xCD578F016888B57F1b1e3f887f392F0159E26747)): Error: read ECONNRESET
[2024-01-17T20:54:34.407] [ERROR] default - Error: read ECONNRESET
    at TCP.onStreamRead (node:internal/stream_base_commons:217:20) {
  errno: -104,
  code: 'ECONNRESET',
  syscall: 'read'
}
[2024-01-17T20:54:34.408] [ERROR] default - Error (getReserves(0x4B1F1e2435A9C96f7330FAea190Ef6A7C8D70001)): Error: read ECONNRESET
[2024-01-17T20:54:34.408] [ERROR] default - Error: read ECONNRESET
    at TCP.onStreamRead (node:internal/stream_base_commons:217:20) {
  errno: -104,
  code: 'ECONNRESET',
  syscall: 'read'
}
[2024-01-17T20:54:34.409] [ERROR] default - Error (getReserves(0x4B1F1e2435A9C96f7330FAea190Ef6A7C8D70001)): Error: read ECONNRESET
[2024-01-17T20:54:34.409] [ERROR] default - Error: read ECONNRESET
    at TCP.onStreamRead (node:internal/stream_base_commons:217:20) {
  errno: -104,
  code: 'ECONNRESET',
  syscall: 'read'
}
[2024-01-17T20:54:34.410] [ERROR] default - Error (getReserves(0x853Ee4b2A13f8a742d64C8F088bE7bA2131f670d)): Error: read ECONNRESET
[2024-01-17T20:54:34.410] [ERROR] default - Error: read ECONNRESET
    at TCP.onStreamRead (node:internal/stream_base_commons:217:20) {
  errno: -104,
  code: 'ECONNRESET',
  syscall: 'read'
}
[2024-01-17T20:54:34.411] [ERROR] default - Error (getReserves(0x853Ee4b2A13f8a742d64C8F088bE7bA2131f670d)): Error: read ECONNRESET
[2024-01-17T20:54:34.411] [ERROR] default - Error: read ECONNRESET
    at TCP.onStreamRead (node:internal/stream_base_commons:217:20) {
  errno: -104,
  code: 'ECONNRESET',
  syscall: 'read'
}
[2024-01-17T20:54:34.420] [ERROR] default - Error (getReserves(0x34965ba0ac2451A34a0471F04CCa3F990b8dea27)): Error: read ECONNRESET
[2024-01-17T20:54:34.421] [ERROR] default - Error: read ECONNRESET
    at TCP.onStreamRead (node:internal/stream_base_commons:217:20) {
  errno: -104,
  code: 'ECONNRESET',
  syscall: 'read'
}
[2024-01-17T20:54:34.421] [ERROR] default - Error (getReserves(0x34965ba0ac2451A34a0471F04CCa3F990b8dea27)): Error: read ECONNRESET
[2024-01-17T20:54:34.421] [ERROR] default - Error: read ECONNRESET
    at TCP.onStreamRead (node:internal/stream_base_commons:217:20) {
  errno: -104,
  code: 'ECONNRESET',
  syscall: 'read'
}
[2024-01-17T20:54:34.422] [ERROR] default - Error (getReserves(0x264d5335e4ED0173F56aD3BfABac178a8d222e1F)): Error: read ECONNRESET
[2024-01-17T20:54:34.422] [ERROR] default - Error: read ECONNRESET
    at TCP.onStreamRead (node:internal/stream_base_commons:217:20) {
  errno: -104,
  code: 'ECONNRESET',
  syscall: 'read'
}
[2024-01-17T20:54:34.423] [ERROR] default - Error (getReserves(0x264d5335e4ED0173F56aD3BfABac178a8d222e1F)): Error: read ECONNRESET
[2024-01-17T20:54:34.423] [ERROR] default - Error: read ECONNRESET
    at TCP.onStreamRead (node:internal/stream_base_commons:217:20) {
  errno: -104,
  code: 'ECONNRESET',
  syscall: 'read'
}
[2024-01-17T20:54:34.423] [ERROR] default - Error (getReserves(0x951E38875a93df95bbd24fe31f409b7933B35BED)): Error: read ECONNRESET
[2024-01-17T20:54:34.424] [ERROR] default - Error: read ECONNRESET
    at TCP.onStreamRead (node:internal/stream_base_commons:217:20) {
  errno: -104,
  code: 'ECONNRESET',
  syscall: 'read'
}
[2024-01-17T20:54:34.424] [ERROR] default - Error (getReserves(0x951E38875a93df95bbd24fe31f409b7933B35BED)): Error: read ECONNRESET
[2024-01-17T20:54:34.425] [ERROR] default - Error: read ECONNRESET
    at TCP.onStreamRead (node:internal/stream_base_commons:217:20) {
  errno: -104,
  code: 'ECONNRESET',
  syscall: 'read'
}
[2024-01-17T20:54:34.425] [ERROR] default - Error (getReserves(0xadbF1854e5883eB8aa7BAf50705338739e558E5b)): Error: read ECONNRESET
[2024-01-17T20:54:34.425] [ERROR] default - Error: read ECONNRESET
    at TCP.onStreamRead (node:internal/stream_base_commons:217:20) {
  errno: -104,
  code: 'ECONNRESET',
  syscall: 'read'
}
[2024-01-17T20:54:34.426] [ERROR] default - Error (getReserves(0xadbF1854e5883eB8aa7BAf50705338739e558E5b)): Error: read ECONNRESET
[2024-01-17T20:54:34.426] [ERROR] default - Error: read ECONNRESET
    at TCP.onStreamRead (node:internal/stream_base_commons:217:20) {
  errno: -104,
  code: 'ECONNRESET',
  syscall: 'read'
}
[2024-01-17T20:54:34.427] [ERROR] default - Error (getReserves(0xb7D81710549551cd3BcAb4F116602700D85abFD1)): Error: read ECONNRESET
[2024-01-17T20:54:34.427] [ERROR] default - Error: read ECONNRESET
    at TCP.onStreamRead (node:internal/stream_base_commons:217:20) {
  errno: -104,
  code: 'ECONNRESET',
  syscall: 'read'
}
[2024-01-17T20:54:34.437] [ERROR] default - Error (getReserves(0xb7D81710549551cd3BcAb4F116602700D85abFD1)): Error: read ECONNRESET
[2024-01-17T20:54:34.437] [ERROR] default - Error: read ECONNRESET
    at TCP.onStreamRead (node:internal/stream_base_commons:217:20) {
  errno: -104,
  code: 'ECONNRESET',
  syscall: 'read'
}
[2024-01-17T20:54:34.438] [ERROR] default - Error (getReserves(0xC4e90AE0298E0e7BE0102Cce64089231e1E2D67C)): Error: read ECONNRESET
[2024-01-17T20:54:34.439] [ERROR] default - Error: read ECONNRESET
    at TCP.onStreamRead (node:internal/stream_base_commons:217:20) {
  errno: -104,
  code: 'ECONNRESET',
  syscall: 'read'
}
[2024-01-17T20:54:34.440] [ERROR] default - Error (getReserves(0xC4e90AE0298E0e7BE0102Cce64089231e1E2D67C)): Error: read ECONNRESET
[2024-01-17T20:54:34.440] [ERROR] default - Error: read ECONNRESET
    at TCP.onStreamRead (node:internal/stream_base_commons:217:20) {
  errno: -104,
  code: 'ECONNRESET',
  syscall: 'read'
}
[2024-01-17T20:54:34.441] [ERROR] default - Error (getReserves(0xd37848Ec6D762138738Df375C214f5eD622dc281)): Error: read ECONNRESET
[2024-01-17T20:54:34.442] [ERROR] default - Error: read ECONNRESET
    at TCP.onStreamRead (node:internal/stream_base_commons:217:20) {
  errno: -104,
  code: 'ECONNRESET',
  syscall: 'read'
}
[2024-01-17T20:54:34.442] [ERROR] default - Error (getReserves(0xd37848Ec6D762138738Df375C214f5eD622dc281)): Error: read ECONNRESET
[2024-01-17T20:54:34.443] [ERROR] default - Error: read ECONNRESET
    at TCP.onStreamRead (node:internal/stream_base_commons:217:20) {
  errno: -104,
  code: 'ECONNRESET',
  syscall: 'read'
}
[2024-01-17T20:54:34.453] [ERROR] default - Error (getReserves(0xdc30d23c4D1195a9e8D35452d72d754572d1cE1c)): Error: read ECONNRESET
[2024-01-17T20:54:34.453] [ERROR] default - Error: read ECONNRESET
    at TCP.onStreamRead (node:internal/stream_base_commons:217:20) {
  errno: -104,
  code: 'ECONNRESET',
  syscall: 'read'
}
[2024-01-17T20:54:34.454] [ERROR] default - Error (getReserves(0xdc30d23c4D1195a9e8D35452d72d754572d1cE1c)): Error: read ECONNRESET
[2024-01-17T20:54:34.455] [ERROR] default - Error: read ECONNRESET
    at TCP.onStreamRead (node:internal/stream_base_commons:217:20) {
  errno: -104,
  code: 'ECONNRESET',
  syscall: 'read'
}
[2024-01-17T20:54:34.456] [ERROR] default - Error (getReserves(0x5adb38019452c5deEBEe4267dD2c84b5BB8682C4)): Error: read ECONNRESET
[2024-01-17T20:54:34.457] [ERROR] default - Error: read ECONNRESET
    at TCP.onStreamRead (node:internal/stream_base_commons:217:20) {
  errno: -104,
  code: 'ECONNRESET',
  syscall: 'read'
}
[2024-01-17T20:54:34.458] [ERROR] default - Error (getReserves(0x5adb38019452c5deEBEe4267dD2c84b5BB8682C4)): Error: read ECONNRESET
[2024-01-17T20:54:34.469] [ERROR] default - Error: read ECONNRESET
    at TCP.onStreamRead (node:internal/stream_base_commons:217:20) {
  errno: -104,
  code: 'ECONNRESET',
  syscall: 'read'
}
[2024-01-17T20:54:34.469] [ERROR] default - Error (getReserves(0xc4e595acDD7d12feC385E5dA5D43160e8A0bAC0E)): Error: read ECONNRESET
[2024-01-17T20:54:34.469] [ERROR] default - Error: read ECONNRESET
    at TCP.onStreamRead (node:internal/stream_base_commons:217:20) {
  errno: -104,
  code: 'ECONNRESET',
  syscall: 'read'
}
[2024-01-17T20:54:34.470] [ERROR] default - Error (getReserves(0xc4e595acDD7d12feC385E5dA5D43160e8A0bAC0E)): Error: read ECONNRESET
[2024-01-17T20:54:34.470] [ERROR] default - Error: read ECONNRESET
    at TCP.onStreamRead (node:internal/stream_base_commons:217:20) {
  errno: -104,
  code: 'ECONNRESET',
  syscall: 'read'
}
[2024-01-17T20:54:34.470] [ERROR] default - Error (getReserves(0xA2937659873ef52Da71a399e4079EBb2a7e5fFF6)): Error: read ECONNRESET
[2024-01-17T20:54:34.470] [ERROR] default - Error: read ECONNRESET
    at TCP.onStreamRead (node:internal/stream_base_commons:217:20) {
  errno: -104,
  code: 'ECONNRESET',
  syscall: 'read'
}
[2024-01-17T20:54:34.471] [ERROR] default - Error (getReserves(0xA2937659873ef52Da71a399e4079EBb2a7e5fFF6)): Error: read ECONNRESET
[2024-01-17T20:54:34.471] [ERROR] default - Error: read ECONNRESET
    at TCP.onStreamRead (node:internal/stream_base_commons:217:20) {
  errno: -104,
  code: 'ECONNRESET',
  syscall: 'read'
}
[2024-01-17T20:54:34.471] [ERROR] default - Error (getReserves(0x4A35582a710E1F4b2030A3F826DA20BfB6703C09)): Error: read ECONNRESET
[2024-01-17T20:54:34.472] [ERROR] default - Error: read ECONNRESET
    at TCP.onStreamRead (node:internal/stream_base_commons:217:20) {
  errno: -104,
  code: 'ECONNRESET',
  syscall: 'read'
}
[2024-01-17T20:54:34.472] [ERROR] default - Error (getReserves(0x4A35582a710E1F4b2030A3F826DA20BfB6703C09)): Error: read ECONNRESET
[2024-01-17T20:54:34.472] [ERROR] default - Error: read ECONNRESET
    at TCP.onStreamRead (node:internal/stream_base_commons:217:20) {
  errno: -104,
  code: 'ECONNRESET',
  syscall: 'read'
}
[2024-01-17T20:54:34.472] [ERROR] default - Error (getReserves(0x4B1F1e2435A9C96f7330FAea190Ef6A7C8D70001)): Error: read ECONNRESET
[2024-01-17T20:54:34.473] [ERROR] default - Error: read ECONNRESET
    at TCP.onStreamRead (node:internal/stream_base_commons:217:20) {
  errno: -104,
  code: 'ECONNRESET',
  syscall: 'read'
}
[2024-01-17T20:54:34.473] [ERROR] default - Error (getReserves(0x4B1F1e2435A9C96f7330FAea190Ef6A7C8D70001)): Error: read ECONNRESET
[2024-01-17T20:54:34.473] [ERROR] default - Error: read ECONNRESET
    at TCP.onStreamRead (node:internal/stream_base_commons:217:20) {
  errno: -104,
  code: 'ECONNRESET',
  syscall: 'read'
}
[2024-01-17T20:54:34.473] [ERROR] default - Error (getReserves(0xb965c131f1C48d89B1760860b782D2aCDF87273b)): Error: read ECONNRESET
[2024-01-17T20:54:34.474] [ERROR] default - Error: read ECONNRESET
    at TCP.onStreamRead (node:internal/stream_base_commons:217:20) {
  errno: -104,
  code: 'ECONNRESET',
  syscall: 'read'
}
[2024-01-17T20:54:34.474] [ERROR] default - Error (getReserves(0xb965c131f1C48d89B1760860b782D2aCDF87273b)): Error: read ECONNRESET
[2024-01-17T20:54:34.485] [ERROR] default - Error: read ECONNRESET
    at TCP.onStreamRead (node:internal/stream_base_commons:217:20) {
  errno: -104,
  code: 'ECONNRESET',
  syscall: 'read'
}
[2024-01-17T20:54:34.486] [ERROR] default - Error (getReserves(0xc4e595acDD7d12feC385E5dA5D43160e8A0bAC0E)): Error: read ECONNRESET
[2024-01-17T20:54:34.486] [ERROR] default - Error: read ECONNRESET
    at TCP.onStreamRead (node:internal/stream_base_commons:217:20) {
  errno: -104,
  code: 'ECONNRESET',
  syscall: 'read'
}
[2024-01-17T20:54:34.488] [ERROR] default - Error (getReserves(0xc4e595acDD7d12feC385E5dA5D43160e8A0bAC0E)): Error: read ECONNRESET
[2024-01-17T20:54:34.488] [ERROR] default - Error: read ECONNRESET
    at TCP.onStreamRead (node:internal/stream_base_commons:217:20) {
  errno: -104,
  code: 'ECONNRESET',
  syscall: 'read'
}
[2024-01-17T20:54:34.489] [ERROR] default - Error (getReserves(0xadbF1854e5883eB8aa7BAf50705338739e558E5b)): Error: read ECONNRESET
[2024-01-17T20:54:34.489] [ERROR] default - Error: read ECONNRESET
    at TCP.onStreamRead (node:internal/stream_base_commons:217:20) {
  errno: -104,
  code: 'ECONNRESET',
  syscall: 'read'
}
[2024-01-17T20:54:34.489] [ERROR] default - Error (getReserves(0xadbF1854e5883eB8aa7BAf50705338739e558E5b)): Error: read ECONNRESET
[2024-01-17T20:54:34.489] [ERROR] default - Error: read ECONNRESET
    at TCP.onStreamRead (node:internal/stream_base_commons:217:20) {
  errno: -104,
  code: 'ECONNRESET',
  syscall: 'read'
}
[2024-01-17T20:54:34.490] [ERROR] default - Error (getReserves(0x5b13B583D4317aB15186Ed660A1E4C65C10da659)): Error: read ECONNRESET
[2024-01-17T20:54:34.490] [ERROR] default - Error: read ECONNRESET
    at TCP.onStreamRead (node:internal/stream_base_commons:217:20) {
  errno: -104,
  code: 'ECONNRESET',
  syscall: 'read'
}
[2024-01-17T20:54:34.490] [ERROR] default - Error (getReserves(0x5b13B583D4317aB15186Ed660A1E4C65C10da659)): Error: read ECONNRESET
[2024-01-17T20:54:34.490] [ERROR] default - Error: read ECONNRESET
    at TCP.onStreamRead (node:internal/stream_base_commons:217:20) {
  errno: -104,
  code: 'ECONNRESET',
  syscall: 'read'
}
[2024-01-17T20:54:34.491] [ERROR] default - Error (getReserves(0xdc30d23c4D1195a9e8D35452d72d754572d1cE1c)): Error: read ECONNRESET
[2024-01-17T20:54:34.501] [ERROR] default - Error: read ECONNRESET
    at TCP.onStreamRead (node:internal/stream_base_commons:217:20) {
  errno: -104,
  code: 'ECONNRESET',
  syscall: 'read'
}
[2024-01-17T20:54:34.501] [ERROR] default - Error (getReserves(0xdc30d23c4D1195a9e8D35452d72d754572d1cE1c)): Error: read ECONNRESET
[2024-01-17T20:54:34.501] [ERROR] default - Error: read ECONNRESET
    at TCP.onStreamRead (node:internal/stream_base_commons:217:20) {
  errno: -104,
  code: 'ECONNRESET',
  syscall: 'read'
}
[2024-01-17T20:54:34.502] [ERROR] default - Error (getReserves(0xdc30d23c4D1195a9e8D35452d72d754572d1cE1c)): Error: read ECONNRESET
[2024-01-17T20:54:34.502] [ERROR] default - Error: read ECONNRESET
    at TCP.onStreamRead (node:internal/stream_base_commons:217:20) {
  errno: -104,
  code: 'ECONNRESET',
  syscall: 'read'
}
[2024-01-17T20:54:34.502] [ERROR] default - Error (getReserves(0xdc30d23c4D1195a9e8D35452d72d754572d1cE1c)): Error: read ECONNRESET
[2024-01-17T20:54:34.502] [ERROR] default - Error: read ECONNRESET
    at TCP.onStreamRead (node:internal/stream_base_commons:217:20) {
  errno: -104,
  code: 'ECONNRESET',
  syscall: 'read'
}
[2024-01-17T20:54:34.503] [ERROR] default - Error (getReserves(0x4dB1087154Cd5B33fa275A88b183619f1a6F6614)): Error: read ECONNRESET
[2024-01-17T20:54:34.503] [ERROR] default - Error: read ECONNRESET
    at TCP.onStreamRead (node:internal/stream_base_commons:217:20) {
  errno: -104,
  code: 'ECONNRESET',
  syscall: 'read'
}
[2024-01-17T20:54:34.503] [ERROR] default - Error (getReserves(0x4dB1087154Cd5B33fa275A88b183619f1a6F6614)): Error: read ECONNRESET
[2024-01-17T20:54:34.503] [ERROR] default - Error: read ECONNRESET
    at TCP.onStreamRead (node:internal/stream_base_commons:217:20) {
  errno: -104,
  code: 'ECONNRESET',
  syscall: 'read'
}
[2024-01-17T20:54:34.504] [ERROR] default - Error (getReserves(0xdc30d23c4D1195a9e8D35452d72d754572d1cE1c)): Error: read ECONNRESET
[2024-01-17T20:54:34.504] [ERROR] default - Error: read ECONNRESET
    at TCP.onStreamRead (node:internal/stream_base_commons:217:20) {
  errno: -104,
  code: 'ECONNRESET',
  syscall: 'read'
}
[2024-01-17T20:54:34.504] [ERROR] default - Error (getReserves(0xdc30d23c4D1195a9e8D35452d72d754572d1cE1c)): Error: read ECONNRESET
[2024-01-17T20:54:34.504] [ERROR] default - Error: read ECONNRESET
    at TCP.onStreamRead (node:internal/stream_base_commons:217:20) {
  errno: -104,
  code: 'ECONNRESET',
  syscall: 'read'
}
[2024-01-17T20:54:34.504] [ERROR] default - Error (getReserves(0x4dB1087154Cd5B33fa275A88b183619f1a6F6614)): Error: read ECONNRESET
[2024-01-17T20:54:34.505] [ERROR] default - Error: read ECONNRESET
    at TCP.onStreamRead (node:internal/stream_base_commons:217:20) {
  errno: -104,
  code: 'ECONNRESET',
  syscall: 'read'
}
[2024-01-17T20:54:34.505] [ERROR] default - Error (getReserves(0x4dB1087154Cd5B33fa275A88b183619f1a6F6614)): Error: read ECONNRESET
[2024-01-17T20:54:34.505] [ERROR] default - Error: read ECONNRESET
    at TCP.onStreamRead (node:internal/stream_base_commons:217:20) {
  errno: -104,
  code: 'ECONNRESET',
  syscall: 'read'
}
[2024-01-17T20:54:34.505] [ERROR] default - Error (getReserves(0xadbF1854e5883eB8aa7BAf50705338739e558E5b)): Error: read ECONNRESET
[2024-01-17T20:54:34.505] [ERROR] default - Error: read ECONNRESET
    at TCP.onStreamRead (node:internal/stream_base_commons:217:20) {
  errno: -104,
  code: 'ECONNRESET',
  syscall: 'read'
}
[2024-01-17T20:54:34.506] [ERROR] default - Error (getReserves(0xadbF1854e5883eB8aa7BAf50705338739e558E5b)): Error: read ECONNRESET
[2024-01-17T20:54:34.506] [ERROR] default - Error: read ECONNRESET
    at TCP.onStreamRead (node:internal/stream_base_commons:217:20) {
  errno: -104,
  code: 'ECONNRESET',
  syscall: 'read'
}
[2024-01-17T20:54:34.506] [ERROR] default - Error (getReserves(0xcDbcc1Ac4d4e18FB1f2f2D604144Fd33E77cdA52)): Error: read ECONNRESET
[2024-01-17T20:54:34.506] [ERROR] default - Error: read ECONNRESET
    at TCP.onStreamRead (node:internal/stream_base_commons:217:20) {
  errno: -104,
  code: 'ECONNRESET',
  syscall: 'read'
}
[2024-01-17T20:54:34.507] [ERROR] default - Error (getReserves(0xcDbcc1Ac4d4e18FB1f2f2D604144Fd33E77cdA52)): Error: read ECONNRESET
[2024-01-17T20:54:34.507] [ERROR] default - Error: read ECONNRESET
    at TCP.onStreamRead (node:internal/stream_base_commons:217:20) {
  errno: -104,
  code: 'ECONNRESET',
  syscall: 'read'
}
[2024-01-17T20:54:34.507] [ERROR] default - Error (getReserves(0xedE04e0cD393A076C49DEB95D3686A52ccc49C71)): Error: read ECONNRESET
[2024-01-17T20:54:34.507] [ERROR] default - Error: read ECONNRESET
    at TCP.onStreamRead (node:internal/stream_base_commons:217:20) {
  errno: -104,
  code: 'ECONNRESET',
  syscall: 'read'
}
[2024-01-17T20:54:34.508] [ERROR] default - Error (getReserves(0xedE04e0cD393A076C49DEB95D3686A52ccc49C71)): Error: read ECONNRESET
[2024-01-17T20:54:34.508] [ERROR] default - Error: read ECONNRESET
    at TCP.onStreamRead (node:internal/stream_base_commons:217:20) {
  errno: -104,
  code: 'ECONNRESET',
  syscall: 'read'
}
[2024-01-17T20:54:34.517] [ERROR] default - Error (getReserves(0x447016EEc356E01eB62854cb1058C4553F864cce)): Error: read ECONNRESET
[2024-01-17T20:54:34.517] [ERROR] default - Error: read ECONNRESET
    at TCP.onStreamRead (node:internal/stream_base_commons:217:20) {
  errno: -104,
  code: 'ECONNRESET',
  syscall: 'read'
}
[2024-01-17T20:54:34.517] [ERROR] default - Error (getReserves(0x447016EEc356E01eB62854cb1058C4553F864cce)): Error: read ECONNRESET
[2024-01-17T20:54:34.517] [ERROR] default - Error: read ECONNRESET
    at TCP.onStreamRead (node:internal/stream_base_commons:217:20) {
  errno: -104,
  code: 'ECONNRESET',
  syscall: 'read'
}
[2024-01-17T20:54:34.518] [ERROR] default - Error (getReserves(0x5b13B583D4317aB15186Ed660A1E4C65C10da659)): Error: read ECONNRESET
[2024-01-17T20:54:34.518] [ERROR] default - Error: read ECONNRESET
    at TCP.onStreamRead (node:internal/stream_base_commons:217:20) {
  errno: -104,
  code: 'ECONNRESET',
  syscall: 'read'
}
[2024-01-17T20:54:34.518] [ERROR] default - Error (getReserves(0x5b13B583D4317aB15186Ed660A1E4C65C10da659)): Error: read ECONNRESET
[2024-01-17T20:54:34.518] [ERROR] default - Error: read ECONNRESET
    at TCP.onStreamRead (node:internal/stream_base_commons:217:20) {
  errno: -104,
  code: 'ECONNRESET',
  syscall: 'read'
}
[2024-01-17T20:54:34.519] [ERROR] default - Error (getReserves(0x5DABeC7037ed5c00fBdE38e52c9859ac21CF95AC)): Error: read ECONNRESET
[2024-01-17T20:54:34.519] [ERROR] default - Error: read ECONNRESET
    at TCP.onStreamRead (node:internal/stream_base_commons:217:20) {
  errno: -104,
  code: 'ECONNRESET',
  syscall: 'read'
}
[2024-01-17T20:54:34.519] [ERROR] default - Error (getReserves(0x5DABeC7037ed5c00fBdE38e52c9859ac21CF95AC)): Error: read ECONNRESET
[2024-01-17T20:54:34.519] [ERROR] default - Error: read ECONNRESET
    at TCP.onStreamRead (node:internal/stream_base_commons:217:20) {
  errno: -104,
  code: 'ECONNRESET',
  syscall: 'read'
}
[2024-01-17T20:54:34.520] [ERROR] default - Error (getReserves(0x273c39ebd4e0c49f8Cc6E5A2B3c0e4ca355B5352)): Error: read ECONNRESET
[2024-01-17T20:54:34.520] [ERROR] default - Error: read ECONNRESET
    at TCP.onStreamRead (node:internal/stream_base_commons:217:20) {
  errno: -104,
  code: 'ECONNRESET',
  syscall: 'read'
}
[2024-01-17T20:54:34.521] [ERROR] default - Error (getReserves(0x273c39ebd4e0c49f8Cc6E5A2B3c0e4ca355B5352)): Error: read ECONNRESET
[2024-01-17T20:54:34.521] [ERROR] default - Error: read ECONNRESET
    at TCP.onStreamRead (node:internal/stream_base_commons:217:20) {
  errno: -104,
  code: 'ECONNRESET',
  syscall: 'read'
}
[2024-01-17T20:54:34.521] [ERROR] default - Error (getReserves(0x5b13B583D4317aB15186Ed660A1E4C65C10da659)): Error: read ECONNRESET
[2024-01-17T20:54:34.521] [ERROR] default - Error: read ECONNRESET
    at TCP.onStreamRead (node:internal/stream_base_commons:217:20) {
  errno: -104,
  code: 'ECONNRESET',
  syscall: 'read'
}
[2024-01-17T20:54:34.521] [ERROR] default - Error (getReserves(0x5b13B583D4317aB15186Ed660A1E4C65C10da659)): Error: read ECONNRESET
[2024-01-17T20:54:34.522] [ERROR] default - Error: read ECONNRESET
    at TCP.onStreamRead (node:internal/stream_base_commons:217:20) {
  errno: -104,
  code: 'ECONNRESET',
  syscall: 'read'
}
[2024-01-17T20:54:34.522] [ERROR] default - Error (getReserves(0xdc30d23c4D1195a9e8D35452d72d754572d1cE1c)): Error: read ECONNRESET
[2024-01-17T20:54:34.522] [ERROR] default - Error: read ECONNRESET
    at TCP.onStreamRead (node:internal/stream_base_commons:217:20) {
  errno: -104,
  code: 'ECONNRESET',
  syscall: 'read'
}
[2024-01-17T20:54:34.522] [ERROR] default - Error (getReserves(0xdc30d23c4D1195a9e8D35452d72d754572d1cE1c)): Error: read ECONNRESET
[2024-01-17T20:54:34.522] [ERROR] default - Error: read ECONNRESET
    at TCP.onStreamRead (node:internal/stream_base_commons:217:20) {
  errno: -104,
  code: 'ECONNRESET',
  syscall: 'read'
}
[2024-01-17T20:54:34.533] [ERROR] default - Error (getReserves(0xdc30d23c4D1195a9e8D35452d72d754572d1cE1c)): Error: read ECONNRESET
[2024-01-17T20:54:34.533] [ERROR] default - Error: read ECONNRESET
    at TCP.onStreamRead (node:internal/stream_base_commons:217:20) {
  errno: -104,
  code: 'ECONNRESET',
  syscall: 'read'
}
[2024-01-17T20:54:34.533] [ERROR] default - Error (getReserves(0xdc30d23c4D1195a9e8D35452d72d754572d1cE1c)): Error: read ECONNRESET
[2024-01-17T20:54:34.534] [ERROR] default - Error: read ECONNRESET
    at TCP.onStreamRead (node:internal/stream_base_commons:217:20) {
  errno: -104,
  code: 'ECONNRESET',
  syscall: 'read'
}
[2024-01-17T20:54:34.534] [ERROR] default - Error (getReserves(0x4dB1087154Cd5B33fa275A88b183619f1a6F6614)): Error: read ECONNRESET
[2024-01-17T20:54:34.534] [ERROR] default - Error: read ECONNRESET
    at TCP.onStreamRead (node:internal/stream_base_commons:217:20) {
  errno: -104,
  code: 'ECONNRESET',
  syscall: 'read'
}
[2024-01-17T20:54:34.534] [ERROR] default - Error (getReserves(0x4dB1087154Cd5B33fa275A88b183619f1a6F6614)): Error: read ECONNRESET
[2024-01-17T20:54:34.540] [ERROR] default - Error: read ECONNRESET
    at TCP.onStreamRead (node:internal/stream_base_commons:217:20) {
  errno: -104,
  code: 'ECONNRESET',
  syscall: 'read'
}
[2024-01-17T20:54:34.541] [ERROR] default - Error (getReserves(0xdc30d23c4D1195a9e8D35452d72d754572d1cE1c)): Error: read ECONNRESET
[2024-01-17T20:54:34.541] [ERROR] default - Error: read ECONNRESET
    at TCP.onStreamRead (node:internal/stream_base_commons:217:20) {
  errno: -104,
  code: 'ECONNRESET',
  syscall: 'read'
}
[2024-01-17T20:54:34.541] [ERROR] default - Error (getReserves(0xdc30d23c4D1195a9e8D35452d72d754572d1cE1c)): Error: read ECONNRESET
[2024-01-17T20:54:34.541] [ERROR] default - Error: read ECONNRESET
    at TCP.onStreamRead (node:internal/stream_base_commons:217:20) {
  errno: -104,
  code: 'ECONNRESET',
  syscall: 'read'
}
[2024-01-17T20:54:34.542] [ERROR] default - Error (getReserves(0x4dB1087154Cd5B33fa275A88b183619f1a6F6614)): Error: read ECONNRESET
[2024-01-17T20:54:34.542] [ERROR] default - Error: read ECONNRESET
    at TCP.onStreamRead (node:internal/stream_base_commons:217:20) {
  errno: -104,
  code: 'ECONNRESET',
  syscall: 'read'
}
[2024-01-17T20:54:34.542] [ERROR] default - Error (getReserves(0x4dB1087154Cd5B33fa275A88b183619f1a6F6614)): Error: read ECONNRESET
[2024-01-17T20:54:34.543] [ERROR] default - Error: read ECONNRESET
    at TCP.onStreamRead (node:internal/stream_base_commons:217:20) {
  errno: -104,
  code: 'ECONNRESET',
  syscall: 'read'
}
[2024-01-17T20:54:34.543] [ERROR] default - Error (getReserves(0xadbF1854e5883eB8aa7BAf50705338739e558E5b)): Error: read ECONNRESET
[2024-01-17T20:54:34.544] [ERROR] default - Error: read ECONNRESET
    at TCP.onStreamRead (node:internal/stream_base_commons:217:20) {
  errno: -104,
  code: 'ECONNRESET',
  syscall: 'read'
}
[2024-01-17T20:54:34.549] [ERROR] default - Error (getReserves(0xadbF1854e5883eB8aa7BAf50705338739e558E5b)): Error: read ECONNRESET
[2024-01-17T20:54:34.549] [ERROR] default - Error: read ECONNRESET
    at TCP.onStreamRead (node:internal/stream_base_commons:217:20) {
  errno: -104,
  code: 'ECONNRESET',
  syscall: 'read'
}
[2024-01-17T20:54:34.550] [ERROR] default - Error (getReserves(0x019011032a7ac3A87eE885B6c08467AC46ad11CD)): Error: read ECONNRESET
[2024-01-17T20:54:34.551] [ERROR] default - Error: read ECONNRESET
    at TCP.onStreamRead (node:internal/stream_base_commons:217:20) {
  errno: -104,
  code: 'ECONNRESET',
  syscall: 'read'
}
[2024-01-17T20:54:34.552] [ERROR] default - Error (getReserves(0x019011032a7ac3A87eE885B6c08467AC46ad11CD)): Error: read ECONNRESET
[2024-01-17T20:54:34.552] [ERROR] default - Error: read ECONNRESET
    at TCP.onStreamRead (node:internal/stream_base_commons:217:20) {
  errno: -104,
  code: 'ECONNRESET',
  syscall: 'read'
}
[2024-01-17T20:54:34.553] [ERROR] default - Error (getReserves(0xcda2aBb19DB926d242F871C87B81575DFf7644F2)): Error: read ECONNRESET
[2024-01-17T20:54:34.553] [ERROR] default - Error: read ECONNRESET
    at TCP.onStreamRead (node:internal/stream_base_commons:217:20) {
  errno: -104,
  code: 'ECONNRESET',
  syscall: 'read'
}
[2024-01-17T20:54:34.553] [ERROR] default - Error (getReserves(0xcda2aBb19DB926d242F871C87B81575DFf7644F2)): Error: read ECONNRESET
[2024-01-17T20:54:34.553] [ERROR] default - Error: read ECONNRESET
    at TCP.onStreamRead (node:internal/stream_base_commons:217:20) {
  errno: -104,
  code: 'ECONNRESET',
  syscall: 'read'
}
[2024-01-17T20:54:34.554] [ERROR] default - Error (getReserves(0x5E58e0CeD3a272CAeb8bA00F4A4C2805Df6BE495)): Error: read ECONNRESET
[2024-01-17T20:54:34.554] [ERROR] default - Error: read ECONNRESET
    at TCP.onStreamRead (node:internal/stream_base_commons:217:20) {
  errno: -104,
  code: 'ECONNRESET',
  syscall: 'read'
}
[2024-01-17T20:54:34.554] [ERROR] default - Error (getReserves(0x5E58e0CeD3a272CAeb8bA00F4A4C2805Df6BE495)): Error: read ECONNRESET
[2024-01-17T20:54:34.554] [ERROR] default - Error: read ECONNRESET
    at TCP.onStreamRead (node:internal/stream_base_commons:217:20) {
  errno: -104,
  code: 'ECONNRESET',
  syscall: 'read'
}
[2024-01-17T20:54:34.555] [ERROR] default - Error (getReserves(0x9cE65ae286e74f1268D19aB9b25f102C25DbDCb4)): Error: read ECONNRESET
[2024-01-17T20:54:34.555] [ERROR] default - Error: read ECONNRESET
    at TCP.onStreamRead (node:internal/stream_base_commons:217:20) {
  errno: -104,
  code: 'ECONNRESET',
  syscall: 'read'
}
[2024-01-17T20:54:34.565] [ERROR] default - Error (getReserves(0x9cE65ae286e74f1268D19aB9b25f102C25DbDCb4)): Error: read ECONNRESET
[2024-01-17T20:54:34.565] [ERROR] default - Error: read ECONNRESET
    at TCP.onStreamRead (node:internal/stream_base_commons:217:20) {
  errno: -104,
  code: 'ECONNRESET',
  syscall: 'read'
}
[2024-01-17T20:54:34.565] [ERROR] default - Error (getReserves(0xcda2aBb19DB926d242F871C87B81575DFf7644F2)): Error: read ECONNRESET
[2024-01-17T20:54:34.565] [ERROR] default - Error: read ECONNRESET
    at TCP.onStreamRead (node:internal/stream_base_commons:217:20) {
  errno: -104,
  code: 'ECONNRESET',
  syscall: 'read'
}
[2024-01-17T20:54:34.566] [ERROR] default - Error (getReserves(0xcda2aBb19DB926d242F871C87B81575DFf7644F2)): Error: read ECONNRESET
[2024-01-17T20:54:34.566] [ERROR] default - Error: read ECONNRESET
    at TCP.onStreamRead (node:internal/stream_base_commons:217:20) {
  errno: -104,
  code: 'ECONNRESET',
  syscall: 'read'
}
[2024-01-17T20:54:34.566] [ERROR] default - Error (getReserves(0x5E58e0CeD3a272CAeb8bA00F4A4C2805Df6BE495)): Error: read ECONNRESET
[2024-01-17T20:54:34.566] [ERROR] default - Error: read ECONNRESET
    at TCP.onStreamRead (node:internal/stream_base_commons:217:20) {
  errno: -104,
  code: 'ECONNRESET',
  syscall: 'read'
}
[2024-01-17T20:54:34.566] [ERROR] default - Error (getReserves(0x5E58e0CeD3a272CAeb8bA00F4A4C2805Df6BE495)): Error: read ECONNRESET
[2024-01-17T20:54:34.566] [ERROR] default - Error: read ECONNRESET
    at TCP.onStreamRead (node:internal/stream_base_commons:217:20) {
  errno: -104,
  code: 'ECONNRESET',
  syscall: 'read'
}
[2024-01-17T20:54:34.567] [ERROR] default - Error (getReserves(0x97B4f2797cC903D76F9b8ff41A94286F0B16198e)): Error: read ECONNRESET
[2024-01-17T20:54:34.567] [ERROR] default - Error: read ECONNRESET
    at TCP.onStreamRead (node:internal/stream_base_commons:217:20) {
  errno: -104,
  code: 'ECONNRESET',
  syscall: 'read'
}
[2024-01-17T20:54:34.567] [ERROR] default - Error (getReserves(0x97B4f2797cC903D76F9b8ff41A94286F0B16198e)): Error: read ECONNRESET
[2024-01-17T20:54:34.567] [ERROR] default - Error: read ECONNRESET
    at TCP.onStreamRead (node:internal/stream_base_commons:217:20) {
  errno: -104,
  code: 'ECONNRESET',
  syscall: 'read'
}
[2024-01-17T20:54:34.567] [ERROR] default - Error (getReserves(0xa789324E64268C5385eA7678435Fa83532705B0F)): Error: read ECONNRESET
[2024-01-17T20:54:34.567] [ERROR] default - Error: read ECONNRESET
    at TCP.onStreamRead (node:internal/stream_base_commons:217:20) {
  errno: -104,
  code: 'ECONNRESET',
  syscall: 'read'
}
[2024-01-17T20:54:34.568] [ERROR] default - Error (getReserves(0xa789324E64268C5385eA7678435Fa83532705B0F)): Error: read ECONNRESET
[2024-01-17T20:54:34.568] [ERROR] default - Error: read ECONNRESET
    at TCP.onStreamRead (node:internal/stream_base_commons:217:20) {
  errno: -104,
  code: 'ECONNRESET',
  syscall: 'read'
}
[2024-01-17T20:54:34.570] [ERROR] default - Error (getReserves(0x604229c960e5CACF2aaEAc8Be68Ac07BA9dF81c3)): Error: read ECONNRESET
[2024-01-17T20:54:34.570] [ERROR] default - Error: read ECONNRESET
    at TCP.onStreamRead (node:internal/stream_base_commons:217:20) {
  errno: -104,
  code: 'ECONNRESET',
  syscall: 'read'
}
[2024-01-17T20:54:34.570] [ERROR] default - Error (getReserves(0x604229c960e5CACF2aaEAc8Be68Ac07BA9dF81c3)): Error: read ECONNRESET
[2024-01-17T20:54:34.571] [ERROR] default - Error: read ECONNRESET
    at TCP.onStreamRead (node:internal/stream_base_commons:217:20) {
  errno: -104,
  code: 'ECONNRESET',
  syscall: 'read'
}
[2024-01-17T20:54:34.571] [ERROR] default - Error (getReserves(0xa789324E64268C5385eA7678435Fa83532705B0F)): Error: read ECONNRESET
[2024-01-17T20:54:34.571] [ERROR] default - Error: read ECONNRESET
    at TCP.onStreamRead (node:internal/stream_base_commons:217:20) {
  errno: -104,
  code: 'ECONNRESET',
  syscall: 'read'
}
[2024-01-17T20:54:34.890] [ERROR] default - PROVIDER ERROR: Error: Reserves is undefined
    at new Prices (/mnt/c/code/polybotv3/scripts/v2/modules/prices.ts:15:10)
    at control (/mnt/c/code/polybotv3/scripts/v2/control.ts:44:16)
    at processTicksAndRejections (node:internal/process/task_queues:95:5)
    at async /mnt/c/code/polybotv3/index.ts:44:5
    at async Promise.all (index 15)
    at async JsonRpcProvider.<anonymous> (/mnt/c/code/polybotv3/index.ts:43:4)
[2024-01-17T20:54:34.891] [ERROR] default - PROVIDER ERROR: Error: Reserves is undefined
    at new Prices (/mnt/c/code/polybotv3/scripts/v2/modules/prices.ts:15:10)
    at control (/mnt/c/code/polybotv3/scripts/v2/control.ts:44:16)
    at processTicksAndRejections (node:internal/process/task_queues:95:5)
    at async /mnt/c/code/polybotv3/index.ts:44:5
    at async Promise.all (index 0)
    at async JsonRpcProvider.<anonymous> (/mnt/c/code/polybotv3/index.ts:43:4)
[2024-01-17T20:54:43.545] [ERROR] default - PROVIDER ERROR: Error: Reserves is undefined
    at new Prices (/mnt/c/code/polybotv3/scripts/v2/modules/prices.ts:15:10)
    at control (/mnt/c/code/polybotv3/scripts/v2/control.ts:44:16)
    at processTicksAndRejections (node:internal/process/task_queues:95:5)
    at async /mnt/c/code/polybotv3/index.ts:44:5
    at async Promise.all (index 8)
    at async JsonRpcProvider.<anonymous> (/mnt/c/code/polybotv3/index.ts:43:4)
[2024-01-17T20:54:43.546] [ERROR] default - PROVIDER ERROR: Error: Reserves is undefined
    at new Prices (/mnt/c/code/polybotv3/scripts/v2/modules/prices.ts:15:10)
    at control (/mnt/c/code/polybotv3/scripts/v2/control.ts:44:16)
    at processTicksAndRejections (node:internal/process/task_queues:95:5)
    at async /mnt/c/code/polybotv3/index.ts:44:5
    at async Promise.all (index 0)
    at async JsonRpcProvider.<anonymous> (/mnt/c/code/polybotv3/index.ts:43:4)
[2024-01-17T20:54:45.283] [INFO] default - New block received: Block # 51505897
[2024-01-17T20:54:45.339] [INFO] default - New block received: Block # 51505898
[2024-01-17T20:54:45.791] [INFO] default - New block received: Block # 51505899
[2024-01-17T20:54:49.240] [ERROR] default - Error (getReserves(0xd32f3139A214034A0f9777c87eE0a064c1FF6AE2)): Error: read ECONNRESET
[2024-01-17T20:54:49.241] [ERROR] default - Error: read ECONNRESET
    at TCP.onStreamRead (node:internal/stream_base_commons:217:20) {
  errno: -104,
  code: 'ECONNRESET',
  syscall: 'read'
}
[2024-01-17T20:54:49.241] [ERROR] default - Error (getReserves(0xd32f3139A214034A0f9777c87eE0a064c1FF6AE2)): Error: read ECONNRESET
[2024-01-17T20:54:49.241] [ERROR] default - Error: read ECONNRESET
    at TCP.onStreamRead (node:internal/stream_base_commons:217:20) {
  errno: -104,
  code: 'ECONNRESET',
  syscall: 'read'
}
[2024-01-17T20:54:49.242] [ERROR] default - Error (getReserves(0xd32f3139A214034A0f9777c87eE0a064c1FF6AE2)): Error: read ECONNRESET
[2024-01-17T20:54:49.242] [ERROR] default - Error: read ECONNRESET
    at TCP.onStreamRead (node:internal/stream_base_commons:217:20) {
  errno: -104,
  code: 'ECONNRESET',
  syscall: 'read'
}
[2024-01-17T20:54:49.242] [ERROR] default - Error (getReserves(0xd32f3139A214034A0f9777c87eE0a064c1FF6AE2)): Error: read ECONNRESET
[2024-01-17T20:54:49.242] [ERROR] default - Error: read ECONNRESET
    at TCP.onStreamRead (node:internal/stream_base_commons:217:20) {
  errno: -104,
  code: 'ECONNRESET',
  syscall: 'read'
}
[2024-01-17T20:54:49.242] [ERROR] default - Error (getReserves(0xd32f3139A214034A0f9777c87eE0a064c1FF6AE2)): Error: read ECONNRESET
[2024-01-17T20:54:49.242] [ERROR] default - Error: read ECONNRESET
    at TCP.onStreamRead (node:internal/stream_base_commons:217:20) {
  errno: -104,
  code: 'ECONNRESET',
  syscall: 'read'
}
[2024-01-17T20:54:49.243] [ERROR] default - Error (getReserves(0xd32f3139A214034A0f9777c87eE0a064c1FF6AE2)): Error: read ECONNRESET
[2024-01-17T20:54:49.243] [ERROR] default - Error: read ECONNRESET
    at TCP.onStreamRead (node:internal/stream_base_commons:217:20) {
  errno: -104,
  code: 'ECONNRESET',
  syscall: 'read'
}
[2024-01-17T20:54:49.243] [ERROR] default - Error (getReserves(0xd32f3139A214034A0f9777c87eE0a064c1FF6AE2)): Error: read ECONNRESET
[2024-01-17T20:54:49.243] [ERROR] default - Error: read ECONNRESET
    at TCP.onStreamRead (node:internal/stream_base_commons:217:20) {
  errno: -104,
  code: 'ECONNRESET',
  syscall: 'read'
}
[2024-01-17T20:54:49.243] [ERROR] default - Error (getReserves(0xd32f3139A214034A0f9777c87eE0a064c1FF6AE2)): Error: read ECONNRESET
[2024-01-17T20:54:49.244] [ERROR] default - Error: read ECONNRESET
    at TCP.onStreamRead (node:internal/stream_base_commons:217:20) {
  errno: -104,
  code: 'ECONNRESET',
  syscall: 'read'
}
[2024-01-17T20:54:49.244] [ERROR] default - Error (getReserves(0x65D43B64E3B31965Cd5EA367D4c2b94c03084797)): Error: read ECONNRESET
[2024-01-17T20:54:49.244] [ERROR] default - Error: read ECONNRESET
    at TCP.onStreamRead (node:internal/stream_base_commons:217:20) {
  errno: -104,
  code: 'ECONNRESET',
  syscall: 'read'
}
[2024-01-17T20:54:49.244] [ERROR] default - Error (getReserves(0x65D43B64E3B31965Cd5EA367D4c2b94c03084797)): Error: read ECONNRESET
[2024-01-17T20:54:49.244] [ERROR] default - Error: read ECONNRESET
    at TCP.onStreamRead (node:internal/stream_base_commons:217:20) {
  errno: -104,
  code: 'ECONNRESET',
  syscall: 'read'
}
[2024-01-17T20:54:49.245] [ERROR] default - Error (getReserves(0xC8174d091c288FF78De98303c2973140Cbcf3B23)): Error: read ECONNRESET
[2024-01-17T20:54:49.245] [ERROR] default - Error: read ECONNRESET
    at TCP.onStreamRead (node:internal/stream_base_commons:217:20) {
  errno: -104,
  code: 'ECONNRESET',
  syscall: 'read'
}
[2024-01-17T20:54:49.245] [ERROR] default - Error (getReserves(0xC8174d091c288FF78De98303c2973140Cbcf3B23)): Error: read ECONNRESET
[2024-01-17T20:54:49.245] [ERROR] default - Error: read ECONNRESET
    at TCP.onStreamRead (node:internal/stream_base_commons:217:20) {
  errno: -104,
  code: 'ECONNRESET',
  syscall: 'read'
}
[2024-01-17T20:54:49.245] [ERROR] default - Error (getReserves(0x97B4f2797cC903D76F9b8ff41A94286F0B16198e)): Error: read ECONNRESET
[2024-01-17T20:54:49.245] [ERROR] default - Error: read ECONNRESET
    at TCP.onStreamRead (node:internal/stream_base_commons:217:20) {
  errno: -104,
  code: 'ECONNRESET',
  syscall: 'read'
}
[2024-01-17T20:54:49.246] [ERROR] default - Error (getReserves(0x97B4f2797cC903D76F9b8ff41A94286F0B16198e)): Error: read ECONNRESET
[2024-01-17T20:54:49.246] [ERROR] default - Error: read ECONNRESET
    at TCP.onStreamRead (node:internal/stream_base_commons:217:20) {
  errno: -104,
  code: 'ECONNRESET',
  syscall: 'read'
}
[2024-01-17T20:54:49.246] [ERROR] default - Error (getReserves(0x9cE65ae286e74f1268D19aB9b25f102C25DbDCb4)): Error: read ECONNRESET
[2024-01-17T20:54:49.246] [ERROR] default - Error: read ECONNRESET
    at TCP.onStreamRead (node:internal/stream_base_commons:217:20) {
  errno: -104,
  code: 'ECONNRESET',
  syscall: 'read'
}
[2024-01-17T20:54:49.247] [ERROR] default - Error (getReserves(0x9cE65ae286e74f1268D19aB9b25f102C25DbDCb4)): Error: read ECONNRESET
[2024-01-17T20:54:49.247] [ERROR] default - Error: read ECONNRESET
    at TCP.onStreamRead (node:internal/stream_base_commons:217:20) {
  errno: -104,
  code: 'ECONNRESET',
  syscall: 'read'
}
[2024-01-17T20:54:49.247] [ERROR] default - Error (getReserves(0xd32f3139A214034A0f9777c87eE0a064c1FF6AE2)): Error: read ECONNRESET
[2024-01-17T20:54:49.247] [ERROR] default - Error: read ECONNRESET
    at TCP.onStreamRead (node:internal/stream_base_commons:217:20) {
  errno: -104,
  code: 'ECONNRESET',
  syscall: 'read'
}
[2024-01-17T20:54:49.247] [ERROR] default - Error (getReserves(0xd32f3139A214034A0f9777c87eE0a064c1FF6AE2)): Error: read ECONNRESET
[2024-01-17T20:54:49.252] [ERROR] default - Error: read ECONNRESET
    at TCP.onStreamRead (node:internal/stream_base_commons:217:20) {
  errno: -104,
  code: 'ECONNRESET',
  syscall: 'read'
}
[2024-01-17T20:54:49.254] [ERROR] default - Error (getReserves(0x101640e107C4a72DeC79826768C239F1eB48cc85)): Error: read ECONNRESET
[2024-01-17T20:54:49.254] [ERROR] default - Error: read ECONNRESET
    at TCP.onStreamRead (node:internal/stream_base_commons:217:20) {
  errno: -104,
  code: 'ECONNRESET',
  syscall: 'read'
}
[2024-01-17T20:54:49.254] [ERROR] default - Error (getReserves(0x101640e107C4a72DeC79826768C239F1eB48cc85)): Error: read ECONNRESET
[2024-01-17T20:54:49.254] [ERROR] default - Error: read ECONNRESET
    at TCP.onStreamRead (node:internal/stream_base_commons:217:20) {
  errno: -104,
  code: 'ECONNRESET',
  syscall: 'read'
}
[2024-01-17T20:54:49.255] [ERROR] default - Error (getReserves(0x101640e107C4a72DeC79826768C239F1eB48cc85)): Error: read ECONNRESET
[2024-01-17T20:54:49.255] [ERROR] default - Error: read ECONNRESET
    at TCP.onStreamRead (node:internal/stream_base_commons:217:20) {
  errno: -104,
  code: 'ECONNRESET',
  syscall: 'read'
}
[2024-01-17T20:54:49.256] [ERROR] default - Error (getReserves(0x101640e107C4a72DeC79826768C239F1eB48cc85)): Error: read ECONNRESET
[2024-01-17T20:54:49.256] [ERROR] default - Error: read ECONNRESET
    at TCP.onStreamRead (node:internal/stream_base_commons:217:20) {
  errno: -104,
  code: 'ECONNRESET',
  syscall: 'read'
}
[2024-01-17T20:54:49.257] [ERROR] default - Error (getReserves(0xC8174d091c288FF78De98303c2973140Cbcf3B23)): Error: read ECONNRESET
[2024-01-17T20:54:49.257] [ERROR] default - Error: read ECONNRESET
    at TCP.onStreamRead (node:internal/stream_base_commons:217:20) {
  errno: -104,
  code: 'ECONNRESET',
  syscall: 'read'
}
[2024-01-17T20:54:49.258] [ERROR] default - Error (getReserves(0xC8174d091c288FF78De98303c2973140Cbcf3B23)): Error: read ECONNRESET
[2024-01-17T20:54:49.258] [ERROR] default - Error: read ECONNRESET
    at TCP.onStreamRead (node:internal/stream_base_commons:217:20) {
  errno: -104,
  code: 'ECONNRESET',
  syscall: 'read'
}
[2024-01-17T20:54:49.258] [ERROR] default - Error (getReserves(0x101640e107C4a72DeC79826768C239F1eB48cc85)): Error: read ECONNRESET
[2024-01-17T20:54:49.258] [ERROR] default - Error: read ECONNRESET
    at TCP.onStreamRead (node:internal/stream_base_commons:217:20) {
  errno: -104,
  code: 'ECONNRESET',
  syscall: 'read'
}
[2024-01-17T20:54:49.258] [ERROR] default - Error (getReserves(0x101640e107C4a72DeC79826768C239F1eB48cc85)): Error: read ECONNRESET
[2024-01-17T20:54:49.259] [ERROR] default - Error: read ECONNRESET
    at TCP.onStreamRead (node:internal/stream_base_commons:217:20) {
  errno: -104,
  code: 'ECONNRESET',
  syscall: 'read'
}
[2024-01-17T20:54:49.259] [ERROR] default - Error (getReserves(0x101640e107C4a72DeC79826768C239F1eB48cc85)): Error: read ECONNRESET
[2024-01-17T20:54:49.259] [ERROR] default - Error: read ECONNRESET
    at TCP.onStreamRead (node:internal/stream_base_commons:217:20) {
  errno: -104,
  code: 'ECONNRESET',
  syscall: 'read'
}
[2024-01-17T20:54:49.259] [ERROR] default - Error (getReserves(0x101640e107C4a72DeC79826768C239F1eB48cc85)): Error: read ECONNRESET
[2024-01-17T20:54:49.260] [ERROR] default - Error: read ECONNRESET
    at TCP.onStreamRead (node:internal/stream_base_commons:217:20) {
  errno: -104,
  code: 'ECONNRESET',
  syscall: 'read'
}
[2024-01-17T20:54:49.260] [ERROR] default - Error (getReserves(0xC8174d091c288FF78De98303c2973140Cbcf3B23)): Error: read ECONNRESET
[2024-01-17T20:54:49.260] [ERROR] default - Error: read ECONNRESET
    at TCP.onStreamRead (node:internal/stream_base_commons:217:20) {
  errno: -104,
  code: 'ECONNRESET',
  syscall: 'read'
}
[2024-01-17T20:54:49.260] [ERROR] default - Error (getReserves(0xC8174d091c288FF78De98303c2973140Cbcf3B23)): Error: read ECONNRESET
[2024-01-17T20:54:49.260] [ERROR] default - Error: read ECONNRESET
    at TCP.onStreamRead (node:internal/stream_base_commons:217:20) {
  errno: -104,
  code: 'ECONNRESET',
  syscall: 'read'
}
[2024-01-17T20:54:49.261] [ERROR] default - Error (getReserves(0xb965c131f1C48d89B1760860b782D2aCDF87273b)): Error: read ECONNRESET
[2024-01-17T20:54:49.261] [ERROR] default - Error: read ECONNRESET
    at TCP.onStreamRead (node:internal/stream_base_commons:217:20) {
  errno: -104,
  code: 'ECONNRESET',
  syscall: 'read'
}
[2024-01-17T20:54:49.261] [ERROR] default - Error (getReserves(0xb965c131f1C48d89B1760860b782D2aCDF87273b)): Error: read ECONNRESET
[2024-01-17T20:54:49.261] [ERROR] default - Error: read ECONNRESET
    at TCP.onStreamRead (node:internal/stream_base_commons:217:20) {
  errno: -104,
  code: 'ECONNRESET',
  syscall: 'read'
}
[2024-01-17T20:54:49.261] [ERROR] default - Error (getReserves(0x853Ee4b2A13f8a742d64C8F088bE7bA2131f670d)): Error: read ECONNRESET
[2024-01-17T20:54:49.262] [ERROR] default - Error: read ECONNRESET
    at TCP.onStreamRead (node:internal/stream_base_commons:217:20) {
  errno: -104,
  code: 'ECONNRESET',
  syscall: 'read'
}
[2024-01-17T20:54:49.262] [ERROR] default - Error (getReserves(0x853Ee4b2A13f8a742d64C8F088bE7bA2131f670d)): Error: read ECONNRESET
[2024-01-17T20:54:49.262] [ERROR] default - Error: read ECONNRESET
    at TCP.onStreamRead (node:internal/stream_base_commons:217:20) {
  errno: -104,
  code: 'ECONNRESET',
  syscall: 'read'
}
[2024-01-17T20:54:49.263] [ERROR] default - Error (getReserves(0xb965c131f1C48d89B1760860b782D2aCDF87273b)): Error: read ECONNRESET
[2024-01-17T20:54:49.263] [ERROR] default - Error: read ECONNRESET
    at TCP.onStreamRead (node:internal/stream_base_commons:217:20) {
  errno: -104,
  code: 'ECONNRESET',
  syscall: 'read'
}
[2024-01-17T20:54:49.263] [ERROR] default - Error (getReserves(0xb965c131f1C48d89B1760860b782D2aCDF87273b)): Error: read ECONNRESET
[2024-01-17T20:54:49.263] [ERROR] default - Error: read ECONNRESET
    at TCP.onStreamRead (node:internal/stream_base_commons:217:20) {
  errno: -104,
  code: 'ECONNRESET',
  syscall: 'read'
}
[2024-01-17T20:54:49.264] [ERROR] default - Error (getReserves(0xA2937659873ef52Da71a399e4079EBb2a7e5fFF6)): Error: read ECONNRESET
[2024-01-17T20:54:49.264] [ERROR] default - Error: read ECONNRESET
    at TCP.onStreamRead (node:internal/stream_base_commons:217:20) {
  errno: -104,
  code: 'ECONNRESET',
  syscall: 'read'
}
[2024-01-17T20:54:49.264] [ERROR] default - Error (getReserves(0xA2937659873ef52Da71a399e4079EBb2a7e5fFF6)): Error: read ECONNRESET
[2024-01-17T20:54:49.265] [ERROR] default - Error: read ECONNRESET
    at TCP.onStreamRead (node:internal/stream_base_commons:217:20) {
  errno: -104,
  code: 'ECONNRESET',
  syscall: 'read'
}
[2024-01-17T20:54:49.265] [ERROR] default - Error (getReserves(0xA2937659873ef52Da71a399e4079EBb2a7e5fFF6)): Error: read ECONNRESET
[2024-01-17T20:54:49.265] [ERROR] default - Error: read ECONNRESET
    at TCP.onStreamRead (node:internal/stream_base_commons:217:20) {
  errno: -104,
  code: 'ECONNRESET',
  syscall: 'read'
}
[2024-01-17T20:54:49.266] [ERROR] default - Error (getReserves(0xA2937659873ef52Da71a399e4079EBb2a7e5fFF6)): Error: read ECONNRESET
[2024-01-17T20:54:49.266] [ERROR] default - Error: read ECONNRESET
    at TCP.onStreamRead (node:internal/stream_base_commons:217:20) {
  errno: -104,
  code: 'ECONNRESET',
  syscall: 'read'
}
[2024-01-17T20:54:49.266] [ERROR] default - Error (getReserves(0xb965c131f1C48d89B1760860b782D2aCDF87273b)): Error: read ECONNRESET
[2024-01-17T20:54:49.266] [ERROR] default - Error: read ECONNRESET
    at TCP.onStreamRead (node:internal/stream_base_commons:217:20) {
  errno: -104,
  code: 'ECONNRESET',
  syscall: 'read'
}
[2024-01-17T20:54:49.267] [ERROR] default - Error (getReserves(0xb965c131f1C48d89B1760860b782D2aCDF87273b)): Error: read ECONNRESET
[2024-01-17T20:54:49.267] [ERROR] default - Error: read ECONNRESET
    at TCP.onStreamRead (node:internal/stream_base_commons:217:20) {
  errno: -104,
  code: 'ECONNRESET',
  syscall: 'read'
}
[2024-01-17T20:54:49.267] [ERROR] default - Error (getReserves(0xd32f3139A214034A0f9777c87eE0a064c1FF6AE2)): Error: read ECONNRESET
[2024-01-17T20:54:49.267] [ERROR] default - Error: read ECONNRESET
    at TCP.onStreamRead (node:internal/stream_base_commons:217:20) {
  errno: -104,
  code: 'ECONNRESET',
  syscall: 'read'
}
[2024-01-17T20:54:49.268] [ERROR] default - Error (getReserves(0xd32f3139A214034A0f9777c87eE0a064c1FF6AE2)): Error: read ECONNRESET
[2024-01-17T20:54:49.268] [ERROR] default - Error: read ECONNRESET
    at TCP.onStreamRead (node:internal/stream_base_commons:217:20) {
  errno: -104,
  code: 'ECONNRESET',
  syscall: 'read'
}
[2024-01-17T20:54:49.268] [ERROR] default - Error (getReserves(0xd32f3139A214034A0f9777c87eE0a064c1FF6AE2)): Error: read ECONNRESET
[2024-01-17T20:54:49.268] [ERROR] default - Error: read ECONNRESET
    at TCP.onStreamRead (node:internal/stream_base_commons:217:20) {
  errno: -104,
  code: 'ECONNRESET',
  syscall: 'read'
}
[2024-01-17T20:54:49.269] [ERROR] default - Error (getReserves(0xd32f3139A214034A0f9777c87eE0a064c1FF6AE2)): Error: read ECONNRESET
[2024-01-17T20:54:49.269] [ERROR] default - Error: read ECONNRESET
    at TCP.onStreamRead (node:internal/stream_base_commons:217:20) {
  errno: -104,
  code: 'ECONNRESET',
  syscall: 'read'
}
[2024-01-17T20:54:49.269] [ERROR] default - Error (getReserves(0xd32f3139A214034A0f9777c87eE0a064c1FF6AE2)): Error: read ECONNRESET
[2024-01-17T20:54:49.269] [ERROR] default - Error: read ECONNRESET
    at TCP.onStreamRead (node:internal/stream_base_commons:217:20) {
  errno: -104,
  code: 'ECONNRESET',
  syscall: 'read'
}
[2024-01-17T20:54:49.270] [ERROR] default - Error (getReserves(0xd32f3139A214034A0f9777c87eE0a064c1FF6AE2)): Error: read ECONNRESET
[2024-01-17T20:54:49.270] [ERROR] default - Error: read ECONNRESET
    at TCP.onStreamRead (node:internal/stream_base_commons:217:20) {
  errno: -104,
  code: 'ECONNRESET',
  syscall: 'read'
}
[2024-01-17T20:54:49.271] [ERROR] default - Error (getReserves(0xd32f3139A214034A0f9777c87eE0a064c1FF6AE2)): Error: read ECONNRESET
[2024-01-17T20:54:49.271] [ERROR] default - Error: read ECONNRESET
    at TCP.onStreamRead (node:internal/stream_base_commons:217:20) {
  errno: -104,
  code: 'ECONNRESET',
  syscall: 'read'
}
[2024-01-17T20:54:49.271] [ERROR] default - Error (getReserves(0xd32f3139A214034A0f9777c87eE0a064c1FF6AE2)): Error: read ECONNRESET
[2024-01-17T20:54:49.271] [ERROR] default - Error: read ECONNRESET
    at TCP.onStreamRead (node:internal/stream_base_commons:217:20) {
  errno: -104,
  code: 'ECONNRESET',
  syscall: 'read'
}
[2024-01-17T20:54:49.271] [ERROR] default - Error (getReserves(0x65D43B64E3B31965Cd5EA367D4c2b94c03084797)): Error: read ECONNRESET
[2024-01-17T20:54:49.272] [ERROR] default - Error: read ECONNRESET
    at TCP.onStreamRead (node:internal/stream_base_commons:217:20) {
  errno: -104,
  code: 'ECONNRESET',
  syscall: 'read'
}
[2024-01-17T20:54:49.272] [ERROR] default - Error (getReserves(0x65D43B64E3B31965Cd5EA367D4c2b94c03084797)): Error: read ECONNRESET
[2024-01-17T20:54:49.272] [ERROR] default - Error: read ECONNRESET
    at TCP.onStreamRead (node:internal/stream_base_commons:217:20) {
  errno: -104,
  code: 'ECONNRESET',
  syscall: 'read'
}
[2024-01-17T20:54:49.272] [ERROR] default - Error (getReserves(0xC8174d091c288FF78De98303c2973140Cbcf3B23)): Error: read ECONNRESET
[2024-01-17T20:54:49.273] [ERROR] default - Error: read ECONNRESET
    at TCP.onStreamRead (node:internal/stream_base_commons:217:20) {
  errno: -104,
  code: 'ECONNRESET',
  syscall: 'read'
}
[2024-01-17T20:54:49.273] [ERROR] default - Error (getReserves(0xC8174d091c288FF78De98303c2973140Cbcf3B23)): Error: read ECONNRESET
[2024-01-17T20:54:49.273] [ERROR] default - Error: read ECONNRESET
    at TCP.onStreamRead (node:internal/stream_base_commons:217:20) {
  errno: -104,
  code: 'ECONNRESET',
  syscall: 'read'
}
[2024-01-17T20:54:49.273] [ERROR] default - Error (getReserves(0x97B4f2797cC903D76F9b8ff41A94286F0B16198e)): Error: read ECONNRESET
[2024-01-17T20:54:49.274] [ERROR] default - Error: read ECONNRESET
    at TCP.onStreamRead (node:internal/stream_base_commons:217:20) {
  errno: -104,
  code: 'ECONNRESET',
  syscall: 'read'
}
[2024-01-17T20:54:49.274] [ERROR] default - Error (getReserves(0x97B4f2797cC903D76F9b8ff41A94286F0B16198e)): Error: read ECONNRESET
[2024-01-17T20:54:49.274] [ERROR] default - Error: read ECONNRESET
    at TCP.onStreamRead (node:internal/stream_base_commons:217:20) {
  errno: -104,
  code: 'ECONNRESET',
  syscall: 'read'
}
[2024-01-17T20:54:49.276] [ERROR] default - Error (getReserves(0x9cE65ae286e74f1268D19aB9b25f102C25DbDCb4)): Error: read ECONNRESET
[2024-01-17T20:54:49.276] [ERROR] default - Error: read ECONNRESET
    at TCP.onStreamRead (node:internal/stream_base_commons:217:20) {
  errno: -104,
  code: 'ECONNRESET',
  syscall: 'read'
}
[2024-01-17T20:54:49.276] [ERROR] default - Error (getReserves(0x9cE65ae286e74f1268D19aB9b25f102C25DbDCb4)): Error: read ECONNRESET
[2024-01-17T20:54:49.276] [ERROR] default - Error: read ECONNRESET
    at TCP.onStreamRead (node:internal/stream_base_commons:217:20) {
  errno: -104,
  code: 'ECONNRESET',
  syscall: 'read'
}
[2024-01-17T20:54:49.277] [ERROR] default - Error (getReserves(0xd32f3139A214034A0f9777c87eE0a064c1FF6AE2)): Error: read ECONNRESET
[2024-01-17T20:54:49.277] [ERROR] default - Error: read ECONNRESET
    at TCP.onStreamRead (node:internal/stream_base_commons:217:20) {
  errno: -104,
  code: 'ECONNRESET',
  syscall: 'read'
}
[2024-01-17T20:54:49.277] [ERROR] default - Error (getReserves(0xd32f3139A214034A0f9777c87eE0a064c1FF6AE2)): Error: read ECONNRESET
[2024-01-17T20:54:49.277] [ERROR] default - Error: read ECONNRESET
    at TCP.onStreamRead (node:internal/stream_base_commons:217:20) {
  errno: -104,
  code: 'ECONNRESET',
  syscall: 'read'
}
[2024-01-17T20:54:49.278] [ERROR] default - Error (getReserves(0x101640e107C4a72DeC79826768C239F1eB48cc85)): Error: read ECONNRESET
[2024-01-17T20:54:49.278] [ERROR] default - Error: read ECONNRESET
    at TCP.onStreamRead (node:internal/stream_base_commons:217:20) {
  errno: -104,
  code: 'ECONNRESET',
  syscall: 'read'
}
[2024-01-17T20:54:49.278] [ERROR] default - Error (getReserves(0x101640e107C4a72DeC79826768C239F1eB48cc85)): Error: read ECONNRESET
[2024-01-17T20:54:49.278] [ERROR] default - Error: read ECONNRESET
    at TCP.onStreamRead (node:internal/stream_base_commons:217:20) {
  errno: -104,
  code: 'ECONNRESET',
  syscall: 'read'
}
[2024-01-17T20:54:49.279] [ERROR] default - Error (getReserves(0x101640e107C4a72DeC79826768C239F1eB48cc85)): Error: read ECONNRESET
[2024-01-17T20:54:49.279] [ERROR] default - Error: read ECONNRESET
    at TCP.onStreamRead (node:internal/stream_base_commons:217:20) {
  errno: -104,
  code: 'ECONNRESET',
  syscall: 'read'
}
[2024-01-17T20:54:49.279] [ERROR] default - Error (getReserves(0x101640e107C4a72DeC79826768C239F1eB48cc85)): Error: read ECONNRESET
[2024-01-17T20:54:49.279] [ERROR] default - Error: read ECONNRESET
    at TCP.onStreamRead (node:internal/stream_base_commons:217:20) {
  errno: -104,
  code: 'ECONNRESET',
  syscall: 'read'
}
[2024-01-17T20:54:49.280] [ERROR] default - Error (getReserves(0xC8174d091c288FF78De98303c2973140Cbcf3B23)): Error: read ECONNRESET
[2024-01-17T20:54:49.280] [ERROR] default - Error: read ECONNRESET
    at TCP.onStreamRead (node:internal/stream_base_commons:217:20) {
  errno: -104,
  code: 'ECONNRESET',
  syscall: 'read'
}
[2024-01-17T20:54:49.281] [ERROR] default - Error (getReserves(0xC8174d091c288FF78De98303c2973140Cbcf3B23)): Error: read ECONNRESET
[2024-01-17T20:54:49.281] [ERROR] default - Error: read ECONNRESET
    at TCP.onStreamRead (node:internal/stream_base_commons:217:20) {
  errno: -104,
  code: 'ECONNRESET',
  syscall: 'read'
}
[2024-01-17T20:54:49.281] [ERROR] default - Error (getReserves(0x101640e107C4a72DeC79826768C239F1eB48cc85)): Error: read ECONNRESET
[2024-01-17T20:54:49.282] [ERROR] default - Error: read ECONNRESET
    at TCP.onStreamRead (node:internal/stream_base_commons:217:20) {
  errno: -104,
  code: 'ECONNRESET',
  syscall: 'read'
}
[2024-01-17T20:54:49.282] [ERROR] default - Error (getReserves(0x101640e107C4a72DeC79826768C239F1eB48cc85)): Error: read ECONNRESET
[2024-01-17T20:54:49.282] [ERROR] default - Error: read ECONNRESET
    at TCP.onStreamRead (node:internal/stream_base_commons:217:20) {
  errno: -104,
  code: 'ECONNRESET',
  syscall: 'read'
}
[2024-01-17T20:54:49.282] [ERROR] default - Error (getReserves(0x101640e107C4a72DeC79826768C239F1eB48cc85)): Error: read ECONNRESET
[2024-01-17T20:54:49.283] [ERROR] default - Error: read ECONNRESET
    at TCP.onStreamRead (node:internal/stream_base_commons:217:20) {
  errno: -104,
  code: 'ECONNRESET',
  syscall: 'read'
}
[2024-01-17T20:54:49.283] [ERROR] default - Error (getReserves(0x101640e107C4a72DeC79826768C239F1eB48cc85)): Error: read ECONNRESET
[2024-01-17T20:54:49.283] [ERROR] default - Error: read ECONNRESET
    at TCP.onStreamRead (node:internal/stream_base_commons:217:20) {
  errno: -104,
  code: 'ECONNRESET',
  syscall: 'read'
}
[2024-01-17T20:54:49.283] [ERROR] default - Error (getReserves(0xC8174d091c288FF78De98303c2973140Cbcf3B23)): Error: read ECONNRESET
[2024-01-17T20:54:49.284] [ERROR] default - Error: read ECONNRESET
    at TCP.onStreamRead (node:internal/stream_base_commons:217:20) {
  errno: -104,
  code: 'ECONNRESET',
  syscall: 'read'
}
[2024-01-17T20:54:49.284] [ERROR] default - Error (getReserves(0xC8174d091c288FF78De98303c2973140Cbcf3B23)): Error: read ECONNRESET
[2024-01-17T20:54:49.284] [ERROR] default - Error: read ECONNRESET
    at TCP.onStreamRead (node:internal/stream_base_commons:217:20) {
  errno: -104,
  code: 'ECONNRESET',
  syscall: 'read'
}
[2024-01-17T20:54:49.284] [ERROR] default - Error (getReserves(0xb965c131f1C48d89B1760860b782D2aCDF87273b)): Error: read ECONNRESET
[2024-01-17T20:54:49.284] [ERROR] default - Error: read ECONNRESET
    at TCP.onStreamRead (node:internal/stream_base_commons:217:20) {
  errno: -104,
  code: 'ECONNRESET',
  syscall: 'read'
}
[2024-01-17T20:54:49.285] [ERROR] default - Error (getReserves(0xb965c131f1C48d89B1760860b782D2aCDF87273b)): Error: read ECONNRESET
[2024-01-17T20:54:49.285] [ERROR] default - Error: read ECONNRESET
    at TCP.onStreamRead (node:internal/stream_base_commons:217:20) {
  errno: -104,
  code: 'ECONNRESET',
  syscall: 'read'
}
[2024-01-17T20:54:49.285] [ERROR] default - Error (getReserves(0x853Ee4b2A13f8a742d64C8F088bE7bA2131f670d)): Error: read ECONNRESET
[2024-01-17T20:54:49.285] [ERROR] default - Error: read ECONNRESET
    at TCP.onStreamRead (node:internal/stream_base_commons:217:20) {
  errno: -104,
  code: 'ECONNRESET',
  syscall: 'read'
}
[2024-01-17T20:54:49.286] [ERROR] default - Error (getReserves(0x853Ee4b2A13f8a742d64C8F088bE7bA2131f670d)): Error: read ECONNRESET
[2024-01-17T20:54:49.286] [ERROR] default - Error: read ECONNRESET
    at TCP.onStreamRead (node:internal/stream_base_commons:217:20) {
  errno: -104,
  code: 'ECONNRESET',
  syscall: 'read'
}
[2024-01-17T20:54:49.286] [ERROR] default - Error (getReserves(0xb965c131f1C48d89B1760860b782D2aCDF87273b)): Error: read ECONNRESET
[2024-01-17T20:54:49.286] [ERROR] default - Error: read ECONNRESET
    at TCP.onStreamRead (node:internal/stream_base_commons:217:20) {
  errno: -104,
  code: 'ECONNRESET',
  syscall: 'read'
}
[2024-01-17T20:54:49.287] [ERROR] default - Error (getReserves(0xb965c131f1C48d89B1760860b782D2aCDF87273b)): Error: read ECONNRESET
[2024-01-17T20:54:49.287] [ERROR] default - Error: read ECONNRESET
    at TCP.onStreamRead (node:internal/stream_base_commons:217:20) {
  errno: -104,
  code: 'ECONNRESET',
  syscall: 'read'
}
[2024-01-17T20:54:49.288] [ERROR] default - Error (getReserves(0xA2937659873ef52Da71a399e4079EBb2a7e5fFF6)): Error: read ECONNRESET
[2024-01-17T20:54:49.288] [ERROR] default - Error: read ECONNRESET
    at TCP.onStreamRead (node:internal/stream_base_commons:217:20) {
  errno: -104,
  code: 'ECONNRESET',
  syscall: 'read'
}
[2024-01-17T20:54:49.288] [ERROR] default - Error (getReserves(0xA2937659873ef52Da71a399e4079EBb2a7e5fFF6)): Error: read ECONNRESET
[2024-01-17T20:54:49.288] [ERROR] default - Error: read ECONNRESET
    at TCP.onStreamRead (node:internal/stream_base_commons:217:20) {
  errno: -104,
  code: 'ECONNRESET',
  syscall: 'read'
}
[2024-01-17T20:54:49.289] [ERROR] default - Error (getReserves(0xA2937659873ef52Da71a399e4079EBb2a7e5fFF6)): Error: read ECONNRESET
[2024-01-17T20:54:49.289] [ERROR] default - Error: read ECONNRESET
    at TCP.onStreamRead (node:internal/stream_base_commons:217:20) {
  errno: -104,
  code: 'ECONNRESET',
  syscall: 'read'
}
[2024-01-17T20:54:49.289] [ERROR] default - Error (getReserves(0xA2937659873ef52Da71a399e4079EBb2a7e5fFF6)): Error: read ECONNRESET
[2024-01-17T20:54:49.289] [ERROR] default - Error: read ECONNRESET
    at TCP.onStreamRead (node:internal/stream_base_commons:217:20) {
  errno: -104,
  code: 'ECONNRESET',
  syscall: 'read'
}
[2024-01-17T20:54:49.290] [ERROR] default - Error (getReserves(0xb965c131f1C48d89B1760860b782D2aCDF87273b)): Error: read ECONNRESET
[2024-01-17T20:54:49.290] [ERROR] default - Error: read ECONNRESET
    at TCP.onStreamRead (node:internal/stream_base_commons:217:20) {
  errno: -104,
  code: 'ECONNRESET',
  syscall: 'read'
}
[2024-01-17T20:54:49.290] [ERROR] default - Error (getReserves(0xb965c131f1C48d89B1760860b782D2aCDF87273b)): Error: read ECONNRESET
[2024-01-17T20:54:49.290] [ERROR] default - Error: read ECONNRESET
    at TCP.onStreamRead (node:internal/stream_base_commons:217:20) {
  errno: -104,
  code: 'ECONNRESET',
  syscall: 'read'
}
[2024-01-17T20:54:49.476] [ERROR] default - Error (getReserves(0xd32f3139A214034A0f9777c87eE0a064c1FF6AE2)): Error: read ECONNRESET
[2024-01-17T20:54:49.476] [ERROR] default - Error: read ECONNRESET
    at TCP.onStreamRead (node:internal/stream_base_commons:217:20) {
  errno: -104,
  code: 'ECONNRESET',
  syscall: 'read'
}
[2024-01-17T20:54:49.477] [ERROR] default - Error (getReserves(0xd32f3139A214034A0f9777c87eE0a064c1FF6AE2)): Error: read ECONNRESET
[2024-01-17T20:54:49.477] [ERROR] default - Error: read ECONNRESET
    at TCP.onStreamRead (node:internal/stream_base_commons:217:20) {
  errno: -104,
  code: 'ECONNRESET',
  syscall: 'read'
}
[2024-01-17T20:54:49.477] [ERROR] default - Error (getReserves(0xd32f3139A214034A0f9777c87eE0a064c1FF6AE2)): Error: read ECONNRESET
[2024-01-17T20:54:49.477] [ERROR] default - Error: read ECONNRESET
    at TCP.onStreamRead (node:internal/stream_base_commons:217:20) {
  errno: -104,
  code: 'ECONNRESET',
  syscall: 'read'
}
[2024-01-17T20:54:49.478] [ERROR] default - Error (getReserves(0xd32f3139A214034A0f9777c87eE0a064c1FF6AE2)): Error: read ECONNRESET
[2024-01-17T20:54:49.478] [ERROR] default - Error: read ECONNRESET
    at TCP.onStreamRead (node:internal/stream_base_commons:217:20) {
  errno: -104,
  code: 'ECONNRESET',
  syscall: 'read'
}
[2024-01-17T20:54:49.478] [ERROR] default - Error (getReserves(0xd32f3139A214034A0f9777c87eE0a064c1FF6AE2)): Error: read ECONNRESET
[2024-01-17T20:54:49.479] [ERROR] default - Error: read ECONNRESET
    at TCP.onStreamRead (node:internal/stream_base_commons:217:20) {
  errno: -104,
  code: 'ECONNRESET',
  syscall: 'read'
}
[2024-01-17T20:54:49.479] [ERROR] default - Error (getReserves(0xd32f3139A214034A0f9777c87eE0a064c1FF6AE2)): Error: read ECONNRESET
[2024-01-17T20:54:49.479] [ERROR] default - Error: read ECONNRESET
    at TCP.onStreamRead (node:internal/stream_base_commons:217:20) {
  errno: -104,
  code: 'ECONNRESET',
  syscall: 'read'
}
[2024-01-17T20:54:49.480] [ERROR] default - Error (getReserves(0xd32f3139A214034A0f9777c87eE0a064c1FF6AE2)): Error: read ECONNRESET
[2024-01-17T20:54:49.480] [ERROR] default - Error: read ECONNRESET
    at TCP.onStreamRead (node:internal/stream_base_commons:217:20) {
  errno: -104,
  code: 'ECONNRESET',
  syscall: 'read'
}
[2024-01-17T20:54:49.480] [ERROR] default - Error (getReserves(0xd32f3139A214034A0f9777c87eE0a064c1FF6AE2)): Error: read ECONNRESET
[2024-01-17T20:54:49.480] [ERROR] default - Error: read ECONNRESET
    at TCP.onStreamRead (node:internal/stream_base_commons:217:20) {
  errno: -104,
  code: 'ECONNRESET',
  syscall: 'read'
}
[2024-01-17T20:54:49.481] [ERROR] default - Error (getReserves(0x65D43B64E3B31965Cd5EA367D4c2b94c03084797)): Error: read ECONNRESET
[2024-01-17T20:54:49.481] [ERROR] default - Error: read ECONNRESET
    at TCP.onStreamRead (node:internal/stream_base_commons:217:20) {
  errno: -104,
  code: 'ECONNRESET',
  syscall: 'read'
}
[2024-01-17T20:54:49.481] [ERROR] default - Error (getReserves(0x65D43B64E3B31965Cd5EA367D4c2b94c03084797)): Error: read ECONNRESET
[2024-01-17T20:54:49.482] [ERROR] default - Error: read ECONNRESET
    at TCP.onStreamRead (node:internal/stream_base_commons:217:20) {
  errno: -104,
  code: 'ECONNRESET',
  syscall: 'read'
}
[2024-01-17T20:54:49.482] [ERROR] default - Error (getReserves(0xC8174d091c288FF78De98303c2973140Cbcf3B23)): Error: read ECONNRESET
[2024-01-17T20:54:49.482] [ERROR] default - Error: read ECONNRESET
    at TCP.onStreamRead (node:internal/stream_base_commons:217:20) {
  errno: -104,
  code: 'ECONNRESET',
  syscall: 'read'
}
[2024-01-17T20:54:49.482] [ERROR] default - Error (getReserves(0xC8174d091c288FF78De98303c2973140Cbcf3B23)): Error: read ECONNRESET
[2024-01-17T20:54:49.483] [ERROR] default - Error: read ECONNRESET
    at TCP.onStreamRead (node:internal/stream_base_commons:217:20) {
  errno: -104,
  code: 'ECONNRESET',
  syscall: 'read'
}
[2024-01-17T20:54:49.483] [ERROR] default - Error (getReserves(0x97B4f2797cC903D76F9b8ff41A94286F0B16198e)): Error: read ECONNRESET
[2024-01-17T20:54:49.483] [ERROR] default - Error: read ECONNRESET
    at TCP.onStreamRead (node:internal/stream_base_commons:217:20) {
  errno: -104,
  code: 'ECONNRESET',
  syscall: 'read'
}
[2024-01-17T20:54:49.483] [ERROR] default - Error (getReserves(0x97B4f2797cC903D76F9b8ff41A94286F0B16198e)): Error: read ECONNRESET
[2024-01-17T20:54:49.483] [ERROR] default - Error: read ECONNRESET
    at TCP.onStreamRead (node:internal/stream_base_commons:217:20) {
  errno: -104,
  code: 'ECONNRESET',
  syscall: 'read'
}
[2024-01-17T20:54:49.484] [ERROR] default - Error (getReserves(0x9cE65ae286e74f1268D19aB9b25f102C25DbDCb4)): Error: read ECONNRESET
[2024-01-17T20:54:49.484] [ERROR] default - Error: read ECONNRESET
    at TCP.onStreamRead (node:internal/stream_base_commons:217:20) {
  errno: -104,
  code: 'ECONNRESET',
  syscall: 'read'
}
[2024-01-17T20:54:49.484] [ERROR] default - Error (getReserves(0x9cE65ae286e74f1268D19aB9b25f102C25DbDCb4)): Error: read ECONNRESET
[2024-01-17T20:54:49.484] [ERROR] default - Error: read ECONNRESET
    at TCP.onStreamRead (node:internal/stream_base_commons:217:20) {
  errno: -104,
  code: 'ECONNRESET',
  syscall: 'read'
}
[2024-01-17T20:54:49.485] [ERROR] default - Error (getReserves(0xd32f3139A214034A0f9777c87eE0a064c1FF6AE2)): Error: read ECONNRESET
[2024-01-17T20:54:49.485] [ERROR] default - Error: read ECONNRESET
    at TCP.onStreamRead (node:internal/stream_base_commons:217:20) {
  errno: -104,
  code: 'ECONNRESET',
  syscall: 'read'
}
[2024-01-17T20:54:49.485] [ERROR] default - Error (getReserves(0xd32f3139A214034A0f9777c87eE0a064c1FF6AE2)): Error: read ECONNRESET
[2024-01-17T20:54:49.485] [ERROR] default - Error: read ECONNRESET
    at TCP.onStreamRead (node:internal/stream_base_commons:217:20) {
  errno: -104,
  code: 'ECONNRESET',
  syscall: 'read'
}
[2024-01-17T20:54:49.485] [ERROR] default - Error (getReserves(0x101640e107C4a72DeC79826768C239F1eB48cc85)): Error: read ECONNRESET
[2024-01-17T20:54:49.486] [ERROR] default - Error: read ECONNRESET
    at TCP.onStreamRead (node:internal/stream_base_commons:217:20) {
  errno: -104,
  code: 'ECONNRESET',
  syscall: 'read'
}
[2024-01-17T20:54:49.486] [ERROR] default - Error (getReserves(0x101640e107C4a72DeC79826768C239F1eB48cc85)): Error: read ECONNRESET
[2024-01-17T20:54:49.486] [ERROR] default - Error: read ECONNRESET
    at TCP.onStreamRead (node:internal/stream_base_commons:217:20) {
  errno: -104,
  code: 'ECONNRESET',
  syscall: 'read'
}
[2024-01-17T20:54:49.486] [ERROR] default - Error (getReserves(0x101640e107C4a72DeC79826768C239F1eB48cc85)): Error: read ECONNRESET
[2024-01-17T20:54:49.486] [ERROR] default - Error: read ECONNRESET
    at TCP.onStreamRead (node:internal/stream_base_commons:217:20) {
  errno: -104,
  code: 'ECONNRESET',
  syscall: 'read'
}
[2024-01-17T20:54:49.487] [ERROR] default - Error (getReserves(0x101640e107C4a72DeC79826768C239F1eB48cc85)): Error: read ECONNRESET
[2024-01-17T20:54:49.487] [ERROR] default - Error: read ECONNRESET
    at TCP.onStreamRead (node:internal/stream_base_commons:217:20) {
  errno: -104,
  code: 'ECONNRESET',
  syscall: 'read'
}
[2024-01-17T20:54:49.487] [ERROR] default - Error (getReserves(0xC8174d091c288FF78De98303c2973140Cbcf3B23)): Error: read ECONNRESET
[2024-01-17T20:54:49.487] [ERROR] default - Error: read ECONNRESET
    at TCP.onStreamRead (node:internal/stream_base_commons:217:20) {
  errno: -104,
  code: 'ECONNRESET',
  syscall: 'read'
}
[2024-01-17T20:54:49.488] [ERROR] default - Error (getReserves(0xC8174d091c288FF78De98303c2973140Cbcf3B23)): Error: read ECONNRESET
[2024-01-17T20:54:49.488] [ERROR] default - Error: read ECONNRESET
    at TCP.onStreamRead (node:internal/stream_base_commons:217:20) {
  errno: -104,
  code: 'ECONNRESET',
  syscall: 'read'
}
[2024-01-17T20:54:49.488] [ERROR] default - Error (getReserves(0x101640e107C4a72DeC79826768C239F1eB48cc85)): Error: read ECONNRESET
[2024-01-17T20:54:49.488] [ERROR] default - Error: read ECONNRESET
    at TCP.onStreamRead (node:internal/stream_base_commons:217:20) {
  errno: -104,
  code: 'ECONNRESET',
  syscall: 'read'
}
[2024-01-17T20:54:49.488] [ERROR] default - Error (getReserves(0x101640e107C4a72DeC79826768C239F1eB48cc85)): Error: read ECONNRESET
[2024-01-17T20:54:49.489] [ERROR] default - Error: read ECONNRESET
    at TCP.onStreamRead (node:internal/stream_base_commons:217:20) {
  errno: -104,
  code: 'ECONNRESET',
  syscall: 'read'
}
[2024-01-17T20:54:49.489] [ERROR] default - Error (getReserves(0x101640e107C4a72DeC79826768C239F1eB48cc85)): Error: read ECONNRESET
[2024-01-17T20:54:49.489] [ERROR] default - Error: read ECONNRESET
    at TCP.onStreamRead (node:internal/stream_base_commons:217:20) {
  errno: -104,
  code: 'ECONNRESET',
  syscall: 'read'
}
[2024-01-17T20:54:49.489] [ERROR] default - Error (getReserves(0x101640e107C4a72DeC79826768C239F1eB48cc85)): Error: read ECONNRESET
[2024-01-17T20:54:49.489] [ERROR] default - Error: read ECONNRESET
    at TCP.onStreamRead (node:internal/stream_base_commons:217:20) {
  errno: -104,
  code: 'ECONNRESET',
  syscall: 'read'
}
[2024-01-17T20:54:49.490] [ERROR] default - Error (getReserves(0xC8174d091c288FF78De98303c2973140Cbcf3B23)): Error: read ECONNRESET
[2024-01-17T20:54:49.490] [ERROR] default - Error: read ECONNRESET
    at TCP.onStreamRead (node:internal/stream_base_commons:217:20) {
  errno: -104,
  code: 'ECONNRESET',
  syscall: 'read'
}
[2024-01-17T20:54:49.490] [ERROR] default - Error (getReserves(0xC8174d091c288FF78De98303c2973140Cbcf3B23)): Error: read ECONNRESET
[2024-01-17T20:54:49.490] [ERROR] default - Error: read ECONNRESET
    at TCP.onStreamRead (node:internal/stream_base_commons:217:20) {
  errno: -104,
  code: 'ECONNRESET',
  syscall: 'read'
}
[2024-01-17T20:54:49.491] [ERROR] default - Error (getReserves(0xb965c131f1C48d89B1760860b782D2aCDF87273b)): Error: read ECONNRESET
[2024-01-17T20:54:49.491] [ERROR] default - Error: read ECONNRESET
    at TCP.onStreamRead (node:internal/stream_base_commons:217:20) {
  errno: -104,
  code: 'ECONNRESET',
  syscall: 'read'
}
[2024-01-17T20:54:49.491] [ERROR] default - Error (getReserves(0xb965c131f1C48d89B1760860b782D2aCDF87273b)): Error: read ECONNRESET
[2024-01-17T20:54:49.492] [ERROR] default - Error: read ECONNRESET
    at TCP.onStreamRead (node:internal/stream_base_commons:217:20) {
  errno: -104,
  code: 'ECONNRESET',
  syscall: 'read'
}
[2024-01-17T20:54:49.492] [ERROR] default - Error (getReserves(0x853Ee4b2A13f8a742d64C8F088bE7bA2131f670d)): Error: read ECONNRESET
[2024-01-17T20:54:49.492] [ERROR] default - Error: read ECONNRESET
    at TCP.onStreamRead (node:internal/stream_base_commons:217:20) {
  errno: -104,
  code: 'ECONNRESET',
  syscall: 'read'
}
[2024-01-17T20:54:49.492] [ERROR] default - Error (getReserves(0x853Ee4b2A13f8a742d64C8F088bE7bA2131f670d)): Error: read ECONNRESET
[2024-01-17T20:54:49.493] [ERROR] default - Error: read ECONNRESET
    at TCP.onStreamRead (node:internal/stream_base_commons:217:20) {
  errno: -104,
  code: 'ECONNRESET',
  syscall: 'read'
}
[2024-01-17T20:54:49.493] [ERROR] default - Error (getReserves(0xb965c131f1C48d89B1760860b782D2aCDF87273b)): Error: read ECONNRESET
[2024-01-17T20:54:49.493] [ERROR] default - Error: read ECONNRESET
    at TCP.onStreamRead (node:internal/stream_base_commons:217:20) {
  errno: -104,
  code: 'ECONNRESET',
  syscall: 'read'
}
[2024-01-17T20:54:49.494] [ERROR] default - Error (getReserves(0xb965c131f1C48d89B1760860b782D2aCDF87273b)): Error: read ECONNRESET
[2024-01-17T20:54:49.495] [ERROR] default - Error: read ECONNRESET
    at TCP.onStreamRead (node:internal/stream_base_commons:217:20) {
  errno: -104,
  code: 'ECONNRESET',
  syscall: 'read'
}
[2024-01-17T20:54:49.496] [ERROR] default - Error (getReserves(0xA2937659873ef52Da71a399e4079EBb2a7e5fFF6)): Error: read ECONNRESET
[2024-01-17T20:54:49.498] [ERROR] default - Error: read ECONNRESET
    at TCP.onStreamRead (node:internal/stream_base_commons:217:20) {
  errno: -104,
  code: 'ECONNRESET',
  syscall: 'read'
}
[2024-01-17T20:54:49.498] [ERROR] default - Error (getReserves(0xA2937659873ef52Da71a399e4079EBb2a7e5fFF6)): Error: read ECONNRESET
[2024-01-17T20:54:49.498] [ERROR] default - Error: read ECONNRESET
    at TCP.onStreamRead (node:internal/stream_base_commons:217:20) {
  errno: -104,
  code: 'ECONNRESET',
  syscall: 'read'
}
[2024-01-17T20:54:49.499] [ERROR] default - Error (getReserves(0xA2937659873ef52Da71a399e4079EBb2a7e5fFF6)): Error: read ECONNRESET
[2024-01-17T20:54:49.499] [ERROR] default - Error: read ECONNRESET
    at TCP.onStreamRead (node:internal/stream_base_commons:217:20) {
  errno: -104,
  code: 'ECONNRESET',
  syscall: 'read'
}
[2024-01-17T20:54:49.499] [ERROR] default - Error (getReserves(0xA2937659873ef52Da71a399e4079EBb2a7e5fFF6)): Error: read ECONNRESET
[2024-01-17T20:54:49.499] [ERROR] default - Error: read ECONNRESET
    at TCP.onStreamRead (node:internal/stream_base_commons:217:20) {
  errno: -104,
  code: 'ECONNRESET',
  syscall: 'read'
}
[2024-01-17T20:54:49.499] [ERROR] default - Error (getReserves(0xb965c131f1C48d89B1760860b782D2aCDF87273b)): Error: read ECONNRESET
[2024-01-17T20:54:49.500] [ERROR] default - Error: read ECONNRESET
    at TCP.onStreamRead (node:internal/stream_base_commons:217:20) {
  errno: -104,
  code: 'ECONNRESET',
  syscall: 'read'
}
[2024-01-17T20:54:49.500] [ERROR] default - Error (getReserves(0xb965c131f1C48d89B1760860b782D2aCDF87273b)): Error: read ECONNRESET
[2024-01-17T20:54:49.500] [ERROR] default - Error: read ECONNRESET
    at TCP.onStreamRead (node:internal/stream_base_commons:217:20) {
  errno: -104,
  code: 'ECONNRESET',
  syscall: 'read'
}
[2024-01-17T20:55:39.188] [ERROR] default - TELEGRAM ERROR: Telegram bot token not found in environment variables
[2024-01-17T20:55:43.259] [INFO] default - New block received: Block # 51505924
[2024-01-17T20:55:43.375] [INFO] default - New block received: Block # 51505925
[2024-01-17T20:55:52.888] [INFO] default - New block received: Block # 51505926
[2024-01-17T20:55:52.969] [INFO] default - New block received: Block # 51505927
[2024-01-17T20:55:53.186] [INFO] default - New block received: Block # 51505928
[2024-01-17T20:55:53.202] [INFO] default - New block received: Block # 51505929
[2024-01-17T20:55:53.215] [INFO] default - New block received: Block # 51505930
[2024-01-17T21:09:47.439] [ERROR] default - TELEGRAM ERROR: Telegram bot token not found in environment variables
[2024-01-17T21:09:51.507] [INFO] default - New block received: Block # 51500291
[2024-01-17T21:09:51.616] [INFO] default - New block received: Block # 51500292
[2024-01-17T21:09:57.500] [INFO] default - New block received: Block # 51500293
[2024-01-17T21:09:57.506] [INFO] default - New block received: Block # 51500294
[2024-01-17T21:10:06.475] [INFO] default - New block received: Block # 51500295
[2024-01-17T21:10:11.989] [ERROR] default - Error (getReserves(0x65D43B64E3B31965Cd5EA367D4c2b94c03084797)): Error: read ECONNRESET
[2024-01-17T21:10:11.989] [ERROR] default - Error: read ECONNRESET
    at TCP.onStreamRead (node:internal/stream_base_commons:217:20) {
  errno: -104,
  code: 'ECONNRESET',
  syscall: 'read'
}
[2024-01-17T21:10:11.991] [ERROR] default - Error (getReserves(0x8A4CEb4DffA238539C5d62Ce424980e8fdb21EBc)): Error: read ECONNRESET
[2024-01-17T21:10:11.992] [ERROR] default - Error: read ECONNRESET
    at TCP.onStreamRead (node:internal/stream_base_commons:217:20) {
  errno: -104,
  code: 'ECONNRESET',
  syscall: 'read'
}
[2024-01-17T21:10:11.993] [ERROR] default - Error (getReserves(0x8A4CEb4DffA238539C5d62Ce424980e8fdb21EBc)): Error: read ECONNRESET
[2024-01-17T21:10:11.994] [ERROR] default - Error: read ECONNRESET
    at TCP.onStreamRead (node:internal/stream_base_commons:217:20) {
  errno: -104,
  code: 'ECONNRESET',
  syscall: 'read'
}
[2024-01-17T21:10:11.995] [ERROR] default - Error (getReserves(0x65D43B64E3B31965Cd5EA367D4c2b94c03084797)): Error: read ECONNRESET
[2024-01-17T21:10:11.996] [ERROR] default - Error: read ECONNRESET
    at TCP.onStreamRead (node:internal/stream_base_commons:217:20) {
  errno: -104,
  code: 'ECONNRESET',
  syscall: 'read'
}
[2024-01-17T21:10:11.997] [ERROR] default - Error (getReserves(0x65D43B64E3B31965Cd5EA367D4c2b94c03084797)): Error: read ECONNRESET
[2024-01-17T21:10:11.998] [ERROR] default - Error: read ECONNRESET
    at TCP.onStreamRead (node:internal/stream_base_commons:217:20) {
  errno: -104,
  code: 'ECONNRESET',
  syscall: 'read'
}
[2024-01-17T21:10:12.011] [ERROR] default - Error (getReserves(0x019011032a7ac3A87eE885B6c08467AC46ad11CD)): Error: read ECONNRESET
[2024-01-17T21:10:12.011] [ERROR] default - Error: read ECONNRESET
    at TCP.onStreamRead (node:internal/stream_base_commons:217:20) {
  errno: -104,
  code: 'ECONNRESET',
  syscall: 'read'
}
[2024-01-17T21:10:12.011] [ERROR] default - Error (getReserves(0x019011032a7ac3A87eE885B6c08467AC46ad11CD)): Error: read ECONNRESET
[2024-01-17T21:10:12.011] [ERROR] default - Error: read ECONNRESET
    at TCP.onStreamRead (node:internal/stream_base_commons:217:20) {
  errno: -104,
  code: 'ECONNRESET',
  syscall: 'read'
}
[2024-01-17T21:10:12.012] [ERROR] default - Error (getReserves(0x6e7a5FAFcec6BB1e78bAE2A1F0B612012BF14827)): Error: read ECONNRESET
[2024-01-17T21:10:12.012] [ERROR] default - Error: read ECONNRESET
    at TCP.onStreamRead (node:internal/stream_base_commons:217:20) {
  errno: -104,
  code: 'ECONNRESET',
  syscall: 'read'
}
[2024-01-17T21:10:12.012] [ERROR] default - Error (getReserves(0x6e7a5FAFcec6BB1e78bAE2A1F0B612012BF14827)): Error: read ECONNRESET
[2024-01-17T21:10:12.013] [ERROR] default - Error: read ECONNRESET
    at TCP.onStreamRead (node:internal/stream_base_commons:217:20) {
  errno: -104,
  code: 'ECONNRESET',
  syscall: 'read'
}
[2024-01-17T21:10:12.013] [ERROR] default - Error (getReserves(0x8C26252B14F9b071585B81b240C4ae2176E8cD3C)): Error: read ECONNRESET
[2024-01-17T21:10:12.013] [ERROR] default - Error: read ECONNRESET
    at TCP.onStreamRead (node:internal/stream_base_commons:217:20) {
  errno: -104,
  code: 'ECONNRESET',
  syscall: 'read'
}
[2024-01-17T21:10:12.013] [ERROR] default - Error (getReserves(0x8C26252B14F9b071585B81b240C4ae2176E8cD3C)): Error: read ECONNRESET
[2024-01-17T21:10:12.014] [ERROR] default - Error: read ECONNRESET
    at TCP.onStreamRead (node:internal/stream_base_commons:217:20) {
  errno: -104,
  code: 'ECONNRESET',
  syscall: 'read'
}
[2024-01-17T21:10:12.014] [ERROR] default - Error (getReserves(0xFEFF91C350bB564cA5Dc7D6F7DcD12ac092F94FF)): Error: read ECONNRESET
[2024-01-17T21:10:12.014] [ERROR] default - Error: read ECONNRESET
    at TCP.onStreamRead (node:internal/stream_base_commons:217:20) {
  errno: -104,
  code: 'ECONNRESET',
  syscall: 'read'
}
[2024-01-17T21:10:12.015] [ERROR] default - Error (getReserves(0xFEFF91C350bB564cA5Dc7D6F7DcD12ac092F94FF)): Error: read ECONNRESET
[2024-01-17T21:10:12.015] [ERROR] default - Error: read ECONNRESET
    at TCP.onStreamRead (node:internal/stream_base_commons:217:20) {
  errno: -104,
  code: 'ECONNRESET',
  syscall: 'read'
}
[2024-01-17T21:10:12.015] [ERROR] default - Error (getReserves(0x3B02A89628A375FAf4FC5eC83566801E9d9DCE02)): Error: read ECONNRESET
[2024-01-17T21:10:12.016] [ERROR] default - Error: read ECONNRESET
    at TCP.onStreamRead (node:internal/stream_base_commons:217:20) {
  errno: -104,
  code: 'ECONNRESET',
  syscall: 'read'
}
[2024-01-17T21:10:12.016] [ERROR] default - Error (getReserves(0x3B02A89628A375FAf4FC5eC83566801E9d9DCE02)): Error: read ECONNRESET
[2024-01-17T21:10:12.016] [ERROR] default - Error: read ECONNRESET
    at TCP.onStreamRead (node:internal/stream_base_commons:217:20) {
  errno: -104,
  code: 'ECONNRESET',
  syscall: 'read'
}
[2024-01-17T21:10:12.016] [ERROR] default - Error (getReserves(0x9cE65ae286e74f1268D19aB9b25f102C25DbDCb4)): Error: read ECONNRESET
[2024-01-17T21:10:12.016] [ERROR] default - Error: read ECONNRESET
    at TCP.onStreamRead (node:internal/stream_base_commons:217:20) {
  errno: -104,
  code: 'ECONNRESET',
  syscall: 'read'
}
[2024-01-17T21:10:12.017] [ERROR] default - Error (getReserves(0x9cE65ae286e74f1268D19aB9b25f102C25DbDCb4)): Error: read ECONNRESET
[2024-01-17T21:10:12.017] [ERROR] default - Error: read ECONNRESET
    at TCP.onStreamRead (node:internal/stream_base_commons:217:20) {
  errno: -104,
  code: 'ECONNRESET',
  syscall: 'read'
}
[2024-01-17T21:10:12.017] [ERROR] default - Error (getReserves(0xaC5D1a011aFD5C33Dcb3fdC8B2Ae5F4091080635)): Error: read ECONNRESET
[2024-01-17T21:10:12.017] [ERROR] default - Error: read ECONNRESET
    at TCP.onStreamRead (node:internal/stream_base_commons:217:20) {
  errno: -104,
  code: 'ECONNRESET',
  syscall: 'read'
}
[2024-01-17T21:10:12.017] [ERROR] default - Error (getReserves(0xaC5D1a011aFD5C33Dcb3fdC8B2Ae5F4091080635)): Error: read ECONNRESET
[2024-01-17T21:10:12.018] [ERROR] default - Error: read ECONNRESET
    at TCP.onStreamRead (node:internal/stream_base_commons:217:20) {
  errno: -104,
  code: 'ECONNRESET',
  syscall: 'read'
}
[2024-01-17T21:10:12.018] [ERROR] default - Error (getReserves(0xC4e90AE0298E0e7BE0102Cce64089231e1E2D67C)): Error: read ECONNRESET
[2024-01-17T21:10:12.018] [ERROR] default - Error: read ECONNRESET
    at TCP.onStreamRead (node:internal/stream_base_commons:217:20) {
  errno: -104,
  code: 'ECONNRESET',
  syscall: 'read'
}
[2024-01-17T21:10:12.018] [ERROR] default - Error (getReserves(0xC4e90AE0298E0e7BE0102Cce64089231e1E2D67C)): Error: read ECONNRESET
[2024-01-17T21:10:12.019] [ERROR] default - Error: read ECONNRESET
    at TCP.onStreamRead (node:internal/stream_base_commons:217:20) {
  errno: -104,
  code: 'ECONNRESET',
  syscall: 'read'
}
[2024-01-17T21:10:12.019] [ERROR] default - Error (getReserves(0x8C26252B14F9b071585B81b240C4ae2176E8cD3C)): Error: read ECONNRESET
[2024-01-17T21:10:12.019] [ERROR] default - Error: read ECONNRESET
    at TCP.onStreamRead (node:internal/stream_base_commons:217:20) {
  errno: -104,
  code: 'ECONNRESET',
  syscall: 'read'
}
[2024-01-17T21:10:12.019] [ERROR] default - Error (getReserves(0x8C26252B14F9b071585B81b240C4ae2176E8cD3C)): Error: read ECONNRESET
[2024-01-17T21:10:12.020] [ERROR] default - Error: read ECONNRESET
    at TCP.onStreamRead (node:internal/stream_base_commons:217:20) {
  errno: -104,
  code: 'ECONNRESET',
  syscall: 'read'
}
[2024-01-17T21:10:12.020] [ERROR] default - Error (getReserves(0xaC5D1a011aFD5C33Dcb3fdC8B2Ae5F4091080635)): Error: read ECONNRESET
[2024-01-17T21:10:12.031] [ERROR] default - Error: read ECONNRESET
    at TCP.onStreamRead (node:internal/stream_base_commons:217:20) {
  errno: -104,
  code: 'ECONNRESET',
  syscall: 'read'
}
[2024-01-17T21:10:12.033] [ERROR] default - Error (getReserves(0xaC5D1a011aFD5C33Dcb3fdC8B2Ae5F4091080635)): Error: read ECONNRESET
[2024-01-17T21:10:12.034] [ERROR] default - Error: read ECONNRESET
    at TCP.onStreamRead (node:internal/stream_base_commons:217:20) {
  errno: -104,
  code: 'ECONNRESET',
  syscall: 'read'
}
[2024-01-17T21:10:12.034] [ERROR] default - Error (getReserves(0x8C26252B14F9b071585B81b240C4ae2176E8cD3C)): Error: read ECONNRESET
[2024-01-17T21:10:12.034] [ERROR] default - Error: read ECONNRESET
    at TCP.onStreamRead (node:internal/stream_base_commons:217:20) {
  errno: -104,
  code: 'ECONNRESET',
  syscall: 'read'
}
[2024-01-17T21:10:12.034] [ERROR] default - Error (getReserves(0x8C26252B14F9b071585B81b240C4ae2176E8cD3C)): Error: read ECONNRESET
[2024-01-17T21:10:12.035] [ERROR] default - Error: read ECONNRESET
    at TCP.onStreamRead (node:internal/stream_base_commons:217:20) {
  errno: -104,
  code: 'ECONNRESET',
  syscall: 'read'
}
[2024-01-17T21:10:12.035] [ERROR] default - Error (getReserves(0x65D43B64E3B31965Cd5EA367D4c2b94c03084797)): Error: read ECONNRESET
[2024-01-17T21:10:12.035] [ERROR] default - Error: read ECONNRESET
    at TCP.onStreamRead (node:internal/stream_base_commons:217:20) {
  errno: -104,
  code: 'ECONNRESET',
  syscall: 'read'
}
[2024-01-17T21:10:12.035] [ERROR] default - Error (getReserves(0x65D43B64E3B31965Cd5EA367D4c2b94c03084797)): Error: read ECONNRESET
[2024-01-17T21:10:12.036] [ERROR] default - Error: read ECONNRESET
    at TCP.onStreamRead (node:internal/stream_base_commons:217:20) {
  errno: -104,
  code: 'ECONNRESET',
  syscall: 'read'
}
[2024-01-17T21:10:12.036] [ERROR] default - Error (getReserves(0x65D43B64E3B31965Cd5EA367D4c2b94c03084797)): Error: read ECONNRESET
[2024-01-17T21:10:12.036] [ERROR] default - Error: read ECONNRESET
    at TCP.onStreamRead (node:internal/stream_base_commons:217:20) {
  errno: -104,
  code: 'ECONNRESET',
  syscall: 'read'
}
[2024-01-17T21:10:12.036] [ERROR] default - Error (getReserves(0x65D43B64E3B31965Cd5EA367D4c2b94c03084797)): Error: read ECONNRESET
[2024-01-17T21:10:12.036] [ERROR] default - Error: read ECONNRESET
    at TCP.onStreamRead (node:internal/stream_base_commons:217:20) {
  errno: -104,
  code: 'ECONNRESET',
  syscall: 'read'
}
[2024-01-17T21:10:12.036] [ERROR] default - Error (getReserves(0xFEFF91C350bB564cA5Dc7D6F7DcD12ac092F94FF)): Error: read ECONNRESET
[2024-01-17T21:10:12.036] [ERROR] default - Error: read ECONNRESET
    at TCP.onStreamRead (node:internal/stream_base_commons:217:20) {
  errno: -104,
  code: 'ECONNRESET',
  syscall: 'read'
}
[2024-01-17T21:10:12.037] [ERROR] default - Error (getReserves(0xFEFF91C350bB564cA5Dc7D6F7DcD12ac092F94FF)): Error: read ECONNRESET
[2024-01-17T21:10:12.037] [ERROR] default - Error: read ECONNRESET
    at TCP.onStreamRead (node:internal/stream_base_commons:217:20) {
  errno: -104,
  code: 'ECONNRESET',
  syscall: 'read'
}
[2024-01-17T21:10:12.037] [ERROR] default - Error (getReserves(0x0509083749716B68f0fdB490a59Ca62F2cfFEbB9)): Error: read ECONNRESET
[2024-01-17T21:10:12.037] [ERROR] default - Error: read ECONNRESET
    at TCP.onStreamRead (node:internal/stream_base_commons:217:20) {
  errno: -104,
  code: 'ECONNRESET',
  syscall: 'read'
}
[2024-01-17T21:10:12.037] [ERROR] default - Error (getReserves(0x0509083749716B68f0fdB490a59Ca62F2cfFEbB9)): Error: read ECONNRESET
[2024-01-17T21:10:12.037] [ERROR] default - Error: read ECONNRESET
    at TCP.onStreamRead (node:internal/stream_base_commons:217:20) {
  errno: -104,
  code: 'ECONNRESET',
  syscall: 'read'
}
[2024-01-17T21:10:12.037] [ERROR] default - Error (getReserves(0xFEFF91C350bB564cA5Dc7D6F7DcD12ac092F94FF)): Error: read ECONNRESET
[2024-01-17T21:10:12.038] [ERROR] default - Error: read ECONNRESET
    at TCP.onStreamRead (node:internal/stream_base_commons:217:20) {
  errno: -104,
  code: 'ECONNRESET',
  syscall: 'read'
}
[2024-01-17T21:10:12.038] [ERROR] default - Error (getReserves(0xFEFF91C350bB564cA5Dc7D6F7DcD12ac092F94FF)): Error: read ECONNRESET
[2024-01-17T21:10:12.038] [ERROR] default - Error: read ECONNRESET
    at TCP.onStreamRead (node:internal/stream_base_commons:217:20) {
  errno: -104,
  code: 'ECONNRESET',
  syscall: 'read'
}
[2024-01-17T21:10:12.038] [ERROR] default - Error (getReserves(0xFEFF91C350bB564cA5Dc7D6F7DcD12ac092F94FF)): Error: read ECONNRESET
[2024-01-17T21:10:12.038] [ERROR] default - Error: read ECONNRESET
    at TCP.onStreamRead (node:internal/stream_base_commons:217:20) {
  errno: -104,
  code: 'ECONNRESET',
  syscall: 'read'
}
[2024-01-17T21:10:12.038] [ERROR] default - Error (getReserves(0xFEFF91C350bB564cA5Dc7D6F7DcD12ac092F94FF)): Error: read ECONNRESET
[2024-01-17T21:10:12.038] [ERROR] default - Error: read ECONNRESET
    at TCP.onStreamRead (node:internal/stream_base_commons:217:20) {
  errno: -104,
  code: 'ECONNRESET',
  syscall: 'read'
}
[2024-01-17T21:10:12.038] [ERROR] default - Error (getReserves(0x65D43B64E3B31965Cd5EA367D4c2b94c03084797)): Error: read ECONNRESET
[2024-01-17T21:10:12.038] [ERROR] default - Error: read ECONNRESET
    at TCP.onStreamRead (node:internal/stream_base_commons:217:20) {
  errno: -104,
  code: 'ECONNRESET',
  syscall: 'read'
}
[2024-01-17T21:10:12.039] [ERROR] default - Error (getReserves(0x65D43B64E3B31965Cd5EA367D4c2b94c03084797)): Error: read ECONNRESET
[2024-01-17T21:10:12.039] [ERROR] default - Error: read ECONNRESET
    at TCP.onStreamRead (node:internal/stream_base_commons:217:20) {
  errno: -104,
  code: 'ECONNRESET',
  syscall: 'read'
}
[2024-01-17T21:10:12.039] [ERROR] default - Error (getReserves(0x65D43B64E3B31965Cd5EA367D4c2b94c03084797)): Error: read ECONNRESET
[2024-01-17T21:10:12.039] [ERROR] default - Error: read ECONNRESET
    at TCP.onStreamRead (node:internal/stream_base_commons:217:20) {
  errno: -104,
  code: 'ECONNRESET',
  syscall: 'read'
}
[2024-01-17T21:10:12.039] [ERROR] default - Error (getReserves(0x65D43B64E3B31965Cd5EA367D4c2b94c03084797)): Error: read ECONNRESET
[2024-01-17T21:10:12.039] [ERROR] default - Error: read ECONNRESET
    at TCP.onStreamRead (node:internal/stream_base_commons:217:20) {
  errno: -104,
  code: 'ECONNRESET',
  syscall: 'read'
}
[2024-01-17T21:10:12.039] [ERROR] default - Error (getReserves(0x8A4CEb4DffA238539C5d62Ce424980e8fdb21EBc)): Error: read ECONNRESET
[2024-01-17T21:10:12.039] [ERROR] default - Error: read ECONNRESET
    at TCP.onStreamRead (node:internal/stream_base_commons:217:20) {
  errno: -104,
  code: 'ECONNRESET',
  syscall: 'read'
}
[2024-01-17T21:10:12.040] [ERROR] default - Error (getReserves(0x8A4CEb4DffA238539C5d62Ce424980e8fdb21EBc)): Error: read ECONNRESET
[2024-01-17T21:10:12.040] [ERROR] default - Error: read ECONNRESET
    at TCP.onStreamRead (node:internal/stream_base_commons:217:20) {
  errno: -104,
  code: 'ECONNRESET',
  syscall: 'read'
}
[2024-01-17T21:10:12.040] [ERROR] default - Error (getReserves(0x65D43B64E3B31965Cd5EA367D4c2b94c03084797)): Error: read ECONNRESET
[2024-01-17T21:10:12.040] [ERROR] default - Error: read ECONNRESET
    at TCP.onStreamRead (node:internal/stream_base_commons:217:20) {
  errno: -104,
  code: 'ECONNRESET',
  syscall: 'read'
}
[2024-01-17T21:10:12.040] [ERROR] default - Error (getReserves(0x65D43B64E3B31965Cd5EA367D4c2b94c03084797)): Error: read ECONNRESET
[2024-01-17T21:10:12.040] [ERROR] default - Error: read ECONNRESET
    at TCP.onStreamRead (node:internal/stream_base_commons:217:20) {
  errno: -104,
  code: 'ECONNRESET',
  syscall: 'read'
}
[2024-01-17T21:10:12.040] [ERROR] default - Error (getReserves(0x019011032a7ac3A87eE885B6c08467AC46ad11CD)): Error: read ECONNRESET
[2024-01-17T21:10:12.041] [ERROR] default - Error: read ECONNRESET
    at TCP.onStreamRead (node:internal/stream_base_commons:217:20) {
  errno: -104,
  code: 'ECONNRESET',
  syscall: 'read'
}
[2024-01-17T21:10:12.041] [ERROR] default - Error (getReserves(0x019011032a7ac3A87eE885B6c08467AC46ad11CD)): Error: read ECONNRESET
[2024-01-17T21:10:12.041] [ERROR] default - Error: read ECONNRESET
    at TCP.onStreamRead (node:internal/stream_base_commons:217:20) {
  errno: -104,
  code: 'ECONNRESET',
  syscall: 'read'
}
[2024-01-17T21:10:12.049] [ERROR] default - Error (getReserves(0x6e7a5FAFcec6BB1e78bAE2A1F0B612012BF14827)): Error: read ECONNRESET
[2024-01-17T21:10:12.052] [ERROR] default - Error: read ECONNRESET
    at TCP.onStreamRead (node:internal/stream_base_commons:217:20) {
  errno: -104,
  code: 'ECONNRESET',
  syscall: 'read'
}
[2024-01-17T21:10:12.055] [ERROR] default - Error (getReserves(0x6e7a5FAFcec6BB1e78bAE2A1F0B612012BF14827)): Error: read ECONNRESET
[2024-01-17T21:10:12.056] [ERROR] default - Error: read ECONNRESET
    at TCP.onStreamRead (node:internal/stream_base_commons:217:20) {
  errno: -104,
  code: 'ECONNRESET',
  syscall: 'read'
}
[2024-01-17T21:10:12.056] [ERROR] default - Error (getReserves(0x8C26252B14F9b071585B81b240C4ae2176E8cD3C)): Error: read ECONNRESET
[2024-01-17T21:10:12.056] [ERROR] default - Error: read ECONNRESET
    at TCP.onStreamRead (node:internal/stream_base_commons:217:20) {
  errno: -104,
  code: 'ECONNRESET',
  syscall: 'read'
}
[2024-01-17T21:10:12.056] [ERROR] default - Error (getReserves(0x8C26252B14F9b071585B81b240C4ae2176E8cD3C)): Error: read ECONNRESET
[2024-01-17T21:10:12.056] [ERROR] default - Error: read ECONNRESET
    at TCP.onStreamRead (node:internal/stream_base_commons:217:20) {
  errno: -104,
  code: 'ECONNRESET',
  syscall: 'read'
}
[2024-01-17T21:10:12.057] [ERROR] default - Error (getReserves(0xFEFF91C350bB564cA5Dc7D6F7DcD12ac092F94FF)): Error: read ECONNRESET
[2024-01-17T21:10:12.057] [ERROR] default - Error: read ECONNRESET
    at TCP.onStreamRead (node:internal/stream_base_commons:217:20) {
  errno: -104,
  code: 'ECONNRESET',
  syscall: 'read'
}
[2024-01-17T21:10:12.057] [ERROR] default - Error (getReserves(0xFEFF91C350bB564cA5Dc7D6F7DcD12ac092F94FF)): Error: read ECONNRESET
[2024-01-17T21:10:12.057] [ERROR] default - Error: read ECONNRESET
    at TCP.onStreamRead (node:internal/stream_base_commons:217:20) {
  errno: -104,
  code: 'ECONNRESET',
  syscall: 'read'
}
[2024-01-17T21:10:12.057] [ERROR] default - Error (getReserves(0x3B02A89628A375FAf4FC5eC83566801E9d9DCE02)): Error: read ECONNRESET
[2024-01-17T21:10:12.058] [ERROR] default - Error: read ECONNRESET
    at TCP.onStreamRead (node:internal/stream_base_commons:217:20) {
  errno: -104,
  code: 'ECONNRESET',
  syscall: 'read'
}
[2024-01-17T21:10:12.058] [ERROR] default - Error (getReserves(0x3B02A89628A375FAf4FC5eC83566801E9d9DCE02)): Error: read ECONNRESET
[2024-01-17T21:10:12.058] [ERROR] default - Error: read ECONNRESET
    at TCP.onStreamRead (node:internal/stream_base_commons:217:20) {
  errno: -104,
  code: 'ECONNRESET',
  syscall: 'read'
}
[2024-01-17T21:10:12.059] [ERROR] default - Error (getReserves(0x9cE65ae286e74f1268D19aB9b25f102C25DbDCb4)): Error: read ECONNRESET
[2024-01-17T21:10:12.059] [ERROR] default - Error: read ECONNRESET
    at TCP.onStreamRead (node:internal/stream_base_commons:217:20) {
  errno: -104,
  code: 'ECONNRESET',
  syscall: 'read'
}
[2024-01-17T21:10:12.059] [ERROR] default - Error (getReserves(0x9cE65ae286e74f1268D19aB9b25f102C25DbDCb4)): Error: read ECONNRESET
[2024-01-17T21:10:12.060] [ERROR] default - Error: read ECONNRESET
    at TCP.onStreamRead (node:internal/stream_base_commons:217:20) {
  errno: -104,
  code: 'ECONNRESET',
  syscall: 'read'
}
[2024-01-17T21:10:12.061] [ERROR] default - Error (getReserves(0xaC5D1a011aFD5C33Dcb3fdC8B2Ae5F4091080635)): Error: read ECONNRESET
[2024-01-17T21:10:12.061] [ERROR] default - Error: read ECONNRESET
    at TCP.onStreamRead (node:internal/stream_base_commons:217:20) {
  errno: -104,
  code: 'ECONNRESET',
  syscall: 'read'
}
[2024-01-17T21:10:12.069] [ERROR] default - Error (getReserves(0xaC5D1a011aFD5C33Dcb3fdC8B2Ae5F4091080635)): Error: read ECONNRESET
[2024-01-17T21:10:12.072] [ERROR] default - Error: read ECONNRESET
    at TCP.onStreamRead (node:internal/stream_base_commons:217:20) {
  errno: -104,
  code: 'ECONNRESET',
  syscall: 'read'
}
[2024-01-17T21:10:12.072] [ERROR] default - Error (getReserves(0xC4e90AE0298E0e7BE0102Cce64089231e1E2D67C)): Error: read ECONNRESET
[2024-01-17T21:10:12.073] [ERROR] default - Error: read ECONNRESET
    at TCP.onStreamRead (node:internal/stream_base_commons:217:20) {
  errno: -104,
  code: 'ECONNRESET',
  syscall: 'read'
}
[2024-01-17T21:10:12.073] [ERROR] default - Error (getReserves(0xC4e90AE0298E0e7BE0102Cce64089231e1E2D67C)): Error: read ECONNRESET
[2024-01-17T21:10:12.073] [ERROR] default - Error: read ECONNRESET
    at TCP.onStreamRead (node:internal/stream_base_commons:217:20) {
  errno: -104,
  code: 'ECONNRESET',
  syscall: 'read'
}
[2024-01-17T21:10:12.073] [ERROR] default - Error (getReserves(0x8C26252B14F9b071585B81b240C4ae2176E8cD3C)): Error: read ECONNRESET
[2024-01-17T21:10:12.073] [ERROR] default - Error: read ECONNRESET
    at TCP.onStreamRead (node:internal/stream_base_commons:217:20) {
  errno: -104,
  code: 'ECONNRESET',
  syscall: 'read'
}
[2024-01-17T21:10:12.073] [ERROR] default - Error (getReserves(0x8C26252B14F9b071585B81b240C4ae2176E8cD3C)): Error: read ECONNRESET
[2024-01-17T21:10:12.073] [ERROR] default - Error: read ECONNRESET
    at TCP.onStreamRead (node:internal/stream_base_commons:217:20) {
  errno: -104,
  code: 'ECONNRESET',
  syscall: 'read'
}
[2024-01-17T21:10:12.074] [ERROR] default - Error (getReserves(0xaC5D1a011aFD5C33Dcb3fdC8B2Ae5F4091080635)): Error: read ECONNRESET
[2024-01-17T21:10:12.077] [ERROR] default - Error: read ECONNRESET
    at TCP.onStreamRead (node:internal/stream_base_commons:217:20) {
  errno: -104,
  code: 'ECONNRESET',
  syscall: 'read'
}
[2024-01-17T21:10:12.077] [ERROR] default - Error (getReserves(0xaC5D1a011aFD5C33Dcb3fdC8B2Ae5F4091080635)): Error: read ECONNRESET
[2024-01-17T21:10:12.078] [ERROR] default - Error: read ECONNRESET
    at TCP.onStreamRead (node:internal/stream_base_commons:217:20) {
  errno: -104,
  code: 'ECONNRESET',
  syscall: 'read'
}
[2024-01-17T21:10:12.078] [ERROR] default - Error (getReserves(0x8C26252B14F9b071585B81b240C4ae2176E8cD3C)): Error: read ECONNRESET
[2024-01-17T21:10:12.078] [ERROR] default - Error: read ECONNRESET
    at TCP.onStreamRead (node:internal/stream_base_commons:217:20) {
  errno: -104,
  code: 'ECONNRESET',
  syscall: 'read'
}
[2024-01-17T21:10:12.078] [ERROR] default - Error (getReserves(0x8C26252B14F9b071585B81b240C4ae2176E8cD3C)): Error: read ECONNRESET
[2024-01-17T21:10:12.078] [ERROR] default - Error: read ECONNRESET
    at TCP.onStreamRead (node:internal/stream_base_commons:217:20) {
  errno: -104,
  code: 'ECONNRESET',
  syscall: 'read'
}
[2024-01-17T21:10:14.917] [INFO] default - New block received: Block # 51500296
[2024-01-17T21:10:21.283] [ERROR] default - PROVIDER ERROR: Error: Reserves is undefined
    at new Prices (/mnt/c/code/polybotv3/scripts/v2/modules/prices.ts:15:10)
    at control (/mnt/c/code/polybotv3/scripts/v2/control.ts:44:16)
    at processTicksAndRejections (node:internal/process/task_queues:95:5)
    at async /mnt/c/code/polybotv3/index.ts:44:5
    at async Promise.all (index 7)
    at async JsonRpcProvider.<anonymous> (/mnt/c/code/polybotv3/index.ts:43:4)
[2024-01-17T21:10:21.284] [ERROR] default - PROVIDER ERROR: Error: Reserves is undefined
    at new Prices (/mnt/c/code/polybotv3/scripts/v2/modules/prices.ts:15:10)
    at control (/mnt/c/code/polybotv3/scripts/v2/control.ts:44:16)
    at processTicksAndRejections (node:internal/process/task_queues:95:5)
    at async /mnt/c/code/polybotv3/index.ts:44:5
    at async Promise.all (index 0)
    at async JsonRpcProvider.<anonymous> (/mnt/c/code/polybotv3/index.ts:43:4)
[2024-01-17T21:10:27.867] [INFO] default - New block received: Block # 51500297
[2024-01-17T21:10:27.871] [INFO] default - New block received: Block # 51500298
[2024-01-17T21:10:31.848] [ERROR] default - Error (getReserves(0xd32f3139A214034A0f9777c87eE0a064c1FF6AE2)): Error: read ECONNRESET
[2024-01-18T00:25:35.791] [ERROR] default - TELEGRAM ERROR: Telegram bot token not found in environment variables
[2024-01-18T00:25:39.835] [INFO] default - New block received: Block # 51500514
[2024-01-18T00:25:39.934] [INFO] default - New block received: Block # 51500515
[2024-01-18T00:25:44.986] [INFO] default - New block received: Block # 51500516
[2024-01-18T00:25:51.461] [INFO] default - New block received: Block # 51500517
[2024-01-18T00:29:49.143] [ERROR] default - TELEGRAM ERROR: Telegram bot token not found in environment variables
[2024-01-18T00:29:53.191] [INFO] default - New block received: Block # 51500632
[2024-01-18T00:29:53.291] [INFO] default - New block received: Block # 51500633
[2024-01-18T00:30:00.672] [INFO] default - New block received: Block # 51500634
[2024-01-18T00:30:00.729] [ERROR] default - PROVIDER ERROR: SyntaxError: Cannot convert NaN to a BigInt
    at BigInt (<anonymous>)
    at pu (/mnt/c/code/polybotv3/scripts/modules/convertBN.ts:21:12)
    at AmountConverter.tradeToPrice (/mnt/c/code/polybotv3/scripts/v2/modules/amountConverter.ts:43:25)
    at processTicksAndRejections (node:internal/process/task_queues:95:5)
    at async Trade.getSize (/mnt/c/code/polybotv3/scripts/v2/getTrade.ts:69:19)
    at async Trade.getTrade (/mnt/c/code/polybotv3/scripts/v2/getTrade.ts:85:65)
    at async control (/mnt/c/code/polybotv3/scripts/v2/control.ts:47:19)
    at async /mnt/c/code/polybotv3/index.ts:44:5
    at async Promise.all (index 0)
    at async JsonRpcProvider.<anonymous> (/mnt/c/code/polybotv3/index.ts:43:4)
[2024-01-18T00:30:00.731] [ERROR] default - PROVIDER ERROR: SyntaxError: Cannot convert NaN to a BigInt
    at BigInt (<anonymous>)
    at pu (/mnt/c/code/polybotv3/scripts/modules/convertBN.ts:21:12)
    at AmountConverter.tradeToPrice (/mnt/c/code/polybotv3/scripts/v2/modules/amountConverter.ts:43:25)
    at processTicksAndRejections (node:internal/process/task_queues:95:5)
    at async Trade.getSize (/mnt/c/code/polybotv3/scripts/v2/getTrade.ts:69:19)
    at async Trade.getTrade (/mnt/c/code/polybotv3/scripts/v2/getTrade.ts:85:65)
    at async control (/mnt/c/code/polybotv3/scripts/v2/control.ts:47:19)
    at async /mnt/c/code/polybotv3/index.ts:44:5
    at async Promise.all (index 0)
    at async JsonRpcProvider.<anonymous> (/mnt/c/code/polybotv3/index.ts:43:4)
[2024-01-18T00:30:04.095] [ERROR] default - PROVIDER ERROR: SyntaxError: Cannot convert NaN to a BigInt
    at BigInt (<anonymous>)
    at pu (/mnt/c/code/polybotv3/scripts/modules/convertBN.ts:21:12)
    at AmountConverter.tradeToPrice (/mnt/c/code/polybotv3/scripts/v2/modules/amountConverter.ts:43:25)
    at processTicksAndRejections (node:internal/process/task_queues:95:5)
    at async Trade.getSize (/mnt/c/code/polybotv3/scripts/v2/getTrade.ts:69:19)
    at async Trade.getTrade (/mnt/c/code/polybotv3/scripts/v2/getTrade.ts:85:65)
    at async control (/mnt/c/code/polybotv3/scripts/v2/control.ts:47:19)
    at async /mnt/c/code/polybotv3/index.ts:44:5
    at async Promise.all (index 0)
    at async JsonRpcProvider.<anonymous> (/mnt/c/code/polybotv3/index.ts:43:4)
[2024-01-18T00:30:04.699] [INFO] default - New block received: Block # 51500635
[2024-01-18T00:30:04.701] [INFO] default - New block received: Block # 51500636
[2024-01-18T00:30:11.801] [ERROR] default - PROVIDER ERROR: SyntaxError: Cannot convert NaN to a BigInt
    at BigInt (<anonymous>)
    at pu (/mnt/c/code/polybotv3/scripts/modules/convertBN.ts:21:12)
    at AmountConverter.tradeToPrice (/mnt/c/code/polybotv3/scripts/v2/modules/amountConverter.ts:43:25)
    at processTicksAndRejections (node:internal/process/task_queues:95:5)
    at async Trade.getSize (/mnt/c/code/polybotv3/scripts/v2/getTrade.ts:69:19)
    at async Trade.getTrade (/mnt/c/code/polybotv3/scripts/v2/getTrade.ts:85:65)
    at async control (/mnt/c/code/polybotv3/scripts/v2/control.ts:47:19)
    at async /mnt/c/code/polybotv3/index.ts:44:5
    at async Promise.all (index 0)
    at async JsonRpcProvider.<anonymous> (/mnt/c/code/polybotv3/index.ts:43:4)
[2024-01-18T00:30:11.803] [ERROR] default - PROVIDER ERROR: SyntaxError: Cannot convert NaN to a BigInt
    at BigInt (<anonymous>)
    at pu (/mnt/c/code/polybotv3/scripts/modules/convertBN.ts:21:12)
    at AmountConverter.tradeToPrice (/mnt/c/code/polybotv3/scripts/v2/modules/amountConverter.ts:43:25)
    at processTicksAndRejections (node:internal/process/task_queues:95:5)
    at async Trade.getSize (/mnt/c/code/polybotv3/scripts/v2/getTrade.ts:69:19)
    at async Trade.getTrade (/mnt/c/code/polybotv3/scripts/v2/getTrade.ts:85:65)
    at async control (/mnt/c/code/polybotv3/scripts/v2/control.ts:47:19)
    at async /mnt/c/code/polybotv3/index.ts:44:5
    at async Promise.all (index 0)
    at async JsonRpcProvider.<anonymous> (/mnt/c/code/polybotv3/index.ts:43:4)
[2024-01-18T00:30:11.805] [INFO] default - New block received: Block # 51500637
[2024-01-18T00:30:11.810] [INFO] default - New block received: Block # 51500638
[2024-01-18T00:30:18.767] [ERROR] default - PROVIDER ERROR: SyntaxError: Cannot convert NaN to a BigInt
    at BigInt (<anonymous>)
    at pu (/mnt/c/code/polybotv3/scripts/modules/convertBN.ts:21:12)
    at AmountConverter.tradeToPrice (/mnt/c/code/polybotv3/scripts/v2/modules/amountConverter.ts:43:25)
    at processTicksAndRejections (node:internal/process/task_queues:95:5)
    at async Trade.getSize (/mnt/c/code/polybotv3/scripts/v2/getTrade.ts:69:19)
    at async Trade.getTrade (/mnt/c/code/polybotv3/scripts/v2/getTrade.ts:85:65)
    at async control (/mnt/c/code/polybotv3/scripts/v2/control.ts:47:19)
    at async /mnt/c/code/polybotv3/index.ts:44:5
    at async Promise.all (index 0)
    at async JsonRpcProvider.<anonymous> (/mnt/c/code/polybotv3/index.ts:43:4)
[2024-01-18T00:30:18.768] [ERROR] default - PROVIDER ERROR: SyntaxError: Cannot convert NaN to a BigInt
    at BigInt (<anonymous>)
    at pu (/mnt/c/code/polybotv3/scripts/modules/convertBN.ts:21:12)
    at AmountConverter.tradeToPrice (/mnt/c/code/polybotv3/scripts/v2/modules/amountConverter.ts:43:25)
    at processTicksAndRejections (node:internal/process/task_queues:95:5)
    at async Trade.getSize (/mnt/c/code/polybotv3/scripts/v2/getTrade.ts:69:19)
    at async Trade.getTrade (/mnt/c/code/polybotv3/scripts/v2/getTrade.ts:85:65)
    at async control (/mnt/c/code/polybotv3/scripts/v2/control.ts:47:19)
    at async /mnt/c/code/polybotv3/index.ts:44:5
    at async Promise.all (index 0)
    at async JsonRpcProvider.<anonymous> (/mnt/c/code/polybotv3/index.ts:43:4)
[2024-01-18T00:30:22.794] [INFO] default - New block received: Block # 51500639
[2024-01-18T00:30:22.800] [INFO] default - New block received: Block # 51500640
[2024-01-18T00:30:22.806] [INFO] default - New block received: Block # 51500641
[2024-01-18T00:30:32.272] [ERROR] default - PROVIDER ERROR: SyntaxError: Cannot convert NaN to a BigInt
    at BigInt (<anonymous>)
    at pu (/mnt/c/code/polybotv3/scripts/modules/convertBN.ts:21:12)
    at AmountConverter.tradeToPrice (/mnt/c/code/polybotv3/scripts/v2/modules/amountConverter.ts:43:25)
    at processTicksAndRejections (node:internal/process/task_queues:95:5)
    at async Trade.getSize (/mnt/c/code/polybotv3/scripts/v2/getTrade.ts:69:19)
    at async Trade.getTrade (/mnt/c/code/polybotv3/scripts/v2/getTrade.ts:85:65)
    at async control (/mnt/c/code/polybotv3/scripts/v2/control.ts:47:19)
    at async /mnt/c/code/polybotv3/index.ts:44:5
    at async Promise.all (index 0)
    at async JsonRpcProvider.<anonymous> (/mnt/c/code/polybotv3/index.ts:43:4)
[2024-01-18T00:30:32.273] [ERROR] default - PROVIDER ERROR: SyntaxError: Cannot convert NaN to a BigInt
    at BigInt (<anonymous>)
    at pu (/mnt/c/code/polybotv3/scripts/modules/convertBN.ts:21:12)
    at AmountConverter.tradeToPrice (/mnt/c/code/polybotv3/scripts/v2/modules/amountConverter.ts:43:25)
    at processTicksAndRejections (node:internal/process/task_queues:95:5)
    at async Trade.getSize (/mnt/c/code/polybotv3/scripts/v2/getTrade.ts:69:19)
    at async Trade.getTrade (/mnt/c/code/polybotv3/scripts/v2/getTrade.ts:85:65)
    at async control (/mnt/c/code/polybotv3/scripts/v2/control.ts:47:19)
    at async /mnt/c/code/polybotv3/index.ts:44:5
    at async Promise.all (index 0)
    at async JsonRpcProvider.<anonymous> (/mnt/c/code/polybotv3/index.ts:43:4)
[2024-01-18T00:30:32.274] [ERROR] default - PROVIDER ERROR: SyntaxError: Cannot convert NaN to a BigInt
    at BigInt (<anonymous>)
    at pu (/mnt/c/code/polybotv3/scripts/modules/convertBN.ts:21:12)
    at AmountConverter.tradeToPrice (/mnt/c/code/polybotv3/scripts/v2/modules/amountConverter.ts:43:25)
    at processTicksAndRejections (node:internal/process/task_queues:95:5)
    at async Trade.getSize (/mnt/c/code/polybotv3/scripts/v2/getTrade.ts:69:19)
    at async Trade.getTrade (/mnt/c/code/polybotv3/scripts/v2/getTrade.ts:85:65)
    at async control (/mnt/c/code/polybotv3/scripts/v2/control.ts:47:19)
    at async /mnt/c/code/polybotv3/index.ts:44:5
    at async Promise.all (index 0)
    at async JsonRpcProvider.<anonymous> (/mnt/c/code/polybotv3/index.ts:43:4)
[2024-01-18T00:30:32.276] [INFO] default - New block received: Block # 51500642
[2024-01-18T00:30:32.289] [INFO] default - New block received: Block # 51500643
[2024-01-18T00:37:47.923] [ERROR] default - TELEGRAM ERROR: Telegram bot token not found in environment variables
[2024-01-18T00:37:51.970] [INFO] default - New block received: Block # 51500858
[2024-01-18T00:37:52.057] [INFO] default - New block received: Block # 51500859
[2024-01-18T00:37:56.388] [INFO] default - New block received: Block # 51500860
[2024-01-18T00:37:59.663] [ERROR] default - PROVIDER ERROR: Error: Invalid argument
    at pu (/mnt/c/code/polybotv3/scripts/modules/convertBN.ts:20:15)
    at AmountConverter.tradeToPrice (/mnt/c/code/polybotv3/scripts/v2/modules/amountConverter.ts:43:25)
    at processTicksAndRejections (node:internal/process/task_queues:95:5)
    at async Trade.getSize (/mnt/c/code/polybotv3/scripts/v2/getTrade.ts:69:19)
    at async Trade.getTrade (/mnt/c/code/polybotv3/scripts/v2/getTrade.ts:85:65)
    at async control (/mnt/c/code/polybotv3/scripts/v2/control.ts:47:19)
    at async /mnt/c/code/polybotv3/index.ts:44:5
    at async Promise.all (index 0)
    at async JsonRpcProvider.<anonymous> (/mnt/c/code/polybotv3/index.ts:43:4)
[2024-01-18T00:37:59.664] [ERROR] default - PROVIDER ERROR: Error: Invalid argument
    at pu (/mnt/c/code/polybotv3/scripts/modules/convertBN.ts:20:15)
    at AmountConverter.tradeToPrice (/mnt/c/code/polybotv3/scripts/v2/modules/amountConverter.ts:43:25)
    at processTicksAndRejections (node:internal/process/task_queues:95:5)
    at async Trade.getSize (/mnt/c/code/polybotv3/scripts/v2/getTrade.ts:69:19)
    at async Trade.getTrade (/mnt/c/code/polybotv3/scripts/v2/getTrade.ts:85:65)
    at async control (/mnt/c/code/polybotv3/scripts/v2/control.ts:47:19)
    at async /mnt/c/code/polybotv3/index.ts:44:5
    at async Promise.all (index 0)
    at async JsonRpcProvider.<anonymous> (/mnt/c/code/polybotv3/index.ts:43:4)
[2024-01-18T00:38:01.229] [INFO] default - New block received: Block # 51500861
[2024-01-18T00:38:02.844] [ERROR] default - PROVIDER ERROR: Error: Invalid argument
    at pu (/mnt/c/code/polybotv3/scripts/modules/convertBN.ts:20:15)
    at AmountConverter.tradeToPrice (/mnt/c/code/polybotv3/scripts/v2/modules/amountConverter.ts:43:25)
    at processTicksAndRejections (node:internal/process/task_queues:95:5)
    at async Trade.getSize (/mnt/c/code/polybotv3/scripts/v2/getTrade.ts:69:19)
    at async Trade.getTrade (/mnt/c/code/polybotv3/scripts/v2/getTrade.ts:85:65)
    at async control (/mnt/c/code/polybotv3/scripts/v2/control.ts:47:19)
    at async /mnt/c/code/polybotv3/index.ts:44:5
    at async Promise.all (index 0)
    at async JsonRpcProvider.<anonymous> (/mnt/c/code/polybotv3/index.ts:43:4)
[2024-01-18T00:38:05.934] [ERROR] default - PROVIDER ERROR: Error: Invalid argument
    at pu (/mnt/c/code/polybotv3/scripts/modules/convertBN.ts:20:15)
    at AmountConverter.tradeToPrice (/mnt/c/code/polybotv3/scripts/v2/modules/amountConverter.ts:43:25)
    at processTicksAndRejections (node:internal/process/task_queues:95:5)
    at async Trade.getSize (/mnt/c/code/polybotv3/scripts/v2/getTrade.ts:69:19)
    at async Trade.getTrade (/mnt/c/code/polybotv3/scripts/v2/getTrade.ts:85:65)
    at async control (/mnt/c/code/polybotv3/scripts/v2/control.ts:47:19)
    at async /mnt/c/code/polybotv3/index.ts:44:5
    at async Promise.all (index 0)
    at async JsonRpcProvider.<anonymous> (/mnt/c/code/polybotv3/index.ts:43:4)
[2024-01-18T00:38:05.938] [INFO] default - New block received: Block # 51500862
[2024-01-18T00:38:05.942] [INFO] default - New block received: Block # 51500863
[2024-01-18T00:38:10.782] [ERROR] default - PROVIDER ERROR: Error: Invalid argument
    at pu (/mnt/c/code/polybotv3/scripts/modules/convertBN.ts:20:15)
    at AmountConverter.tradeToPrice (/mnt/c/code/polybotv3/scripts/v2/modules/amountConverter.ts:43:25)
    at processTicksAndRejections (node:internal/process/task_queues:95:5)
    at async Trade.getSize (/mnt/c/code/polybotv3/scripts/v2/getTrade.ts:69:19)
    at async Trade.getTrade (/mnt/c/code/polybotv3/scripts/v2/getTrade.ts:85:65)
    at async control (/mnt/c/code/polybotv3/scripts/v2/control.ts:47:19)
    at async /mnt/c/code/polybotv3/index.ts:44:5
    at async Promise.all (index 0)
    at async JsonRpcProvider.<anonymous> (/mnt/c/code/polybotv3/index.ts:43:4)
[2024-01-18T00:38:12.384] [ERROR] default - PROVIDER ERROR: Error: Invalid argument
    at pu (/mnt/c/code/polybotv3/scripts/modules/convertBN.ts:20:15)
    at AmountConverter.tradeToPrice (/mnt/c/code/polybotv3/scripts/v2/modules/amountConverter.ts:43:25)
    at processTicksAndRejections (node:internal/process/task_queues:95:5)
    at async Trade.getSize (/mnt/c/code/polybotv3/scripts/v2/getTrade.ts:69:19)
    at async Trade.getTrade (/mnt/c/code/polybotv3/scripts/v2/getTrade.ts:85:65)
    at async control (/mnt/c/code/polybotv3/scripts/v2/control.ts:47:19)
    at async /mnt/c/code/polybotv3/index.ts:44:5
    at async Promise.all (index 0)
    at async JsonRpcProvider.<anonymous> (/mnt/c/code/polybotv3/index.ts:43:4)
[2024-01-18T00:38:12.411] [INFO] default - New block received: Block # 51500864
[2024-01-18T00:38:12.443] [INFO] default - New block received: Block # 51500865
[2024-01-18T00:38:19.660] [ERROR] default - PROVIDER ERROR: Error: Invalid argument
    at pu (/mnt/c/code/polybotv3/scripts/modules/convertBN.ts:20:15)
    at AmountConverter.tradeToPrice (/mnt/c/code/polybotv3/scripts/v2/modules/amountConverter.ts:43:25)
    at processTicksAndRejections (node:internal/process/task_queues:95:5)
    at async Trade.getSize (/mnt/c/code/polybotv3/scripts/v2/getTrade.ts:69:19)
    at async Trade.getTrade (/mnt/c/code/polybotv3/scripts/v2/getTrade.ts:85:65)
    at async control (/mnt/c/code/polybotv3/scripts/v2/control.ts:47:19)
    at async /mnt/c/code/polybotv3/index.ts:44:5
    at async Promise.all (index 0)
    at async JsonRpcProvider.<anonymous> (/mnt/c/code/polybotv3/index.ts:43:4)
[2024-01-18T00:38:19.661] [ERROR] default - PROVIDER ERROR: Error: Invalid argument
    at pu (/mnt/c/code/polybotv3/scripts/modules/convertBN.ts:20:15)
    at AmountConverter.tradeToPrice (/mnt/c/code/polybotv3/scripts/v2/modules/amountConverter.ts:43:25)
    at processTicksAndRejections (node:internal/process/task_queues:95:5)
    at async Trade.getSize (/mnt/c/code/polybotv3/scripts/v2/getTrade.ts:69:19)
    at async Trade.getTrade (/mnt/c/code/polybotv3/scripts/v2/getTrade.ts:85:65)
    at async control (/mnt/c/code/polybotv3/scripts/v2/control.ts:47:19)
    at async /mnt/c/code/polybotv3/index.ts:44:5
    at async Promise.all (index 0)
    at async JsonRpcProvider.<anonymous> (/mnt/c/code/polybotv3/index.ts:43:4)
[2024-01-18T00:38:23.697] [INFO] default - New block received: Block # 51500866
[2024-01-18T00:38:23.703] [INFO] default - New block received: Block # 51500867
[2024-01-18T00:38:23.709] [INFO] default - New block received: Block # 51500868
[2024-01-18T00:38:23.714] [INFO] default - New block received: Block # 51500869
[2024-01-18T00:38:35.177] [ERROR] default - PROVIDER ERROR: Error: Invalid argument
    at pu (/mnt/c/code/polybotv3/scripts/modules/convertBN.ts:20:15)
    at AmountConverter.tradeToPrice (/mnt/c/code/polybotv3/scripts/v2/modules/amountConverter.ts:43:25)
    at processTicksAndRejections (node:internal/process/task_queues:95:5)
    at async Trade.getSize (/mnt/c/code/polybotv3/scripts/v2/getTrade.ts:69:19)
    at async Trade.getTrade (/mnt/c/code/polybotv3/scripts/v2/getTrade.ts:85:65)
    at async control (/mnt/c/code/polybotv3/scripts/v2/control.ts:47:19)
    at async /mnt/c/code/polybotv3/index.ts:44:5
    at async Promise.all (index 0)
    at async JsonRpcProvider.<anonymous> (/mnt/c/code/polybotv3/index.ts:43:4)
[2024-01-18T00:38:35.181] [ERROR] default - PROVIDER ERROR: Error: Invalid argument
    at pu (/mnt/c/code/polybotv3/scripts/modules/convertBN.ts:20:15)
    at AmountConverter.tradeToPrice (/mnt/c/code/polybotv3/scripts/v2/modules/amountConverter.ts:43:25)
    at processTicksAndRejections (node:internal/process/task_queues:95:5)
    at async Trade.getSize (/mnt/c/code/polybotv3/scripts/v2/getTrade.ts:69:19)
    at async Trade.getTrade (/mnt/c/code/polybotv3/scripts/v2/getTrade.ts:85:65)
    at async control (/mnt/c/code/polybotv3/scripts/v2/control.ts:47:19)
    at async /mnt/c/code/polybotv3/index.ts:44:5
    at async Promise.all (index 0)
    at async JsonRpcProvider.<anonymous> (/mnt/c/code/polybotv3/index.ts:43:4)
[2024-01-18T00:38:35.185] [ERROR] default - PROVIDER ERROR: Error: Invalid argument
    at pu (/mnt/c/code/polybotv3/scripts/modules/convertBN.ts:20:15)
    at AmountConverter.tradeToPrice (/mnt/c/code/polybotv3/scripts/v2/modules/amountConverter.ts:43:25)
    at processTicksAndRejections (node:internal/process/task_queues:95:5)
    at async Trade.getSize (/mnt/c/code/polybotv3/scripts/v2/getTrade.ts:69:19)
    at async Trade.getTrade (/mnt/c/code/polybotv3/scripts/v2/getTrade.ts:85:65)
    at async control (/mnt/c/code/polybotv3/scripts/v2/control.ts:47:19)
    at async /mnt/c/code/polybotv3/index.ts:44:5
    at async Promise.all (index 0)
    at async JsonRpcProvider.<anonymous> (/mnt/c/code/polybotv3/index.ts:43:4)
[2024-01-18T00:38:35.187] [INFO] default - New block received: Block # 51500870
[2024-01-18T00:38:35.192] [INFO] default - New block received: Block # 51500871
[2024-01-18T00:38:37.911] [ERROR] default - PROVIDER ERROR: Error: Invalid argument
    at pu (/mnt/c/code/polybotv3/scripts/modules/convertBN.ts:20:15)
    at AmountConverter.tradeToPrice (/mnt/c/code/polybotv3/scripts/v2/modules/amountConverter.ts:43:25)
    at processTicksAndRejections (node:internal/process/task_queues:95:5)
    at async Trade.getSize (/mnt/c/code/polybotv3/scripts/v2/getTrade.ts:69:19)
    at async Trade.getTrade (/mnt/c/code/polybotv3/scripts/v2/getTrade.ts:85:65)
    at async control (/mnt/c/code/polybotv3/scripts/v2/control.ts:47:19)
    at async /mnt/c/code/polybotv3/index.ts:44:5
    at async Promise.all (index 0)
    at async JsonRpcProvider.<anonymous> (/mnt/c/code/polybotv3/index.ts:43:4)
[2024-01-18T00:38:41.431] [INFO] default - New block received: Block # 51500872
[2024-01-18T00:38:41.435] [INFO] default - New block received: Block # 51500873
[2024-01-18T00:38:41.439] [INFO] default - New block received: Block # 51500874
[2024-01-18T00:38:44.949] [ERROR] default - PROVIDER ERROR: Error: Invalid argument
    at pu (/mnt/c/code/polybotv3/scripts/modules/convertBN.ts:20:15)
    at AmountConverter.tradeToPrice (/mnt/c/code/polybotv3/scripts/v2/modules/amountConverter.ts:43:25)
    at processTicksAndRejections (node:internal/process/task_queues:95:5)
    at async Trade.getSize (/mnt/c/code/polybotv3/scripts/v2/getTrade.ts:69:19)
    at async Trade.getTrade (/mnt/c/code/polybotv3/scripts/v2/getTrade.ts:85:65)
    at async control (/mnt/c/code/polybotv3/scripts/v2/control.ts:47:19)
    at async /mnt/c/code/polybotv3/index.ts:44:5
    at async Promise.all (index 0)
    at async JsonRpcProvider.<anonymous> (/mnt/c/code/polybotv3/index.ts:43:4)
[2024-01-18T00:38:44.950] [ERROR] default - PROVIDER ERROR: Error: Invalid argument
    at pu (/mnt/c/code/polybotv3/scripts/modules/convertBN.ts:20:15)
    at AmountConverter.tradeToPrice (/mnt/c/code/polybotv3/scripts/v2/modules/amountConverter.ts:43:25)
    at processTicksAndRejections (node:internal/process/task_queues:95:5)
    at async Trade.getSize (/mnt/c/code/polybotv3/scripts/v2/getTrade.ts:69:19)
    at async Trade.getTrade (/mnt/c/code/polybotv3/scripts/v2/getTrade.ts:85:65)
    at async control (/mnt/c/code/polybotv3/scripts/v2/control.ts:47:19)
    at async /mnt/c/code/polybotv3/index.ts:44:5
    at async Promise.all (index 0)
    at async JsonRpcProvider.<anonymous> (/mnt/c/code/polybotv3/index.ts:43:4)
[2024-01-18T00:38:44.952] [ERROR] default - Error (getReserves(0xC8174d091c288FF78De98303c2973140Cbcf3B23)): Error: read ECONNRESET
[2024-01-18T00:38:44.952] [ERROR] default - Error: read ECONNRESET
    at TCP.onStreamRead (node:internal/stream_base_commons:217:20) {
  errno: -104,
  code: 'ECONNRESET',
  syscall: 'read'
}
[2024-01-18T00:38:44.954] [ERROR] default - Error (getReserves(0xC8174d091c288FF78De98303c2973140Cbcf3B23)): Error: read ECONNRESET
[2024-01-18T00:38:44.954] [ERROR] default - Error: read ECONNRESET
    at TCP.onStreamRead (node:internal/stream_base_commons:217:20) {
  errno: -104,
  code: 'ECONNRESET',
  syscall: 'read'
}
[2024-01-18T00:38:44.955] [ERROR] default - Error (getReserves(0xC8174d091c288FF78De98303c2973140Cbcf3B23)): Error: read ECONNRESET
[2024-01-18T00:38:44.959] [ERROR] default - Error: read ECONNRESET
    at TCP.onStreamRead (node:internal/stream_base_commons:217:20) {
  errno: -104,
  code: 'ECONNRESET',
  syscall: 'read'
}
[2024-01-18T00:38:44.969] [ERROR] default - Error (getReserves(0xC8174d091c288FF78De98303c2973140Cbcf3B23)): Error: read ECONNRESET
[2024-01-18T00:38:44.969] [ERROR] default - Error: read ECONNRESET
    at TCP.onStreamRead (node:internal/stream_base_commons:217:20) {
  errno: -104,
  code: 'ECONNRESET',
  syscall: 'read'
}
[2024-01-18T00:38:44.970] [ERROR] default - Error (getReserves(0x101640e107C4a72DeC79826768C239F1eB48cc85)): Error: read ECONNRESET
[2024-01-18T00:38:44.970] [ERROR] default - Error: read ECONNRESET
    at TCP.onStreamRead (node:internal/stream_base_commons:217:20) {
  errno: -104,
  code: 'ECONNRESET',
  syscall: 'read'
}
[2024-01-18T00:38:44.971] [ERROR] default - Error (getReserves(0x101640e107C4a72DeC79826768C239F1eB48cc85)): Error: read ECONNRESET
[2024-01-18T00:38:44.971] [ERROR] default - Error: read ECONNRESET
    at TCP.onStreamRead (node:internal/stream_base_commons:217:20) {
  errno: -104,
  code: 'ECONNRESET',
  syscall: 'read'
}
[2024-01-18T00:38:44.972] [ERROR] default - Error (getReserves(0xC8174d091c288FF78De98303c2973140Cbcf3B23)): Error: read ECONNRESET
[2024-01-18T00:38:44.976] [ERROR] default - Error: read ECONNRESET
    at TCP.onStreamRead (node:internal/stream_base_commons:217:20) {
  errno: -104,
  code: 'ECONNRESET',
  syscall: 'read'
}
[2024-01-18T00:38:44.977] [ERROR] default - Error (getReserves(0xC8174d091c288FF78De98303c2973140Cbcf3B23)): Error: read ECONNRESET
[2024-01-18T00:38:44.977] [ERROR] default - Error: read ECONNRESET
    at TCP.onStreamRead (node:internal/stream_base_commons:217:20) {
  errno: -104,
  code: 'ECONNRESET',
  syscall: 'read'
}
[2024-01-18T00:38:45.000] [ERROR] default - Error (getReserves(0x101640e107C4a72DeC79826768C239F1eB48cc85)): Error: read ECONNRESET
[2024-01-18T00:38:45.000] [ERROR] default - Error: read ECONNRESET
    at TCP.onStreamRead (node:internal/stream_base_commons:217:20) {
  errno: -104,
  code: 'ECONNRESET',
  syscall: 'read'
}
[2024-01-18T00:38:45.001] [ERROR] default - Error (getReserves(0x101640e107C4a72DeC79826768C239F1eB48cc85)): Error: read ECONNRESET
[2024-01-18T00:38:45.002] [ERROR] default - Error: read ECONNRESET
    at TCP.onStreamRead (node:internal/stream_base_commons:217:20) {
  errno: -104,
  code: 'ECONNRESET',
  syscall: 'read'
}
[2024-01-18T00:38:45.002] [ERROR] default - Error (getReserves(0x101640e107C4a72DeC79826768C239F1eB48cc85)): Error: read ECONNRESET
[2024-01-18T00:38:45.002] [ERROR] default - Error: read ECONNRESET
    at TCP.onStreamRead (node:internal/stream_base_commons:217:20) {
  errno: -104,
  code: 'ECONNRESET',
  syscall: 'read'
}
[2024-01-18T00:38:45.005] [ERROR] default - Error (getReserves(0x101640e107C4a72DeC79826768C239F1eB48cc85)): Error: read ECONNRESET
[2024-01-18T00:38:45.006] [ERROR] default - Error: read ECONNRESET
    at TCP.onStreamRead (node:internal/stream_base_commons:217:20) {
  errno: -104,
  code: 'ECONNRESET',
  syscall: 'read'
}
[2024-01-18T00:38:45.006] [ERROR] default - Error (getReserves(0xb965c131f1C48d89B1760860b782D2aCDF87273b)): Error: read ECONNRESET
[2024-01-18T00:38:45.006] [ERROR] default - Error: read ECONNRESET
    at TCP.onStreamRead (node:internal/stream_base_commons:217:20) {
  errno: -104,
  code: 'ECONNRESET',
  syscall: 'read'
}
[2024-01-18T00:38:45.006] [ERROR] default - Error (getReserves(0xb965c131f1C48d89B1760860b782D2aCDF87273b)): Error: read ECONNRESET
[2024-01-18T00:38:45.006] [ERROR] default - Error: read ECONNRESET
    at TCP.onStreamRead (node:internal/stream_base_commons:217:20) {
  errno: -104,
  code: 'ECONNRESET',
  syscall: 'read'
}
[2024-01-18T00:38:45.007] [ERROR] default - Error (getReserves(0x101640e107C4a72DeC79826768C239F1eB48cc85)): Error: read ECONNRESET
[2024-01-18T00:38:45.007] [ERROR] default - Error: read ECONNRESET
    at TCP.onStreamRead (node:internal/stream_base_commons:217:20) {
  errno: -104,
  code: 'ECONNRESET',
  syscall: 'read'
}
[2024-01-18T00:38:45.007] [ERROR] default - Error (getReserves(0x101640e107C4a72DeC79826768C239F1eB48cc85)): Error: read ECONNRESET
[2024-01-18T00:38:45.007] [ERROR] default - Error: read ECONNRESET
    at TCP.onStreamRead (node:internal/stream_base_commons:217:20) {
  errno: -104,
  code: 'ECONNRESET',
  syscall: 'read'
}
[2024-01-18T00:38:45.007] [ERROR] default - Error (getReserves(0xb965c131f1C48d89B1760860b782D2aCDF87273b)): Error: read ECONNRESET
[2024-01-18T00:38:45.007] [ERROR] default - Error: read ECONNRESET
    at TCP.onStreamRead (node:internal/stream_base_commons:217:20) {
  errno: -104,
  code: 'ECONNRESET',
  syscall: 'read'
}
[2024-01-18T00:38:45.007] [ERROR] default - Error (getReserves(0xb965c131f1C48d89B1760860b782D2aCDF87273b)): Error: read ECONNRESET
[2024-01-18T00:38:45.007] [ERROR] default - Error: read ECONNRESET
    at TCP.onStreamRead (node:internal/stream_base_commons:217:20) {
  errno: -104,
  code: 'ECONNRESET',
  syscall: 'read'
}
[2024-01-18T00:38:45.007] [ERROR] default - Error (getReserves(0xA2937659873ef52Da71a399e4079EBb2a7e5fFF6)): Error: read ECONNRESET
[2024-01-18T00:38:45.008] [ERROR] default - Error: read ECONNRESET
    at TCP.onStreamRead (node:internal/stream_base_commons:217:20) {
  errno: -104,
  code: 'ECONNRESET',
  syscall: 'read'
}
[2024-01-18T00:38:45.008] [ERROR] default - Error (getReserves(0xA2937659873ef52Da71a399e4079EBb2a7e5fFF6)): Error: read ECONNRESET
[2024-01-18T00:38:45.008] [ERROR] default - Error: read ECONNRESET
    at TCP.onStreamRead (node:internal/stream_base_commons:217:20) {
  errno: -104,
  code: 'ECONNRESET',
  syscall: 'read'
}
[2024-01-18T00:38:45.008] [ERROR] default - Error (getReserves(0xA2937659873ef52Da71a399e4079EBb2a7e5fFF6)): Error: read ECONNRESET
[2024-01-18T00:38:45.008] [ERROR] default - Error: read ECONNRESET
    at TCP.onStreamRead (node:internal/stream_base_commons:217:20) {
  errno: -104,
  code: 'ECONNRESET',
  syscall: 'read'
}
[2024-01-18T00:38:45.008] [ERROR] default - Error (getReserves(0xA2937659873ef52Da71a399e4079EBb2a7e5fFF6)): Error: read ECONNRESET
[2024-01-18T00:38:45.008] [ERROR] default - Error: read ECONNRESET
    at TCP.onStreamRead (node:internal/stream_base_commons:217:20) {
  errno: -104,
  code: 'ECONNRESET',
  syscall: 'read'
}
[2024-01-18T00:38:45.008] [ERROR] default - Error (getReserves(0xb965c131f1C48d89B1760860b782D2aCDF87273b)): Error: read ECONNRESET
[2024-01-18T00:38:45.008] [ERROR] default - Error: read ECONNRESET
    at TCP.onStreamRead (node:internal/stream_base_commons:217:20) {
  errno: -104,
  code: 'ECONNRESET',
  syscall: 'read'
}
[2024-01-18T00:38:45.008] [ERROR] default - Error (getReserves(0xb965c131f1C48d89B1760860b782D2aCDF87273b)): Error: read ECONNRESET
[2024-01-18T00:38:45.009] [ERROR] default - Error: read ECONNRESET
    at TCP.onStreamRead (node:internal/stream_base_commons:217:20) {
  errno: -104,
  code: 'ECONNRESET',
  syscall: 'read'
}
[2024-01-18T00:38:45.009] [ERROR] default - Error (getReserves(0x853Ee4b2A13f8a742d64C8F088bE7bA2131f670d)): Error: read ECONNRESET
[2024-01-18T00:38:45.009] [ERROR] default - Error: read ECONNRESET
    at TCP.onStreamRead (node:internal/stream_base_commons:217:20) {
  errno: -104,
  code: 'ECONNRESET',
  syscall: 'read'
}
[2024-01-18T00:38:45.009] [ERROR] default - Error (getReserves(0x853Ee4b2A13f8a742d64C8F088bE7bA2131f670d)): Error: read ECONNRESET
[2024-01-18T00:38:45.009] [ERROR] default - Error: read ECONNRESET
    at TCP.onStreamRead (node:internal/stream_base_commons:217:20) {
  errno: -104,
  code: 'ECONNRESET',
  syscall: 'read'
}
[2024-01-18T00:38:49.964] [ERROR] default - PROVIDER ERROR: Error: Reserves is undefined
    at new Prices (/mnt/c/code/polybotv3/scripts/v2/modules/prices.ts:15:10)
    at control (/mnt/c/code/polybotv3/scripts/v2/control.ts:44:16)
    at processTicksAndRejections (node:internal/process/task_queues:95:5)
    at async /mnt/c/code/polybotv3/index.ts:44:5
    at async Promise.all (index 8)
    at async JsonRpcProvider.<anonymous> (/mnt/c/code/polybotv3/index.ts:43:4)
[2024-01-18T00:38:53.861] [ERROR] default - PROVIDER ERROR: Error: Invalid argument
    at pu (/mnt/c/code/polybotv3/scripts/modules/convertBN.ts:20:15)
    at AmountConverter.tradeToPrice (/mnt/c/code/polybotv3/scripts/v2/modules/amountConverter.ts:43:25)
    at processTicksAndRejections (node:internal/process/task_queues:95:5)
    at async Trade.getSize (/mnt/c/code/polybotv3/scripts/v2/getTrade.ts:69:19)
    at async Trade.getTrade (/mnt/c/code/polybotv3/scripts/v2/getTrade.ts:85:65)
    at async control (/mnt/c/code/polybotv3/scripts/v2/control.ts:47:19)
    at async /mnt/c/code/polybotv3/index.ts:44:5
    at async Promise.all (index 0)
    at async JsonRpcProvider.<anonymous> (/mnt/c/code/polybotv3/index.ts:43:4)
[2024-01-18T00:38:53.862] [ERROR] default - PROVIDER ERROR: Error: Invalid argument
    at pu (/mnt/c/code/polybotv3/scripts/modules/convertBN.ts:20:15)
    at AmountConverter.tradeToPrice (/mnt/c/code/polybotv3/scripts/v2/modules/amountConverter.ts:43:25)
    at processTicksAndRejections (node:internal/process/task_queues:95:5)
    at async Trade.getSize (/mnt/c/code/polybotv3/scripts/v2/getTrade.ts:69:19)
    at async Trade.getTrade (/mnt/c/code/polybotv3/scripts/v2/getTrade.ts:85:65)
    at async control (/mnt/c/code/polybotv3/scripts/v2/control.ts:47:19)
    at async /mnt/c/code/polybotv3/index.ts:44:5
    at async Promise.all (index 0)
    at async JsonRpcProvider.<anonymous> (/mnt/c/code/polybotv3/index.ts:43:4)
[2024-01-18T00:38:53.868] [INFO] default - New block received: Block # 51500875
[2024-01-18T00:38:53.873] [INFO] default - New block received: Block # 51500876
[2024-01-18T00:39:00.730] [ERROR] default - PROVIDER ERROR: Error: Invalid argument
    at pu (/mnt/c/code/polybotv3/scripts/modules/convertBN.ts:20:15)
    at AmountConverter.tradeToPrice (/mnt/c/code/polybotv3/scripts/v2/modules/amountConverter.ts:43:25)
    at processTicksAndRejections (node:internal/process/task_queues:95:5)
    at async Trade.getSize (/mnt/c/code/polybotv3/scripts/v2/getTrade.ts:69:19)
    at async Trade.getTrade (/mnt/c/code/polybotv3/scripts/v2/getTrade.ts:85:65)
    at async control (/mnt/c/code/polybotv3/scripts/v2/control.ts:47:19)
    at async /mnt/c/code/polybotv3/index.ts:44:5
    at async Promise.all (index 0)
    at async JsonRpcProvider.<anonymous> (/mnt/c/code/polybotv3/index.ts:43:4)
[2024-01-18T00:39:00.731] [ERROR] default - PROVIDER ERROR: Error: Invalid argument
    at pu (/mnt/c/code/polybotv3/scripts/modules/convertBN.ts:20:15)
    at AmountConverter.tradeToPrice (/mnt/c/code/polybotv3/scripts/v2/modules/amountConverter.ts:43:25)
    at processTicksAndRejections (node:internal/process/task_queues:95:5)
    at async Trade.getSize (/mnt/c/code/polybotv3/scripts/v2/getTrade.ts:69:19)
    at async Trade.getTrade (/mnt/c/code/polybotv3/scripts/v2/getTrade.ts:85:65)
    at async control (/mnt/c/code/polybotv3/scripts/v2/control.ts:47:19)
    at async /mnt/c/code/polybotv3/index.ts:44:5
    at async Promise.all (index 0)
    at async JsonRpcProvider.<anonymous> (/mnt/c/code/polybotv3/index.ts:43:4)
[2024-01-18T00:39:04.750] [INFO] default - New block received: Block # 51500877
[2024-01-18T00:39:04.754] [INFO] default - New block received: Block # 51500878
[2024-01-18T00:39:04.760] [INFO] default - New block received: Block # 51500879
[2024-01-18T00:39:04.765] [INFO] default - New block received: Block # 51500880
[2024-01-18T00:39:18.499] [ERROR] default - PROVIDER ERROR: Error: Invalid argument
    at pu (/mnt/c/code/polybotv3/scripts/modules/convertBN.ts:20:15)
    at AmountConverter.tradeToPrice (/mnt/c/code/polybotv3/scripts/v2/modules/amountConverter.ts:43:25)
    at processTicksAndRejections (node:internal/process/task_queues:95:5)
    at async Trade.getSize (/mnt/c/code/polybotv3/scripts/v2/getTrade.ts:69:19)
    at async Trade.getTrade (/mnt/c/code/polybotv3/scripts/v2/getTrade.ts:85:65)
    at async control (/mnt/c/code/polybotv3/scripts/v2/control.ts:47:19)
    at async /mnt/c/code/polybotv3/index.ts:44:5
    at async Promise.all (index 0)
    at async JsonRpcProvider.<anonymous> (/mnt/c/code/polybotv3/index.ts:43:4)
[2024-01-18T00:39:18.500] [ERROR] default - PROVIDER ERROR: Error: Invalid argument
    at pu (/mnt/c/code/polybotv3/scripts/modules/convertBN.ts:20:15)
    at AmountConverter.tradeToPrice (/mnt/c/code/polybotv3/scripts/v2/modules/amountConverter.ts:43:25)
    at processTicksAndRejections (node:internal/process/task_queues:95:5)
    at async Trade.getSize (/mnt/c/code/polybotv3/scripts/v2/getTrade.ts:69:19)
    at async Trade.getTrade (/mnt/c/code/polybotv3/scripts/v2/getTrade.ts:85:65)
    at async control (/mnt/c/code/polybotv3/scripts/v2/control.ts:47:19)
    at async /mnt/c/code/polybotv3/index.ts:44:5
    at async Promise.all (index 0)
    at async JsonRpcProvider.<anonymous> (/mnt/c/code/polybotv3/index.ts:43:4)
[2024-01-18T00:39:18.501] [ERROR] default - PROVIDER ERROR: Error: Invalid argument
    at pu (/mnt/c/code/polybotv3/scripts/modules/convertBN.ts:20:15)
    at AmountConverter.tradeToPrice (/mnt/c/code/polybotv3/scripts/v2/modules/amountConverter.ts:43:25)
    at processTicksAndRejections (node:internal/process/task_queues:95:5)
    at async Trade.getSize (/mnt/c/code/polybotv3/scripts/v2/getTrade.ts:69:19)
    at async Trade.getTrade (/mnt/c/code/polybotv3/scripts/v2/getTrade.ts:85:65)
    at async control (/mnt/c/code/polybotv3/scripts/v2/control.ts:47:19)
    at async /mnt/c/code/polybotv3/index.ts:44:5
    at async Promise.all (index 0)
    at async JsonRpcProvider.<anonymous> (/mnt/c/code/polybotv3/index.ts:43:4)
[2024-01-18T00:39:18.504] [INFO] default - New block received: Block # 51500881
[2024-01-18T00:39:18.509] [INFO] default - New block received: Block # 51500882
[2024-01-18T00:39:18.522] [INFO] default - New block received: Block # 51500883
[2024-01-18T00:39:18.534] [ERROR] default - Error (getReserves(0xCD578F016888B57F1b1e3f887f392F0159E26747)): Error: read ECONNRESET
[2024-01-18T00:39:18.536] [ERROR] default - Error: read ECONNRESET
    at TCP.onStreamRead (node:internal/stream_base_commons:217:20) {
  errno: -104,
  code: 'ECONNRESET',
  syscall: 'read'
}
[2024-01-18T00:39:18.539] [ERROR] default - Error (getReserves(0xCD578F016888B57F1b1e3f887f392F0159E26747)): Error: read ECONNRESET
[2024-01-18T00:39:18.540] [ERROR] default - Error: read ECONNRESET
    at TCP.onStreamRead (node:internal/stream_base_commons:217:20) {
  errno: -104,
  code: 'ECONNRESET',
  syscall: 'read'
}
[2024-01-18T00:39:18.541] [ERROR] default - Error (getReserves(0x4A53119dd905fD39ccC532C68e69505dfB47fc2C)): Error: read ECONNRESET
[2024-01-18T00:39:18.542] [ERROR] default - Error: read ECONNRESET
    at TCP.onStreamRead (node:internal/stream_base_commons:217:20) {
  errno: -104,
  code: 'ECONNRESET',
  syscall: 'read'
}
[2024-01-18T00:39:18.542] [ERROR] default - Error (getReserves(0x4A53119dd905fD39ccC532C68e69505dfB47fc2C)): Error: read ECONNRESET
[2024-01-18T00:39:18.542] [ERROR] default - Error: read ECONNRESET
    at TCP.onStreamRead (node:internal/stream_base_commons:217:20) {
  errno: -104,
  code: 'ECONNRESET',
  syscall: 'read'
}
[2024-01-18T00:39:18.543] [ERROR] default - Error (getReserves(0xa789324E64268C5385eA7678435Fa83532705B0F)): Error: read ECONNRESET
[2024-01-18T00:39:18.543] [ERROR] default - Error: read ECONNRESET
    at TCP.onStreamRead (node:internal/stream_base_commons:217:20) {
  errno: -104,
  code: 'ECONNRESET',
  syscall: 'read'
}
[2024-01-18T00:39:18.544] [ERROR] default - Error (getReserves(0xa789324E64268C5385eA7678435Fa83532705B0F)): Error: read ECONNRESET
[2024-01-18T00:39:18.544] [ERROR] default - Error: read ECONNRESET
    at TCP.onStreamRead (node:internal/stream_base_commons:217:20) {
  errno: -104,
  code: 'ECONNRESET',
  syscall: 'read'
}
[2024-01-18T00:39:18.545] [ERROR] default - Error (getReserves(0xf04adBF75cDFc5eD26eeA4bbbb991DB002036Bdd)): Error: read ECONNRESET
[2024-01-18T00:39:18.545] [ERROR] default - Error: read ECONNRESET
    at TCP.onStreamRead (node:internal/stream_base_commons:217:20) {
  errno: -104,
  code: 'ECONNRESET',
  syscall: 'read'
}
[2024-01-18T00:39:18.546] [ERROR] default - Error (getReserves(0xf04adBF75cDFc5eD26eeA4bbbb991DB002036Bdd)): Error: read ECONNRESET
[2024-01-18T00:39:18.546] [ERROR] default - Error: read ECONNRESET
    at TCP.onStreamRead (node:internal/stream_base_commons:217:20) {
  errno: -104,
  code: 'ECONNRESET',
  syscall: 'read'
}
[2024-01-18T00:39:18.546] [ERROR] default - Error (getReserves(0x604229c960e5CACF2aaEAc8Be68Ac07BA9dF81c3)): Error: read ECONNRESET
[2024-01-18T00:39:18.547] [ERROR] default - Error: read ECONNRESET
    at TCP.onStreamRead (node:internal/stream_base_commons:217:20) {
  errno: -104,
  code: 'ECONNRESET',
  syscall: 'read'
}
[2024-01-18T00:39:18.547] [ERROR] default - Error (getReserves(0x604229c960e5CACF2aaEAc8Be68Ac07BA9dF81c3)): Error: read ECONNRESET
[2024-01-18T00:39:18.547] [ERROR] default - Error: read ECONNRESET
    at TCP.onStreamRead (node:internal/stream_base_commons:217:20) {
  errno: -104,
  code: 'ECONNRESET',
  syscall: 'read'
}
[2024-01-18T00:39:18.548] [ERROR] default - Error (getReserves(0xB2B39B54a82aEDcab018Eb601e8FCD19bC6Ec8Ab)): Error: read ECONNRESET
[2024-01-18T00:39:18.548] [ERROR] default - Error: read ECONNRESET
    at TCP.onStreamRead (node:internal/stream_base_commons:217:20) {
  errno: -104,
  code: 'ECONNRESET',
  syscall: 'read'
}
[2024-01-18T00:39:18.548] [ERROR] default - Error (getReserves(0xB2B39B54a82aEDcab018Eb601e8FCD19bC6Ec8Ab)): Error: read ECONNRESET
[2024-01-18T00:39:18.549] [ERROR] default - Error: read ECONNRESET
    at TCP.onStreamRead (node:internal/stream_base_commons:217:20) {
  errno: -104,
  code: 'ECONNRESET',
  syscall: 'read'
}
[2024-01-18T00:39:18.553] [ERROR] default - Error (getReserves(0xA2937659873ef52Da71a399e4079EBb2a7e5fFF6)): Error: read ECONNRESET
[2024-01-18T00:39:18.555] [ERROR] default - Error: read ECONNRESET
    at TCP.onStreamRead (node:internal/stream_base_commons:217:20) {
  errno: -104,
  code: 'ECONNRESET',
  syscall: 'read'
}
[2024-01-18T00:39:18.556] [ERROR] default - Error (getReserves(0xA2937659873ef52Da71a399e4079EBb2a7e5fFF6)): Error: read ECONNRESET
[2024-01-18T00:39:18.576] [ERROR] default - Error: read ECONNRESET
    at TCP.onStreamRead (node:internal/stream_base_commons:217:20) {
  errno: -104,
  code: 'ECONNRESET',
  syscall: 'read'
}
[2024-01-18T00:39:18.577] [ERROR] default - Error (getReserves(0x55FF76BFFC3Cdd9D5FdbBC2ece4528ECcE45047e)): Error: read ECONNRESET
[2024-01-18T00:39:18.577] [ERROR] default - Error: read ECONNRESET
    at TCP.onStreamRead (node:internal/stream_base_commons:217:20) {
  errno: -104,
  code: 'ECONNRESET',
  syscall: 'read'
}
[2024-01-18T00:39:18.577] [ERROR] default - Error (getReserves(0x55FF76BFFC3Cdd9D5FdbBC2ece4528ECcE45047e)): Error: read ECONNRESET
[2024-01-18T00:39:18.577] [ERROR] default - Error: read ECONNRESET
    at TCP.onStreamRead (node:internal/stream_base_commons:217:20) {
  errno: -104,
  code: 'ECONNRESET',
  syscall: 'read'
}
[2024-01-18T00:39:18.578] [ERROR] default - Error (getReserves(0xcd353F79d9FADe311fC3119B841e1f456b54e858)): Error: read ECONNRESET
[2024-01-18T00:39:18.578] [ERROR] default - Error: read ECONNRESET
    at TCP.onStreamRead (node:internal/stream_base_commons:217:20) {
  errno: -104,
  code: 'ECONNRESET',
  syscall: 'read'
}
[2024-01-18T00:39:18.578] [ERROR] default - Error (getReserves(0xcd353F79d9FADe311fC3119B841e1f456b54e858)): Error: read ECONNRESET
[2024-01-18T00:39:18.578] [ERROR] default - Error: read ECONNRESET
    at TCP.onStreamRead (node:internal/stream_base_commons:217:20) {
  errno: -104,
  code: 'ECONNRESET',
  syscall: 'read'
}
[2024-01-18T00:39:18.579] [ERROR] default - Error (getReserves(0xcd353F79d9FADe311fC3119B841e1f456b54e858)): Error: read ECONNRESET
[2024-01-18T00:39:18.579] [ERROR] default - Error: read ECONNRESET
    at TCP.onStreamRead (node:internal/stream_base_commons:217:20) {
  errno: -104,
  code: 'ECONNRESET',
  syscall: 'read'
}
[2024-01-18T00:39:18.579] [ERROR] default - Error (getReserves(0xcd353F79d9FADe311fC3119B841e1f456b54e858)): Error: read ECONNRESET
[2024-01-18T00:39:18.579] [ERROR] default - Error: read ECONNRESET
    at TCP.onStreamRead (node:internal/stream_base_commons:217:20) {
  errno: -104,
  code: 'ECONNRESET',
  syscall: 'read'
}
[2024-01-18T00:39:18.580] [ERROR] default - Error (getReserves(0x6e7a5FAFcec6BB1e78bAE2A1F0B612012BF14827)): Error: read ECONNRESET
[2024-01-18T00:39:18.580] [ERROR] default - Error: read ECONNRESET
    at TCP.onStreamRead (node:internal/stream_base_commons:217:20) {
  errno: -104,
  code: 'ECONNRESET',
  syscall: 'read'
}
[2024-01-18T00:39:18.580] [ERROR] default - Error (getReserves(0x6e7a5FAFcec6BB1e78bAE2A1F0B612012BF14827)): Error: read ECONNRESET
[2024-01-18T00:39:18.580] [ERROR] default - Error: read ECONNRESET
    at TCP.onStreamRead (node:internal/stream_base_commons:217:20) {
  errno: -104,
  code: 'ECONNRESET',
  syscall: 'read'
}
[2024-01-18T00:39:18.581] [ERROR] default - Error (getReserves(0x6e7a5FAFcec6BB1e78bAE2A1F0B612012BF14827)): Error: read ECONNRESET
[2024-01-18T00:39:18.581] [ERROR] default - Error: read ECONNRESET
    at TCP.onStreamRead (node:internal/stream_base_commons:217:20) {
  errno: -104,
  code: 'ECONNRESET',
  syscall: 'read'
}
[2024-01-18T00:39:18.581] [ERROR] default - Error (getReserves(0x6e7a5FAFcec6BB1e78bAE2A1F0B612012BF14827)): Error: read ECONNRESET
[2024-01-18T00:39:18.582] [ERROR] default - Error: read ECONNRESET
    at TCP.onStreamRead (node:internal/stream_base_commons:217:20) {
  errno: -104,
  code: 'ECONNRESET',
  syscall: 'read'
}
[2024-01-18T00:39:18.582] [ERROR] default - Error (getReserves(0x34965ba0ac2451A34a0471F04CCa3F990b8dea27)): Error: read ECONNRESET
[2024-01-18T00:39:18.593] [ERROR] default - Error: read ECONNRESET
    at TCP.onStreamRead (node:internal/stream_base_commons:217:20) {
  errno: -104,
  code: 'ECONNRESET',
  syscall: 'read'
}
[2024-01-18T00:39:18.594] [ERROR] default - Error (getReserves(0x34965ba0ac2451A34a0471F04CCa3F990b8dea27)): Error: read ECONNRESET
[2024-01-18T00:39:18.594] [ERROR] default - Error: read ECONNRESET
    at TCP.onStreamRead (node:internal/stream_base_commons:217:20) {
  errno: -104,
  code: 'ECONNRESET',
  syscall: 'read'
}
[2024-01-18T00:39:18.595] [ERROR] default - Error (getReserves(0xdc30d23c4D1195a9e8D35452d72d754572d1cE1c)): Error: read ECONNRESET
[2024-01-18T00:39:18.595] [ERROR] default - Error: read ECONNRESET
    at TCP.onStreamRead (node:internal/stream_base_commons:217:20) {
  errno: -104,
  code: 'ECONNRESET',
  syscall: 'read'
}
[2024-01-18T00:39:18.595] [ERROR] default - Error (getReserves(0xdc30d23c4D1195a9e8D35452d72d754572d1cE1c)): Error: read ECONNRESET
[2024-01-18T00:39:18.595] [ERROR] default - Error: read ECONNRESET
    at TCP.onStreamRead (node:internal/stream_base_commons:217:20) {
  errno: -104,
  code: 'ECONNRESET',
  syscall: 'read'
}
[2024-01-18T00:39:18.596] [ERROR] default - Error (getReserves(0xaC5D1a011aFD5C33Dcb3fdC8B2Ae5F4091080635)): Error: read ECONNRESET
[2024-01-18T00:39:18.596] [ERROR] default - Error: read ECONNRESET
    at TCP.onStreamRead (node:internal/stream_base_commons:217:20) {
  errno: -104,
  code: 'ECONNRESET',
  syscall: 'read'
}
[2024-01-18T00:39:18.596] [ERROR] default - Error (getReserves(0xaC5D1a011aFD5C33Dcb3fdC8B2Ae5F4091080635)): Error: read ECONNRESET
[2024-01-18T00:39:18.596] [ERROR] default - Error: read ECONNRESET
    at TCP.onStreamRead (node:internal/stream_base_commons:217:20) {
  errno: -104,
  code: 'ECONNRESET',
  syscall: 'read'
}
[2024-01-18T00:39:18.597] [ERROR] default - Error (getReserves(0x9cE65ae286e74f1268D19aB9b25f102C25DbDCb4)): Error: read ECONNRESET
[2024-01-18T00:39:18.597] [ERROR] default - Error: read ECONNRESET
    at TCP.onStreamRead (node:internal/stream_base_commons:217:20) {
  errno: -104,
  code: 'ECONNRESET',
  syscall: 'read'
}
[2024-01-18T00:39:18.597] [ERROR] default - Error (getReserves(0x9cE65ae286e74f1268D19aB9b25f102C25DbDCb4)): Error: read ECONNRESET
[2024-01-18T00:39:18.598] [ERROR] default - Error: read ECONNRESET
    at TCP.onStreamRead (node:internal/stream_base_commons:217:20) {
  errno: -104,
  code: 'ECONNRESET',
  syscall: 'read'
}
[2024-01-18T00:39:18.598] [ERROR] default - Error (getReserves(0x8929D3FEa77398F64448c85015633c2d6472fB29)): Error: read ECONNRESET
[2024-01-18T00:39:18.598] [ERROR] default - Error: read ECONNRESET
    at TCP.onStreamRead (node:internal/stream_base_commons:217:20) {
  errno: -104,
  code: 'ECONNRESET',
  syscall: 'read'
}
[2024-01-18T00:39:18.598] [ERROR] default - Error (getReserves(0x8929D3FEa77398F64448c85015633c2d6472fB29)): Error: read ECONNRESET
[2024-01-18T00:39:18.599] [ERROR] default - Error: read ECONNRESET
    at TCP.onStreamRead (node:internal/stream_base_commons:217:20) {
  errno: -104,
  code: 'ECONNRESET',
  syscall: 'read'
}
[2024-01-18T00:39:18.609] [ERROR] default - Error (getReserves(0xaC5D1a011aFD5C33Dcb3fdC8B2Ae5F4091080635)): Error: read ECONNRESET
[2024-01-18T00:39:18.609] [ERROR] default - Error: read ECONNRESET
    at TCP.onStreamRead (node:internal/stream_base_commons:217:20) {
  errno: -104,
  code: 'ECONNRESET',
  syscall: 'read'
}
[2024-01-18T00:39:18.609] [ERROR] default - Error (getReserves(0xaC5D1a011aFD5C33Dcb3fdC8B2Ae5F4091080635)): Error: read ECONNRESET
[2024-01-18T00:39:18.610] [ERROR] default - Error: read ECONNRESET
    at TCP.onStreamRead (node:internal/stream_base_commons:217:20) {
  errno: -104,
  code: 'ECONNRESET',
  syscall: 'read'
}
[2024-01-18T00:39:18.610] [ERROR] default - Error (getReserves(0x384c1b95027B73a98FE31Ea5B4B7b031b9ddD724)): Error: read ECONNRESET
[2024-01-18T00:39:18.610] [ERROR] default - Error: read ECONNRESET
    at TCP.onStreamRead (node:internal/stream_base_commons:217:20) {
  errno: -104,
  code: 'ECONNRESET',
  syscall: 'read'
}
[2024-01-18T00:39:18.610] [ERROR] default - Error (getReserves(0x384c1b95027B73a98FE31Ea5B4B7b031b9ddD724)): Error: read ECONNRESET
[2024-01-18T00:39:18.611] [ERROR] default - Error: read ECONNRESET
    at TCP.onStreamRead (node:internal/stream_base_commons:217:20) {
  errno: -104,
  code: 'ECONNRESET',
  syscall: 'read'
}
[2024-01-18T00:39:18.611] [ERROR] default - Error (getReserves(0xa789324E64268C5385eA7678435Fa83532705B0F)): Error: read ECONNRESET
[2024-01-18T00:39:18.611] [ERROR] default - Error: read ECONNRESET
    at TCP.onStreamRead (node:internal/stream_base_commons:217:20) {
  errno: -104,
  code: 'ECONNRESET',
  syscall: 'read'
}
[2024-01-18T00:39:18.611] [ERROR] default - Error (getReserves(0xa789324E64268C5385eA7678435Fa83532705B0F)): Error: read ECONNRESET
[2024-01-18T00:39:18.612] [ERROR] default - Error: read ECONNRESET
    at TCP.onStreamRead (node:internal/stream_base_commons:217:20) {
  errno: -104,
  code: 'ECONNRESET',
  syscall: 'read'
}
[2024-01-18T00:39:18.612] [ERROR] default - Error (getReserves(0xEEf611894CeaE652979C9D0DaE1dEb597790C6eE)): Error: read ECONNRESET
[2024-01-18T00:39:18.612] [ERROR] default - Error: read ECONNRESET
    at TCP.onStreamRead (node:internal/stream_base_commons:217:20) {
  errno: -104,
  code: 'ECONNRESET',
  syscall: 'read'
}
[2024-01-18T00:39:18.612] [ERROR] default - Error (getReserves(0xEEf611894CeaE652979C9D0DaE1dEb597790C6eE)): Error: read ECONNRESET
[2024-01-18T00:39:18.613] [ERROR] default - Error: read ECONNRESET
    at TCP.onStreamRead (node:internal/stream_base_commons:217:20) {
  errno: -104,
  code: 'ECONNRESET',
  syscall: 'read'
}
[2024-01-18T00:39:18.613] [ERROR] default - Error (getReserves(0xCD578F016888B57F1b1e3f887f392F0159E26747)): Error: read ECONNRESET
[2024-01-18T00:39:18.613] [ERROR] default - Error: read ECONNRESET
    at TCP.onStreamRead (node:internal/stream_base_commons:217:20) {
  errno: -104,
  code: 'ECONNRESET',
  syscall: 'read'
}
[2024-01-18T00:39:18.613] [ERROR] default - Error (getReserves(0xCD578F016888B57F1b1e3f887f392F0159E26747)): Error: read ECONNRESET
[2024-01-18T00:39:18.614] [ERROR] default - Error: read ECONNRESET
    at TCP.onStreamRead (node:internal/stream_base_commons:217:20) {
  errno: -104,
  code: 'ECONNRESET',
  syscall: 'read'
}
[2024-01-18T00:39:18.614] [ERROR] default - Error (getReserves(0x4A53119dd905fD39ccC532C68e69505dfB47fc2C)): Error: read ECONNRESET
[2024-01-18T00:39:18.614] [ERROR] default - Error: read ECONNRESET
    at TCP.onStreamRead (node:internal/stream_base_commons:217:20) {
  errno: -104,
  code: 'ECONNRESET',
  syscall: 'read'
}
[2024-01-18T00:39:18.625] [ERROR] default - Error (getReserves(0x4A53119dd905fD39ccC532C68e69505dfB47fc2C)): Error: read ECONNRESET
[2024-01-18T00:39:18.626] [ERROR] default - Error: read ECONNRESET
    at TCP.onStreamRead (node:internal/stream_base_commons:217:20) {
  errno: -104,
  code: 'ECONNRESET',
  syscall: 'read'
}
[2024-01-18T00:39:18.626] [ERROR] default - Error (getReserves(0xa789324E64268C5385eA7678435Fa83532705B0F)): Error: read ECONNRESET
[2024-01-18T00:39:18.626] [ERROR] default - Error: read ECONNRESET
    at TCP.onStreamRead (node:internal/stream_base_commons:217:20) {
  errno: -104,
  code: 'ECONNRESET',
  syscall: 'read'
}
[2024-01-18T00:39:18.627] [ERROR] default - Error (getReserves(0xa789324E64268C5385eA7678435Fa83532705B0F)): Error: read ECONNRESET
[2024-01-18T00:39:18.627] [ERROR] default - Error: read ECONNRESET
    at TCP.onStreamRead (node:internal/stream_base_commons:217:20) {
  errno: -104,
  code: 'ECONNRESET',
  syscall: 'read'
}
[2024-01-18T00:39:18.628] [ERROR] default - Error (getReserves(0xf04adBF75cDFc5eD26eeA4bbbb991DB002036Bdd)): Error: read ECONNRESET
[2024-01-18T00:39:18.628] [ERROR] default - Error: read ECONNRESET
    at TCP.onStreamRead (node:internal/stream_base_commons:217:20) {
  errno: -104,
  code: 'ECONNRESET',
  syscall: 'read'
}
[2024-01-18T00:39:18.628] [ERROR] default - Error (getReserves(0xf04adBF75cDFc5eD26eeA4bbbb991DB002036Bdd)): Error: read ECONNRESET
[2024-01-18T00:39:18.629] [ERROR] default - Error: read ECONNRESET
    at TCP.onStreamRead (node:internal/stream_base_commons:217:20) {
  errno: -104,
  code: 'ECONNRESET',
  syscall: 'read'
}
[2024-01-18T00:39:18.629] [ERROR] default - Error (getReserves(0x604229c960e5CACF2aaEAc8Be68Ac07BA9dF81c3)): Error: read ECONNRESET
[2024-01-18T00:39:18.629] [ERROR] default - Error: read ECONNRESET
    at TCP.onStreamRead (node:internal/stream_base_commons:217:20) {
  errno: -104,
  code: 'ECONNRESET',
  syscall: 'read'
}
[2024-01-18T00:39:18.630] [ERROR] default - Error (getReserves(0x604229c960e5CACF2aaEAc8Be68Ac07BA9dF81c3)): Error: read ECONNRESET
[2024-01-18T00:39:18.630] [ERROR] default - Error: read ECONNRESET
    at TCP.onStreamRead (node:internal/stream_base_commons:217:20) {
  errno: -104,
  code: 'ECONNRESET',
  syscall: 'read'
}
[2024-01-18T00:39:18.630] [ERROR] default - Error (getReserves(0xB2B39B54a82aEDcab018Eb601e8FCD19bC6Ec8Ab)): Error: read ECONNRESET
[2024-01-18T00:39:18.630] [ERROR] default - Error: read ECONNRESET
    at TCP.onStreamRead (node:internal/stream_base_commons:217:20) {
  errno: -104,
  code: 'ECONNRESET',
  syscall: 'read'
}
[2024-01-18T00:39:18.631] [ERROR] default - Error (getReserves(0xB2B39B54a82aEDcab018Eb601e8FCD19bC6Ec8Ab)): Error: read ECONNRESET
[2024-01-18T00:39:18.631] [ERROR] default - Error: read ECONNRESET
    at TCP.onStreamRead (node:internal/stream_base_commons:217:20) {
  errno: -104,
  code: 'ECONNRESET',
  syscall: 'read'
}
[2024-01-18T00:39:18.631] [ERROR] default - Error (getReserves(0xA2937659873ef52Da71a399e4079EBb2a7e5fFF6)): Error: read ECONNRESET
[2024-01-18T00:39:18.632] [ERROR] default - Error: read ECONNRESET
    at TCP.onStreamRead (node:internal/stream_base_commons:217:20) {
  errno: -104,
  code: 'ECONNRESET',
  syscall: 'read'
}
[2024-01-18T00:39:18.632] [ERROR] default - Error (getReserves(0xA2937659873ef52Da71a399e4079EBb2a7e5fFF6)): Error: read ECONNRESET
[2024-01-18T00:39:18.632] [ERROR] default - Error: read ECONNRESET
    at TCP.onStreamRead (node:internal/stream_base_commons:217:20) {
  errno: -104,
  code: 'ECONNRESET',
  syscall: 'read'
}
[2024-01-18T00:39:18.633] [ERROR] default - Error (getReserves(0x55FF76BFFC3Cdd9D5FdbBC2ece4528ECcE45047e)): Error: read ECONNRESET
[2024-01-18T00:39:18.633] [ERROR] default - Error: read ECONNRESET
    at TCP.onStreamRead (node:internal/stream_base_commons:217:20) {
  errno: -104,
  code: 'ECONNRESET',
  syscall: 'read'
}
[2024-01-18T00:39:18.633] [ERROR] default - Error (getReserves(0x55FF76BFFC3Cdd9D5FdbBC2ece4528ECcE45047e)): Error: read ECONNRESET
[2024-01-18T00:39:18.634] [ERROR] default - Error: read ECONNRESET
    at TCP.onStreamRead (node:internal/stream_base_commons:217:20) {
  errno: -104,
  code: 'ECONNRESET',
  syscall: 'read'
}
[2024-01-18T00:39:18.634] [ERROR] default - Error (getReserves(0xcd353F79d9FADe311fC3119B841e1f456b54e858)): Error: read ECONNRESET
[2024-01-18T00:39:18.634] [ERROR] default - Error: read ECONNRESET
    at TCP.onStreamRead (node:internal/stream_base_commons:217:20) {
  errno: -104,
  code: 'ECONNRESET',
  syscall: 'read'
}
[2024-01-18T00:39:18.634] [ERROR] default - Error (getReserves(0xcd353F79d9FADe311fC3119B841e1f456b54e858)): Error: read ECONNRESET
[2024-01-18T00:39:18.635] [ERROR] default - Error: read ECONNRESET
    at TCP.onStreamRead (node:internal/stream_base_commons:217:20) {
  errno: -104,
  code: 'ECONNRESET',
  syscall: 'read'
}
[2024-01-18T00:39:18.635] [ERROR] default - Error (getReserves(0xcd353F79d9FADe311fC3119B841e1f456b54e858)): Error: read ECONNRESET
[2024-01-18T00:39:18.635] [ERROR] default - Error: read ECONNRESET
    at TCP.onStreamRead (node:internal/stream_base_commons:217:20) {
  errno: -104,
  code: 'ECONNRESET',
  syscall: 'read'
}
[2024-01-18T00:39:18.646] [ERROR] default - Error (getReserves(0xcd353F79d9FADe311fC3119B841e1f456b54e858)): Error: read ECONNRESET
[2024-01-18T00:39:18.646] [ERROR] default - Error: read ECONNRESET
    at TCP.onStreamRead (node:internal/stream_base_commons:217:20) {
  errno: -104,
  code: 'ECONNRESET',
  syscall: 'read'
}
[2024-01-18T00:39:18.646] [ERROR] default - Error (getReserves(0x6e7a5FAFcec6BB1e78bAE2A1F0B612012BF14827)): Error: read ECONNRESET
[2024-01-18T00:39:18.647] [ERROR] default - Error: read ECONNRESET
    at TCP.onStreamRead (node:internal/stream_base_commons:217:20) {
  errno: -104,
  code: 'ECONNRESET',
  syscall: 'read'
}
[2024-01-18T00:39:18.647] [ERROR] default - Error (getReserves(0x6e7a5FAFcec6BB1e78bAE2A1F0B612012BF14827)): Error: read ECONNRESET
[2024-01-18T00:39:18.647] [ERROR] default - Error: read ECONNRESET
    at TCP.onStreamRead (node:internal/stream_base_commons:217:20) {
  errno: -104,
  code: 'ECONNRESET',
  syscall: 'read'
}
[2024-01-18T00:39:18.647] [ERROR] default - Error (getReserves(0x6e7a5FAFcec6BB1e78bAE2A1F0B612012BF14827)): Error: read ECONNRESET
[2024-01-18T00:39:18.648] [ERROR] default - Error: read ECONNRESET
    at TCP.onStreamRead (node:internal/stream_base_commons:217:20) {
  errno: -104,
  code: 'ECONNRESET',
  syscall: 'read'
}
[2024-01-18T00:39:18.648] [ERROR] default - Error (getReserves(0x6e7a5FAFcec6BB1e78bAE2A1F0B612012BF14827)): Error: read ECONNRESET
[2024-01-18T00:39:18.648] [ERROR] default - Error: read ECONNRESET
    at TCP.onStreamRead (node:internal/stream_base_commons:217:20) {
  errno: -104,
  code: 'ECONNRESET',
  syscall: 'read'
}
[2024-01-18T00:39:18.649] [ERROR] default - Error (getReserves(0x34965ba0ac2451A34a0471F04CCa3F990b8dea27)): Error: read ECONNRESET
[2024-01-18T00:39:18.649] [ERROR] default - Error: read ECONNRESET
    at TCP.onStreamRead (node:internal/stream_base_commons:217:20) {
  errno: -104,
  code: 'ECONNRESET',
  syscall: 'read'
}
[2024-01-18T00:39:18.649] [ERROR] default - Error (getReserves(0x34965ba0ac2451A34a0471F04CCa3F990b8dea27)): Error: read ECONNRESET
[2024-01-18T00:39:18.649] [ERROR] default - Error: read ECONNRESET
    at TCP.onStreamRead (node:internal/stream_base_commons:217:20) {
  errno: -104,
  code: 'ECONNRESET',
  syscall: 'read'
}
[2024-01-18T00:39:18.651] [ERROR] default - PROVIDER ERROR: Error: Reserves is undefined
    at new Prices (/mnt/c/code/polybotv3/scripts/v2/modules/prices.ts:15:10)
    at control (/mnt/c/code/polybotv3/scripts/v2/control.ts:44:16)
    at processTicksAndRejections (node:internal/process/task_queues:95:5)
    at async /mnt/c/code/polybotv3/index.ts:44:5
    at async Promise.all (index 0)
    at async JsonRpcProvider.<anonymous> (/mnt/c/code/polybotv3/index.ts:43:4)
[2024-01-18T00:39:28.405] [ERROR] default - PROVIDER ERROR: Error: Invalid argument
    at pu (/mnt/c/code/polybotv3/scripts/modules/convertBN.ts:20:15)
    at AmountConverter.tradeToPrice (/mnt/c/code/polybotv3/scripts/v2/modules/amountConverter.ts:43:25)
    at processTicksAndRejections (node:internal/process/task_queues:95:5)
    at async Trade.getSize (/mnt/c/code/polybotv3/scripts/v2/getTrade.ts:69:19)
    at async Trade.getTrade (/mnt/c/code/polybotv3/scripts/v2/getTrade.ts:85:65)
    at async control (/mnt/c/code/polybotv3/scripts/v2/control.ts:47:19)
    at async /mnt/c/code/polybotv3/index.ts:44:5
    at async Promise.all (index 0)
    at async JsonRpcProvider.<anonymous> (/mnt/c/code/polybotv3/index.ts:43:4)
[2024-01-18T00:39:28.406] [ERROR] default - PROVIDER ERROR: Error: Invalid argument
    at pu (/mnt/c/code/polybotv3/scripts/modules/convertBN.ts:20:15)
    at AmountConverter.tradeToPrice (/mnt/c/code/polybotv3/scripts/v2/modules/amountConverter.ts:43:25)
    at processTicksAndRejections (node:internal/process/task_queues:95:5)
    at async Trade.getSize (/mnt/c/code/polybotv3/scripts/v2/getTrade.ts:69:19)
    at async Trade.getTrade (/mnt/c/code/polybotv3/scripts/v2/getTrade.ts:85:65)
    at async control (/mnt/c/code/polybotv3/scripts/v2/control.ts:47:19)
    at async /mnt/c/code/polybotv3/index.ts:44:5
    at async Promise.all (index 0)
    at async JsonRpcProvider.<anonymous> (/mnt/c/code/polybotv3/index.ts:43:4)
[2024-01-18T00:39:28.407] [ERROR] default - PROVIDER ERROR: Error: Invalid argument
    at pu (/mnt/c/code/polybotv3/scripts/modules/convertBN.ts:20:15)
    at AmountConverter.tradeToPrice (/mnt/c/code/polybotv3/scripts/v2/modules/amountConverter.ts:43:25)
    at processTicksAndRejections (node:internal/process/task_queues:95:5)
    at async Trade.getSize (/mnt/c/code/polybotv3/scripts/v2/getTrade.ts:69:19)
    at async Trade.getTrade (/mnt/c/code/polybotv3/scripts/v2/getTrade.ts:85:65)
    at async control (/mnt/c/code/polybotv3/scripts/v2/control.ts:47:19)
    at async /mnt/c/code/polybotv3/index.ts:44:5
    at async Promise.all (index 0)
    at async JsonRpcProvider.<anonymous> (/mnt/c/code/polybotv3/index.ts:43:4)
[2024-01-18T00:39:28.408] [INFO] default - New block received: Block # 51500884
[2024-01-18T00:39:28.420] [INFO] default - New block received: Block # 51500885
[2024-01-18T00:39:32.913] [INFO] default - New block received: Block # 51500886
[2024-01-18T00:39:32.917] [INFO] default - New block received: Block # 51500887
[2024-01-18T00:39:36.192] [ERROR] default - PROVIDER ERROR: Error: Invalid argument
    at pu (/mnt/c/code/polybotv3/scripts/modules/convertBN.ts:20:15)
    at AmountConverter.tradeToPrice (/mnt/c/code/polybotv3/scripts/v2/modules/amountConverter.ts:43:25)
    at processTicksAndRejections (node:internal/process/task_queues:95:5)
    at async Trade.getSize (/mnt/c/code/polybotv3/scripts/v2/getTrade.ts:69:19)
    at async Trade.getTrade (/mnt/c/code/polybotv3/scripts/v2/getTrade.ts:85:65)
    at async control (/mnt/c/code/polybotv3/scripts/v2/control.ts:47:19)
    at async /mnt/c/code/polybotv3/index.ts:44:5
    at async Promise.all (index 0)
    at async JsonRpcProvider.<anonymous> (/mnt/c/code/polybotv3/index.ts:43:4)
[2024-01-18T00:39:36.194] [ERROR] default - PROVIDER ERROR: Error: Invalid argument
    at pu (/mnt/c/code/polybotv3/scripts/modules/convertBN.ts:20:15)
    at AmountConverter.tradeToPrice (/mnt/c/code/polybotv3/scripts/v2/modules/amountConverter.ts:43:25)
    at processTicksAndRejections (node:internal/process/task_queues:95:5)
    at async Trade.getSize (/mnt/c/code/polybotv3/scripts/v2/getTrade.ts:69:19)
    at async Trade.getTrade (/mnt/c/code/polybotv3/scripts/v2/getTrade.ts:85:65)
    at async control (/mnt/c/code/polybotv3/scripts/v2/control.ts:47:19)
    at async /mnt/c/code/polybotv3/index.ts:44:5
    at async Promise.all (index 0)
    at async JsonRpcProvider.<anonymous> (/mnt/c/code/polybotv3/index.ts:43:4)
[2024-01-18T00:39:39.543] [INFO] default - New block received: Block # 51500888
[2024-01-18T00:39:39.547] [INFO] default - New block received: Block # 51500889
[2024-01-18T00:39:42.805] [ERROR] default - PROVIDER ERROR: Error: Invalid argument
    at pu (/mnt/c/code/polybotv3/scripts/modules/convertBN.ts:20:15)
    at AmountConverter.tradeToPrice (/mnt/c/code/polybotv3/scripts/v2/modules/amountConverter.ts:43:25)
    at processTicksAndRejections (node:internal/process/task_queues:95:5)
    at async Trade.getSize (/mnt/c/code/polybotv3/scripts/v2/getTrade.ts:69:19)
    at async Trade.getTrade (/mnt/c/code/polybotv3/scripts/v2/getTrade.ts:85:65)
    at async control (/mnt/c/code/polybotv3/scripts/v2/control.ts:47:19)
    at async /mnt/c/code/polybotv3/index.ts:44:5
    at async Promise.all (index 0)
    at async JsonRpcProvider.<anonymous> (/mnt/c/code/polybotv3/index.ts:43:4)
[2024-01-18T00:39:42.807] [ERROR] default - PROVIDER ERROR: Error: Invalid argument
    at pu (/mnt/c/code/polybotv3/scripts/modules/convertBN.ts:20:15)
    at AmountConverter.tradeToPrice (/mnt/c/code/polybotv3/scripts/v2/modules/amountConverter.ts:43:25)
    at processTicksAndRejections (node:internal/process/task_queues:95:5)
    at async Trade.getSize (/mnt/c/code/polybotv3/scripts/v2/getTrade.ts:69:19)
    at async Trade.getTrade (/mnt/c/code/polybotv3/scripts/v2/getTrade.ts:85:65)
    at async control (/mnt/c/code/polybotv3/scripts/v2/control.ts:47:19)
    at async /mnt/c/code/polybotv3/index.ts:44:5
    at async Promise.all (index 0)
    at async JsonRpcProvider.<anonymous> (/mnt/c/code/polybotv3/index.ts:43:4)
[2024-01-18T00:39:45.947] [INFO] default - New block received: Block # 51500890
[2024-01-18T00:39:45.951] [INFO] default - New block received: Block # 51500891
[2024-01-18T00:39:49.110] [ERROR] default - PROVIDER ERROR: Error: Invalid argument
    at pu (/mnt/c/code/polybotv3/scripts/modules/convertBN.ts:20:15)
    at AmountConverter.tradeToPrice (/mnt/c/code/polybotv3/scripts/v2/modules/amountConverter.ts:43:25)
    at processTicksAndRejections (node:internal/process/task_queues:95:5)
    at async Trade.getSize (/mnt/c/code/polybotv3/scripts/v2/getTrade.ts:69:19)
    at async Trade.getTrade (/mnt/c/code/polybotv3/scripts/v2/getTrade.ts:85:65)
    at async control (/mnt/c/code/polybotv3/scripts/v2/control.ts:47:19)
    at async /mnt/c/code/polybotv3/index.ts:44:5
    at async Promise.all (index 0)
    at async JsonRpcProvider.<anonymous> (/mnt/c/code/polybotv3/index.ts:43:4)
[2024-01-18T00:39:49.111] [ERROR] default - PROVIDER ERROR: Error: Invalid argument
    at pu (/mnt/c/code/polybotv3/scripts/modules/convertBN.ts:20:15)
    at AmountConverter.tradeToPrice (/mnt/c/code/polybotv3/scripts/v2/modules/amountConverter.ts:43:25)
    at processTicksAndRejections (node:internal/process/task_queues:95:5)
    at async Trade.getSize (/mnt/c/code/polybotv3/scripts/v2/getTrade.ts:69:19)
    at async Trade.getTrade (/mnt/c/code/polybotv3/scripts/v2/getTrade.ts:85:65)
    at async control (/mnt/c/code/polybotv3/scripts/v2/control.ts:47:19)
    at async /mnt/c/code/polybotv3/index.ts:44:5
    at async Promise.all (index 0)
    at async JsonRpcProvider.<anonymous> (/mnt/c/code/polybotv3/index.ts:43:4)
[2024-01-18T00:39:52.170] [INFO] default - New block received: Block # 51500892
[2024-01-18T00:39:52.174] [INFO] default - New block received: Block # 51500893
[2024-01-18T00:39:55.274] [ERROR] default - PROVIDER ERROR: Error: Invalid argument
    at pu (/mnt/c/code/polybotv3/scripts/modules/convertBN.ts:20:15)
    at AmountConverter.tradeToPrice (/mnt/c/code/polybotv3/scripts/v2/modules/amountConverter.ts:43:25)
    at processTicksAndRejections (node:internal/process/task_queues:95:5)
    at async Trade.getSize (/mnt/c/code/polybotv3/scripts/v2/getTrade.ts:69:19)
    at async Trade.getTrade (/mnt/c/code/polybotv3/scripts/v2/getTrade.ts:85:65)
    at async control (/mnt/c/code/polybotv3/scripts/v2/control.ts:47:19)
    at async /mnt/c/code/polybotv3/index.ts:44:5
    at async Promise.all (index 0)
    at async JsonRpcProvider.<anonymous> (/mnt/c/code/polybotv3/index.ts:43:4)
[2024-01-18T00:39:55.275] [ERROR] default - PROVIDER ERROR: Error: Invalid argument
    at pu (/mnt/c/code/polybotv3/scripts/modules/convertBN.ts:20:15)
    at AmountConverter.tradeToPrice (/mnt/c/code/polybotv3/scripts/v2/modules/amountConverter.ts:43:25)
    at processTicksAndRejections (node:internal/process/task_queues:95:5)
    at async Trade.getSize (/mnt/c/code/polybotv3/scripts/v2/getTrade.ts:69:19)
    at async Trade.getTrade (/mnt/c/code/polybotv3/scripts/v2/getTrade.ts:85:65)
    at async control (/mnt/c/code/polybotv3/scripts/v2/control.ts:47:19)
    at async /mnt/c/code/polybotv3/index.ts:44:5
    at async Promise.all (index 0)
    at async JsonRpcProvider.<anonymous> (/mnt/c/code/polybotv3/index.ts:43:4)
[2024-01-18T00:39:58.654] [INFO] default - New block received: Block # 51500894
[2024-01-18T00:39:58.667] [INFO] default - New block received: Block # 51500895
[2024-01-18T00:40:01.969] [ERROR] default - PROVIDER ERROR: Error: Invalid argument
    at pu (/mnt/c/code/polybotv3/scripts/modules/convertBN.ts:20:15)
    at AmountConverter.tradeToPrice (/mnt/c/code/polybotv3/scripts/v2/modules/amountConverter.ts:43:25)
    at processTicksAndRejections (node:internal/process/task_queues:95:5)
    at async Trade.getSize (/mnt/c/code/polybotv3/scripts/v2/getTrade.ts:69:19)
    at async Trade.getTrade (/mnt/c/code/polybotv3/scripts/v2/getTrade.ts:85:65)
    at async control (/mnt/c/code/polybotv3/scripts/v2/control.ts:47:19)
    at async /mnt/c/code/polybotv3/index.ts:44:5
    at async Promise.all (index 0)
    at async JsonRpcProvider.<anonymous> (/mnt/c/code/polybotv3/index.ts:43:4)
[2024-01-18T00:40:01.977] [ERROR] default - PROVIDER ERROR: Error: Invalid argument
    at pu (/mnt/c/code/polybotv3/scripts/modules/convertBN.ts:20:15)
    at AmountConverter.tradeToPrice (/mnt/c/code/polybotv3/scripts/v2/modules/amountConverter.ts:43:25)
    at processTicksAndRejections (node:internal/process/task_queues:95:5)
    at async Trade.getSize (/mnt/c/code/polybotv3/scripts/v2/getTrade.ts:69:19)
    at async Trade.getTrade (/mnt/c/code/polybotv3/scripts/v2/getTrade.ts:85:65)
    at async control (/mnt/c/code/polybotv3/scripts/v2/control.ts:47:19)
    at async /mnt/c/code/polybotv3/index.ts:44:5
    at async Promise.all (index 0)
    at async JsonRpcProvider.<anonymous> (/mnt/c/code/polybotv3/index.ts:43:4)
[2024-01-18T00:40:05.393] [INFO] default - New block received: Block # 51500896
[2024-01-18T00:40:05.403] [INFO] default - New block received: Block # 51500897
[2024-01-18T00:40:08.682] [ERROR] default - PROVIDER ERROR: Error: Invalid argument
    at pu (/mnt/c/code/polybotv3/scripts/modules/convertBN.ts:20:15)
    at AmountConverter.tradeToPrice (/mnt/c/code/polybotv3/scripts/v2/modules/amountConverter.ts:43:25)
    at processTicksAndRejections (node:internal/process/task_queues:95:5)
    at async Trade.getSize (/mnt/c/code/polybotv3/scripts/v2/getTrade.ts:69:19)
    at async Trade.getTrade (/mnt/c/code/polybotv3/scripts/v2/getTrade.ts:85:65)
    at async control (/mnt/c/code/polybotv3/scripts/v2/control.ts:47:19)
    at async /mnt/c/code/polybotv3/index.ts:44:5
    at async Promise.all (index 0)
    at async JsonRpcProvider.<anonymous> (/mnt/c/code/polybotv3/index.ts:43:4)
[2024-01-18T00:40:08.687] [ERROR] default - PROVIDER ERROR: Error: Invalid argument
    at pu (/mnt/c/code/polybotv3/scripts/modules/convertBN.ts:20:15)
    at AmountConverter.tradeToPrice (/mnt/c/code/polybotv3/scripts/v2/modules/amountConverter.ts:43:25)
    at processTicksAndRejections (node:internal/process/task_queues:95:5)
    at async Trade.getSize (/mnt/c/code/polybotv3/scripts/v2/getTrade.ts:69:19)
    at async Trade.getTrade (/mnt/c/code/polybotv3/scripts/v2/getTrade.ts:85:65)
    at async control (/mnt/c/code/polybotv3/scripts/v2/control.ts:47:19)
    at async /mnt/c/code/polybotv3/index.ts:44:5
    at async Promise.all (index 0)
    at async JsonRpcProvider.<anonymous> (/mnt/c/code/polybotv3/index.ts:43:4)
[2024-01-18T00:40:11.949] [INFO] default - New block received: Block # 51500898
[2024-01-18T00:40:11.953] [INFO] default - New block received: Block # 51500899
[2024-01-18T00:40:14.983] [ERROR] default - PROVIDER ERROR: Error: Invalid argument
    at pu (/mnt/c/code/polybotv3/scripts/modules/convertBN.ts:20:15)
    at AmountConverter.tradeToPrice (/mnt/c/code/polybotv3/scripts/v2/modules/amountConverter.ts:43:25)
    at processTicksAndRejections (node:internal/process/task_queues:95:5)
    at async Trade.getSize (/mnt/c/code/polybotv3/scripts/v2/getTrade.ts:69:19)
    at async Trade.getTrade (/mnt/c/code/polybotv3/scripts/v2/getTrade.ts:85:65)
    at async control (/mnt/c/code/polybotv3/scripts/v2/control.ts:47:19)
    at async /mnt/c/code/polybotv3/index.ts:44:5
    at async Promise.all (index 0)
    at async JsonRpcProvider.<anonymous> (/mnt/c/code/polybotv3/index.ts:43:4)
[2024-01-18T00:40:14.985] [ERROR] default - PROVIDER ERROR: Error: Invalid argument
    at pu (/mnt/c/code/polybotv3/scripts/modules/convertBN.ts:20:15)
    at AmountConverter.tradeToPrice (/mnt/c/code/polybotv3/scripts/v2/modules/amountConverter.ts:43:25)
    at processTicksAndRejections (node:internal/process/task_queues:95:5)
    at async Trade.getSize (/mnt/c/code/polybotv3/scripts/v2/getTrade.ts:69:19)
    at async Trade.getTrade (/mnt/c/code/polybotv3/scripts/v2/getTrade.ts:85:65)
    at async control (/mnt/c/code/polybotv3/scripts/v2/control.ts:47:19)
    at async /mnt/c/code/polybotv3/index.ts:44:5
    at async Promise.all (index 0)
    at async JsonRpcProvider.<anonymous> (/mnt/c/code/polybotv3/index.ts:43:4)
[2024-01-18T00:40:18.403] [INFO] default - New block received: Block # 51500900
[2024-01-18T00:40:18.407] [INFO] default - New block received: Block # 51500901
[2024-01-18T00:40:21.636] [ERROR] default - PROVIDER ERROR: Error: Invalid argument
    at pu (/mnt/c/code/polybotv3/scripts/modules/convertBN.ts:20:15)
    at AmountConverter.tradeToPrice (/mnt/c/code/polybotv3/scripts/v2/modules/amountConverter.ts:43:25)
    at processTicksAndRejections (node:internal/process/task_queues:95:5)
    at async Trade.getSize (/mnt/c/code/polybotv3/scripts/v2/getTrade.ts:69:19)
    at async Trade.getTrade (/mnt/c/code/polybotv3/scripts/v2/getTrade.ts:85:65)
    at async control (/mnt/c/code/polybotv3/scripts/v2/control.ts:47:19)
    at async /mnt/c/code/polybotv3/index.ts:44:5
    at async Promise.all (index 0)
    at async JsonRpcProvider.<anonymous> (/mnt/c/code/polybotv3/index.ts:43:4)
[2024-01-18T00:40:21.637] [ERROR] default - PROVIDER ERROR: Error: Invalid argument
    at pu (/mnt/c/code/polybotv3/scripts/modules/convertBN.ts:20:15)
    at AmountConverter.tradeToPrice (/mnt/c/code/polybotv3/scripts/v2/modules/amountConverter.ts:43:25)
    at processTicksAndRejections (node:internal/process/task_queues:95:5)
    at async Trade.getSize (/mnt/c/code/polybotv3/scripts/v2/getTrade.ts:69:19)
    at async Trade.getTrade (/mnt/c/code/polybotv3/scripts/v2/getTrade.ts:85:65)
    at async control (/mnt/c/code/polybotv3/scripts/v2/control.ts:47:19)
    at async /mnt/c/code/polybotv3/index.ts:44:5
    at async Promise.all (index 0)
    at async JsonRpcProvider.<anonymous> (/mnt/c/code/polybotv3/index.ts:43:4)
[2024-01-18T00:40:24.950] [INFO] default - New block received: Block # 51500902
[2024-01-18T00:40:24.953] [INFO] default - New block received: Block # 51500903
[2024-01-18T00:40:28.247] [ERROR] default - PROVIDER ERROR: Error: Invalid argument
    at pu (/mnt/c/code/polybotv3/scripts/modules/convertBN.ts:20:15)
    at AmountConverter.tradeToPrice (/mnt/c/code/polybotv3/scripts/v2/modules/amountConverter.ts:43:25)
    at processTicksAndRejections (node:internal/process/task_queues:95:5)
    at async Trade.getSize (/mnt/c/code/polybotv3/scripts/v2/getTrade.ts:69:19)
    at async Trade.getTrade (/mnt/c/code/polybotv3/scripts/v2/getTrade.ts:85:65)
    at async control (/mnt/c/code/polybotv3/scripts/v2/control.ts:47:19)
    at async /mnt/c/code/polybotv3/index.ts:44:5
    at async Promise.all (index 0)
    at async JsonRpcProvider.<anonymous> (/mnt/c/code/polybotv3/index.ts:43:4)
[2024-01-18T00:40:28.249] [ERROR] default - PROVIDER ERROR: Error: Invalid argument
    at pu (/mnt/c/code/polybotv3/scripts/modules/convertBN.ts:20:15)
    at AmountConverter.tradeToPrice (/mnt/c/code/polybotv3/scripts/v2/modules/amountConverter.ts:43:25)
    at processTicksAndRejections (node:internal/process/task_queues:95:5)
    at async Trade.getSize (/mnt/c/code/polybotv3/scripts/v2/getTrade.ts:69:19)
    at async Trade.getTrade (/mnt/c/code/polybotv3/scripts/v2/getTrade.ts:85:65)
    at async control (/mnt/c/code/polybotv3/scripts/v2/control.ts:47:19)
    at async /mnt/c/code/polybotv3/index.ts:44:5
    at async Promise.all (index 0)
    at async JsonRpcProvider.<anonymous> (/mnt/c/code/polybotv3/index.ts:43:4)
[2024-01-18T00:40:31.801] [INFO] default - New block received: Block # 51500904
[2024-01-18T00:40:31.809] [INFO] default - New block received: Block # 51500905
[2024-01-18T00:40:35.162] [ERROR] default - PROVIDER ERROR: Error: Invalid argument
    at pu (/mnt/c/code/polybotv3/scripts/modules/convertBN.ts:20:15)
    at AmountConverter.tradeToPrice (/mnt/c/code/polybotv3/scripts/v2/modules/amountConverter.ts:43:25)
    at processTicksAndRejections (node:internal/process/task_queues:95:5)
    at async Trade.getSize (/mnt/c/code/polybotv3/scripts/v2/getTrade.ts:69:19)
    at async Trade.getTrade (/mnt/c/code/polybotv3/scripts/v2/getTrade.ts:85:65)
    at async control (/mnt/c/code/polybotv3/scripts/v2/control.ts:47:19)
    at async /mnt/c/code/polybotv3/index.ts:44:5
    at async Promise.all (index 0)
    at async JsonRpcProvider.<anonymous> (/mnt/c/code/polybotv3/index.ts:43:4)
[2024-01-18T00:40:35.164] [ERROR] default - PROVIDER ERROR: Error: Invalid argument
    at pu (/mnt/c/code/polybotv3/scripts/modules/convertBN.ts:20:15)
    at AmountConverter.tradeToPrice (/mnt/c/code/polybotv3/scripts/v2/modules/amountConverter.ts:43:25)
    at processTicksAndRejections (node:internal/process/task_queues:95:5)
    at async Trade.getSize (/mnt/c/code/polybotv3/scripts/v2/getTrade.ts:69:19)
    at async Trade.getTrade (/mnt/c/code/polybotv3/scripts/v2/getTrade.ts:85:65)
    at async control (/mnt/c/code/polybotv3/scripts/v2/control.ts:47:19)
    at async /mnt/c/code/polybotv3/index.ts:44:5
    at async Promise.all (index 0)
    at async JsonRpcProvider.<anonymous> (/mnt/c/code/polybotv3/index.ts:43:4)
[2024-01-18T00:40:38.590] [INFO] default - New block received: Block # 51500906
[2024-01-18T00:40:38.597] [INFO] default - New block received: Block # 51500907
[2024-01-18T00:40:41.823] [ERROR] default - PROVIDER ERROR: Error: Invalid argument
    at pu (/mnt/c/code/polybotv3/scripts/modules/convertBN.ts:20:15)
    at AmountConverter.tradeToPrice (/mnt/c/code/polybotv3/scripts/v2/modules/amountConverter.ts:43:25)
    at processTicksAndRejections (node:internal/process/task_queues:95:5)
    at async Trade.getSize (/mnt/c/code/polybotv3/scripts/v2/getTrade.ts:69:19)
    at async Trade.getTrade (/mnt/c/code/polybotv3/scripts/v2/getTrade.ts:85:65)
    at async control (/mnt/c/code/polybotv3/scripts/v2/control.ts:47:19)
    at async /mnt/c/code/polybotv3/index.ts:44:5
    at async Promise.all (index 0)
    at async JsonRpcProvider.<anonymous> (/mnt/c/code/polybotv3/index.ts:43:4)
[2024-01-18T00:40:41.824] [ERROR] default - PROVIDER ERROR: Error: Invalid argument
    at pu (/mnt/c/code/polybotv3/scripts/modules/convertBN.ts:20:15)
    at AmountConverter.tradeToPrice (/mnt/c/code/polybotv3/scripts/v2/modules/amountConverter.ts:43:25)
    at processTicksAndRejections (node:internal/process/task_queues:95:5)
    at async Trade.getSize (/mnt/c/code/polybotv3/scripts/v2/getTrade.ts:69:19)
    at async Trade.getTrade (/mnt/c/code/polybotv3/scripts/v2/getTrade.ts:85:65)
    at async control (/mnt/c/code/polybotv3/scripts/v2/control.ts:47:19)
    at async /mnt/c/code/polybotv3/index.ts:44:5
    at async Promise.all (index 0)
    at async JsonRpcProvider.<anonymous> (/mnt/c/code/polybotv3/index.ts:43:4)
[2024-01-18T00:40:45.010] [INFO] default - New block received: Block # 51500908
[2024-01-18T00:40:45.015] [INFO] default - New block received: Block # 51500909
[2024-01-18T00:40:48.055] [ERROR] default - PROVIDER ERROR: Error: Invalid argument
    at pu (/mnt/c/code/polybotv3/scripts/modules/convertBN.ts:20:15)
    at AmountConverter.tradeToPrice (/mnt/c/code/polybotv3/scripts/v2/modules/amountConverter.ts:43:25)
    at processTicksAndRejections (node:internal/process/task_queues:95:5)
    at async Trade.getSize (/mnt/c/code/polybotv3/scripts/v2/getTrade.ts:69:19)
    at async Trade.getTrade (/mnt/c/code/polybotv3/scripts/v2/getTrade.ts:85:65)
    at async control (/mnt/c/code/polybotv3/scripts/v2/control.ts:47:19)
    at async /mnt/c/code/polybotv3/index.ts:44:5
    at async Promise.all (index 0)
    at async JsonRpcProvider.<anonymous> (/mnt/c/code/polybotv3/index.ts:43:4)
[2024-01-18T00:40:48.056] [ERROR] default - PROVIDER ERROR: Error: Invalid argument
    at pu (/mnt/c/code/polybotv3/scripts/modules/convertBN.ts:20:15)
    at AmountConverter.tradeToPrice (/mnt/c/code/polybotv3/scripts/v2/modules/amountConverter.ts:43:25)
    at processTicksAndRejections (node:internal/process/task_queues:95:5)
    at async Trade.getSize (/mnt/c/code/polybotv3/scripts/v2/getTrade.ts:69:19)
    at async Trade.getTrade (/mnt/c/code/polybotv3/scripts/v2/getTrade.ts:85:65)
    at async control (/mnt/c/code/polybotv3/scripts/v2/control.ts:47:19)
    at async /mnt/c/code/polybotv3/index.ts:44:5
    at async Promise.all (index 0)
    at async JsonRpcProvider.<anonymous> (/mnt/c/code/polybotv3/index.ts:43:4)
[2024-01-18T00:40:51.383] [INFO] default - New block received: Block # 51500910
[2024-01-18T00:40:51.387] [INFO] default - New block received: Block # 51500911
[2024-01-18T00:40:54.376] [ERROR] default - PROVIDER ERROR: Error: Invalid argument
    at pu (/mnt/c/code/polybotv3/scripts/modules/convertBN.ts:20:15)
    at AmountConverter.tradeToPrice (/mnt/c/code/polybotv3/scripts/v2/modules/amountConverter.ts:43:25)
    at processTicksAndRejections (node:internal/process/task_queues:95:5)
    at async Trade.getSize (/mnt/c/code/polybotv3/scripts/v2/getTrade.ts:69:19)
    at async Trade.getTrade (/mnt/c/code/polybotv3/scripts/v2/getTrade.ts:85:65)
    at async control (/mnt/c/code/polybotv3/scripts/v2/control.ts:47:19)
    at async /mnt/c/code/polybotv3/index.ts:44:5
    at async Promise.all (index 0)
    at async JsonRpcProvider.<anonymous> (/mnt/c/code/polybotv3/index.ts:43:4)
[2024-01-18T00:40:54.384] [ERROR] default - PROVIDER ERROR: Error: Invalid argument
    at pu (/mnt/c/code/polybotv3/scripts/modules/convertBN.ts:20:15)
    at AmountConverter.tradeToPrice (/mnt/c/code/polybotv3/scripts/v2/modules/amountConverter.ts:43:25)
    at processTicksAndRejections (node:internal/process/task_queues:95:5)
    at async Trade.getSize (/mnt/c/code/polybotv3/scripts/v2/getTrade.ts:69:19)
    at async Trade.getTrade (/mnt/c/code/polybotv3/scripts/v2/getTrade.ts:85:65)
    at async control (/mnt/c/code/polybotv3/scripts/v2/control.ts:47:19)
    at async /mnt/c/code/polybotv3/index.ts:44:5
    at async Promise.all (index 0)
    at async JsonRpcProvider.<anonymous> (/mnt/c/code/polybotv3/index.ts:43:4)
[2024-01-18T00:40:57.634] [INFO] default - New block received: Block # 51500912
[2024-01-18T00:40:57.638] [INFO] default - New block received: Block # 51500913
[2024-01-18T00:41:00.854] [ERROR] default - PROVIDER ERROR: Error: Invalid argument
    at pu (/mnt/c/code/polybotv3/scripts/modules/convertBN.ts:20:15)
    at AmountConverter.tradeToPrice (/mnt/c/code/polybotv3/scripts/v2/modules/amountConverter.ts:43:25)
    at processTicksAndRejections (node:internal/process/task_queues:95:5)
    at async Trade.getSize (/mnt/c/code/polybotv3/scripts/v2/getTrade.ts:69:19)
    at async Trade.getTrade (/mnt/c/code/polybotv3/scripts/v2/getTrade.ts:85:65)
    at async control (/mnt/c/code/polybotv3/scripts/v2/control.ts:47:19)
    at async /mnt/c/code/polybotv3/index.ts:44:5
    at async Promise.all (index 0)
    at async JsonRpcProvider.<anonymous> (/mnt/c/code/polybotv3/index.ts:43:4)
[2024-01-18T00:41:00.855] [ERROR] default - PROVIDER ERROR: Error: Invalid argument
    at pu (/mnt/c/code/polybotv3/scripts/modules/convertBN.ts:20:15)
    at AmountConverter.tradeToPrice (/mnt/c/code/polybotv3/scripts/v2/modules/amountConverter.ts:43:25)
    at processTicksAndRejections (node:internal/process/task_queues:95:5)
    at async Trade.getSize (/mnt/c/code/polybotv3/scripts/v2/getTrade.ts:69:19)
    at async Trade.getTrade (/mnt/c/code/polybotv3/scripts/v2/getTrade.ts:85:65)
    at async control (/mnt/c/code/polybotv3/scripts/v2/control.ts:47:19)
    at async /mnt/c/code/polybotv3/index.ts:44:5
    at async Promise.all (index 0)
    at async JsonRpcProvider.<anonymous> (/mnt/c/code/polybotv3/index.ts:43:4)
[2024-01-18T00:41:04.356] [INFO] default - New block received: Block # 51500914
[2024-01-18T00:41:04.361] [INFO] default - New block received: Block # 51500915
[2024-01-18T00:41:08.291] [ERROR] default - PROVIDER ERROR: Error: Invalid argument
    at pu (/mnt/c/code/polybotv3/scripts/modules/convertBN.ts:20:15)
    at AmountConverter.tradeToPrice (/mnt/c/code/polybotv3/scripts/v2/modules/amountConverter.ts:43:25)
    at processTicksAndRejections (node:internal/process/task_queues:95:5)
    at async Trade.getSize (/mnt/c/code/polybotv3/scripts/v2/getTrade.ts:69:19)
    at async Trade.getTrade (/mnt/c/code/polybotv3/scripts/v2/getTrade.ts:85:65)
    at async control (/mnt/c/code/polybotv3/scripts/v2/control.ts:47:19)
    at async /mnt/c/code/polybotv3/index.ts:44:5
    at async Promise.all (index 0)
    at async JsonRpcProvider.<anonymous> (/mnt/c/code/polybotv3/index.ts:43:4)
[2024-01-18T00:41:08.302] [ERROR] default - PROVIDER ERROR: Error: Invalid argument
    at pu (/mnt/c/code/polybotv3/scripts/modules/convertBN.ts:20:15)
    at AmountConverter.tradeToPrice (/mnt/c/code/polybotv3/scripts/v2/modules/amountConverter.ts:43:25)
    at processTicksAndRejections (node:internal/process/task_queues:95:5)
    at async Trade.getSize (/mnt/c/code/polybotv3/scripts/v2/getTrade.ts:69:19)
    at async Trade.getTrade (/mnt/c/code/polybotv3/scripts/v2/getTrade.ts:85:65)
    at async control (/mnt/c/code/polybotv3/scripts/v2/control.ts:47:19)
    at async /mnt/c/code/polybotv3/index.ts:44:5
    at async Promise.all (index 0)
    at async JsonRpcProvider.<anonymous> (/mnt/c/code/polybotv3/index.ts:43:4)
[2024-01-18T00:41:11.777] [INFO] default - New block received: Block # 51500916
[2024-01-18T00:41:11.782] [INFO] default - New block received: Block # 51500917
[2024-01-18T00:41:14.848] [ERROR] default - PROVIDER ERROR: Error: Invalid argument
    at pu (/mnt/c/code/polybotv3/scripts/modules/convertBN.ts:20:15)
    at AmountConverter.tradeToPrice (/mnt/c/code/polybotv3/scripts/v2/modules/amountConverter.ts:43:25)
    at processTicksAndRejections (node:internal/process/task_queues:95:5)
    at async Trade.getSize (/mnt/c/code/polybotv3/scripts/v2/getTrade.ts:69:19)
    at async Trade.getTrade (/mnt/c/code/polybotv3/scripts/v2/getTrade.ts:85:65)
    at async control (/mnt/c/code/polybotv3/scripts/v2/control.ts:47:19)
    at async /mnt/c/code/polybotv3/index.ts:44:5
    at async Promise.all (index 0)
    at async JsonRpcProvider.<anonymous> (/mnt/c/code/polybotv3/index.ts:43:4)
[2024-01-18T00:41:14.856] [ERROR] default - PROVIDER ERROR: Error: Invalid argument
    at pu (/mnt/c/code/polybotv3/scripts/modules/convertBN.ts:20:15)
    at AmountConverter.tradeToPrice (/mnt/c/code/polybotv3/scripts/v2/modules/amountConverter.ts:43:25)
    at processTicksAndRejections (node:internal/process/task_queues:95:5)
    at async Trade.getSize (/mnt/c/code/polybotv3/scripts/v2/getTrade.ts:69:19)
    at async Trade.getTrade (/mnt/c/code/polybotv3/scripts/v2/getTrade.ts:85:65)
    at async control (/mnt/c/code/polybotv3/scripts/v2/control.ts:47:19)
    at async /mnt/c/code/polybotv3/index.ts:44:5
    at async Promise.all (index 0)
    at async JsonRpcProvider.<anonymous> (/mnt/c/code/polybotv3/index.ts:43:4)
[2024-01-18T00:41:18.100] [INFO] default - New block received: Block # 51500918
[2024-01-18T00:41:18.105] [INFO] default - New block received: Block # 51500919
[2024-01-18T00:41:21.301] [ERROR] default - PROVIDER ERROR: Error: Invalid argument
    at pu (/mnt/c/code/polybotv3/scripts/modules/convertBN.ts:20:15)
    at AmountConverter.tradeToPrice (/mnt/c/code/polybotv3/scripts/v2/modules/amountConverter.ts:43:25)
    at processTicksAndRejections (node:internal/process/task_queues:95:5)
    at async Trade.getSize (/mnt/c/code/polybotv3/scripts/v2/getTrade.ts:69:19)
    at async Trade.getTrade (/mnt/c/code/polybotv3/scripts/v2/getTrade.ts:85:65)
    at async control (/mnt/c/code/polybotv3/scripts/v2/control.ts:47:19)
    at async /mnt/c/code/polybotv3/index.ts:44:5
    at async Promise.all (index 0)
    at async JsonRpcProvider.<anonymous> (/mnt/c/code/polybotv3/index.ts:43:4)
[2024-01-18T00:41:21.303] [ERROR] default - PROVIDER ERROR: Error: Invalid argument
    at pu (/mnt/c/code/polybotv3/scripts/modules/convertBN.ts:20:15)
    at AmountConverter.tradeToPrice (/mnt/c/code/polybotv3/scripts/v2/modules/amountConverter.ts:43:25)
    at processTicksAndRejections (node:internal/process/task_queues:95:5)
    at async Trade.getSize (/mnt/c/code/polybotv3/scripts/v2/getTrade.ts:69:19)
    at async Trade.getTrade (/mnt/c/code/polybotv3/scripts/v2/getTrade.ts:85:65)
    at async control (/mnt/c/code/polybotv3/scripts/v2/control.ts:47:19)
    at async /mnt/c/code/polybotv3/index.ts:44:5
    at async Promise.all (index 0)
    at async JsonRpcProvider.<anonymous> (/mnt/c/code/polybotv3/index.ts:43:4)
[2024-01-18T00:41:24.595] [INFO] default - New block received: Block # 51500920
[2024-01-18T00:41:24.599] [INFO] default - New block received: Block # 51500921
[2024-01-18T00:41:27.779] [ERROR] default - PROVIDER ERROR: Error: Invalid argument
    at pu (/mnt/c/code/polybotv3/scripts/modules/convertBN.ts:20:15)
    at AmountConverter.tradeToPrice (/mnt/c/code/polybotv3/scripts/v2/modules/amountConverter.ts:43:25)
    at processTicksAndRejections (node:internal/process/task_queues:95:5)
    at async Trade.getSize (/mnt/c/code/polybotv3/scripts/v2/getTrade.ts:69:19)
    at async Trade.getTrade (/mnt/c/code/polybotv3/scripts/v2/getTrade.ts:85:65)
    at async control (/mnt/c/code/polybotv3/scripts/v2/control.ts:47:19)
    at async /mnt/c/code/polybotv3/index.ts:44:5
    at async Promise.all (index 0)
    at async JsonRpcProvider.<anonymous> (/mnt/c/code/polybotv3/index.ts:43:4)
[2024-01-18T00:41:27.781] [ERROR] default - PROVIDER ERROR: Error: Invalid argument
    at pu (/mnt/c/code/polybotv3/scripts/modules/convertBN.ts:20:15)
    at AmountConverter.tradeToPrice (/mnt/c/code/polybotv3/scripts/v2/modules/amountConverter.ts:43:25)
    at processTicksAndRejections (node:internal/process/task_queues:95:5)
    at async Trade.getSize (/mnt/c/code/polybotv3/scripts/v2/getTrade.ts:69:19)
    at async Trade.getTrade (/mnt/c/code/polybotv3/scripts/v2/getTrade.ts:85:65)
    at async control (/mnt/c/code/polybotv3/scripts/v2/control.ts:47:19)
    at async /mnt/c/code/polybotv3/index.ts:44:5
    at async Promise.all (index 0)
    at async JsonRpcProvider.<anonymous> (/mnt/c/code/polybotv3/index.ts:43:4)
[2024-01-18T00:41:31.084] [INFO] default - New block received: Block # 51500922
[2024-01-18T00:41:31.089] [INFO] default - New block received: Block # 51500923
[2024-01-18T00:54:27.500] [ERROR] default - TELEGRAM ERROR: Telegram bot token not found in environment variables
[2024-01-18T00:54:37.590] [INFO] default - New block received: Block # 51501303
[2024-01-18T00:54:38.319] [INFO] default - New block received: Block # 51501304
[2024-01-18T00:54:46.224] [INFO] default - New block received: Block # 51501305
[2024-01-18T00:54:46.291] [ERROR] default - PROVIDER ERROR: Error: Invalid argument
    at pu (/mnt/c/code/polybotv3/scripts/modules/convertBN.ts:20:15)
    at AmountConverter.tradeToPrice (/mnt/c/code/polybotv3/scripts/v2/modules/amountConverter.ts:42:25)
    at processTicksAndRejections (node:internal/process/task_queues:95:5)
    at async Trade.getSize (/mnt/c/code/polybotv3/scripts/v2/getTrade.ts:69:19)
    at async Trade.getTrade (/mnt/c/code/polybotv3/scripts/v2/getTrade.ts:85:65)
    at async control (/mnt/c/code/polybotv3/scripts/v2/control.ts:47:19)
    at async /mnt/c/code/polybotv3/index.ts:44:5
    at async Promise.all (index 0)
    at async JsonRpcProvider.<anonymous> (/mnt/c/code/polybotv3/index.ts:43:4)
[2024-01-18T00:54:49.221] [ERROR] default - PROVIDER ERROR: Error: Invalid argument
    at pu (/mnt/c/code/polybotv3/scripts/modules/convertBN.ts:20:15)
    at AmountConverter.tradeToPrice (/mnt/c/code/polybotv3/scripts/v2/modules/amountConverter.ts:42:25)
    at processTicksAndRejections (node:internal/process/task_queues:95:5)
    at async Trade.getSize (/mnt/c/code/polybotv3/scripts/v2/getTrade.ts:69:19)
    at async Trade.getTrade (/mnt/c/code/polybotv3/scripts/v2/getTrade.ts:85:65)
    at async control (/mnt/c/code/polybotv3/scripts/v2/control.ts:47:19)
    at async /mnt/c/code/polybotv3/index.ts:44:5
    at async Promise.all (index 0)
    at async JsonRpcProvider.<anonymous> (/mnt/c/code/polybotv3/index.ts:43:4)
[2024-01-18T00:54:52.837] [INFO] default - New block received: Block # 51501306
[2024-01-18T00:54:52.844] [INFO] default - New block received: Block # 51501307
[2024-01-18T00:54:52.852] [INFO] default - New block received: Block # 51501308
[2024-01-18T00:54:54.881] [ERROR] default - PROVIDER ERROR: Error: Invalid argument
    at pu (/mnt/c/code/polybotv3/scripts/modules/convertBN.ts:20:15)
    at AmountConverter.tradeToPrice (/mnt/c/code/polybotv3/scripts/v2/modules/amountConverter.ts:42:25)
    at processTicksAndRejections (node:internal/process/task_queues:95:5)
    at async Trade.getSize (/mnt/c/code/polybotv3/scripts/v2/getTrade.ts:69:19)
    at async Trade.getTrade (/mnt/c/code/polybotv3/scripts/v2/getTrade.ts:85:65)
    at async control (/mnt/c/code/polybotv3/scripts/v2/control.ts:47:19)
    at async /mnt/c/code/polybotv3/index.ts:44:5
    at async Promise.all (index 0)
    at async JsonRpcProvider.<anonymous> (/mnt/c/code/polybotv3/index.ts:43:4)
[2024-01-18T00:54:54.885] [ERROR] default - Error (getReserves(0x9cE65ae286e74f1268D19aB9b25f102C25DbDCb4)): Error: read ECONNRESET
[2024-01-18T00:54:54.886] [ERROR] default - Error: read ECONNRESET
    at TCP.onStreamRead (node:internal/stream_base_commons:217:20) {
  errno: -104,
  code: 'ECONNRESET',
  syscall: 'read'
}
[2024-01-18T00:54:54.898] [ERROR] default - Error (getReserves(0x9cE65ae286e74f1268D19aB9b25f102C25DbDCb4)): Error: read ECONNRESET
[2024-01-18T00:54:54.899] [ERROR] default - Error: read ECONNRESET
    at TCP.onStreamRead (node:internal/stream_base_commons:217:20) {
  errno: -104,
  code: 'ECONNRESET',
  syscall: 'read'
}
[2024-01-18T00:54:54.900] [ERROR] default - Error (getReserves(0x101640e107C4a72DeC79826768C239F1eB48cc85)): Error: read ECONNRESET
[2024-01-18T00:54:54.900] [ERROR] default - Error: read ECONNRESET
    at TCP.onStreamRead (node:internal/stream_base_commons:217:20) {
  errno: -104,
  code: 'ECONNRESET',
  syscall: 'read'
}
[2024-01-18T00:54:54.901] [ERROR] default - Error (getReserves(0x101640e107C4a72DeC79826768C239F1eB48cc85)): Error: read ECONNRESET
[2024-01-18T00:54:54.902] [ERROR] default - Error: read ECONNRESET
    at TCP.onStreamRead (node:internal/stream_base_commons:217:20) {
  errno: -104,
  code: 'ECONNRESET',
  syscall: 'read'
}
[2024-01-18T00:54:54.902] [ERROR] default - Error (getReserves(0xC8174d091c288FF78De98303c2973140Cbcf3B23)): Error: read ECONNRESET
[2024-01-18T00:54:54.902] [ERROR] default - Error: read ECONNRESET
    at TCP.onStreamRead (node:internal/stream_base_commons:217:20) {
  errno: -104,
  code: 'ECONNRESET',
  syscall: 'read'
}
[2024-01-18T00:54:54.905] [ERROR] default - Error (getReserves(0xC8174d091c288FF78De98303c2973140Cbcf3B23)): Error: read ECONNRESET
[2024-01-18T00:54:54.908] [ERROR] default - Error: read ECONNRESET
    at TCP.onStreamRead (node:internal/stream_base_commons:217:20) {
  errno: -104,
  code: 'ECONNRESET',
  syscall: 'read'
}
[2024-01-18T00:54:54.913] [ERROR] default - Error (getReserves(0x101640e107C4a72DeC79826768C239F1eB48cc85)): Error: read ECONNRESET
[2024-01-18T00:54:54.914] [ERROR] default - Error: read ECONNRESET
    at TCP.onStreamRead (node:internal/stream_base_commons:217:20) {
  errno: -104,
  code: 'ECONNRESET',
  syscall: 'read'
}
[2024-01-18T00:54:54.914] [ERROR] default - Error (getReserves(0x101640e107C4a72DeC79826768C239F1eB48cc85)): Error: read ECONNRESET
[2024-01-18T00:54:54.915] [ERROR] default - Error: read ECONNRESET
    at TCP.onStreamRead (node:internal/stream_base_commons:217:20) {
  errno: -104,
  code: 'ECONNRESET',
  syscall: 'read'
}
[2024-01-18T00:54:54.915] [ERROR] default - Error (getReserves(0xC8174d091c288FF78De98303c2973140Cbcf3B23)): Error: read ECONNRESET
[2024-01-18T00:54:54.915] [ERROR] default - Error: read ECONNRESET
    at TCP.onStreamRead (node:internal/stream_base_commons:217:20) {
  errno: -104,
  code: 'ECONNRESET',
  syscall: 'read'
}
[2024-01-18T00:54:54.916] [ERROR] default - Error (getReserves(0xC8174d091c288FF78De98303c2973140Cbcf3B23)): Error: read ECONNRESET
[2024-01-18T00:54:54.916] [ERROR] default - Error: read ECONNRESET
    at TCP.onStreamRead (node:internal/stream_base_commons:217:20) {
  errno: -104,
  code: 'ECONNRESET',
  syscall: 'read'
}
[2024-01-18T00:54:54.917] [ERROR] default - Error (getReserves(0xb965c131f1C48d89B1760860b782D2aCDF87273b)): Error: read ECONNRESET
[2024-01-18T00:54:54.917] [ERROR] default - Error: read ECONNRESET
    at TCP.onStreamRead (node:internal/stream_base_commons:217:20) {
  errno: -104,
  code: 'ECONNRESET',
  syscall: 'read'
}
[2024-01-18T00:54:54.917] [ERROR] default - Error (getReserves(0xb965c131f1C48d89B1760860b782D2aCDF87273b)): Error: read ECONNRESET
[2024-01-18T00:54:54.918] [ERROR] default - Error: read ECONNRESET
    at TCP.onStreamRead (node:internal/stream_base_commons:217:20) {
  errno: -104,
  code: 'ECONNRESET',
  syscall: 'read'
}
[2024-01-18T00:54:54.918] [ERROR] default - Error (getReserves(0xA2937659873ef52Da71a399e4079EBb2a7e5fFF6)): Error: read ECONNRESET
[2024-01-18T00:54:54.918] [ERROR] default - Error: read ECONNRESET
    at TCP.onStreamRead (node:internal/stream_base_commons:217:20) {
  errno: -104,
  code: 'ECONNRESET',
  syscall: 'read'
}
[2024-01-18T00:54:54.919] [ERROR] default - Error (getReserves(0xA2937659873ef52Da71a399e4079EBb2a7e5fFF6)): Error: read ECONNRESET
[2024-01-18T00:54:54.919] [ERROR] default - Error: read ECONNRESET
    at TCP.onStreamRead (node:internal/stream_base_commons:217:20) {
  errno: -104,
  code: 'ECONNRESET',
  syscall: 'read'
}
[2024-01-18T00:54:54.919] [ERROR] default - Error (getReserves(0xb965c131f1C48d89B1760860b782D2aCDF87273b)): Error: read ECONNRESET
[2024-01-18T00:54:54.919] [ERROR] default - Error: read ECONNRESET
    at TCP.onStreamRead (node:internal/stream_base_commons:217:20) {
  errno: -104,
  code: 'ECONNRESET',
  syscall: 'read'
}
[2024-01-18T00:54:54.920] [ERROR] default - Error (getReserves(0xb965c131f1C48d89B1760860b782D2aCDF87273b)): Error: read ECONNRESET
[2024-01-18T00:54:54.920] [ERROR] default - Error: read ECONNRESET
    at TCP.onStreamRead (node:internal/stream_base_commons:217:20) {
  errno: -104,
  code: 'ECONNRESET',
  syscall: 'read'
}
[2024-01-18T00:54:54.920] [ERROR] default - Error (getReserves(0x101640e107C4a72DeC79826768C239F1eB48cc85)): Error: read ECONNRESET
[2024-01-18T00:54:54.932] [ERROR] default - Error: read ECONNRESET
    at TCP.onStreamRead (node:internal/stream_base_commons:217:20) {
  errno: -104,
  code: 'ECONNRESET',
  syscall: 'read'
}
[2024-01-18T00:54:54.932] [ERROR] default - Error (getReserves(0x101640e107C4a72DeC79826768C239F1eB48cc85)): Error: read ECONNRESET
[2024-01-18T00:54:54.933] [ERROR] default - Error: read ECONNRESET
    at TCP.onStreamRead (node:internal/stream_base_commons:217:20) {
  errno: -104,
  code: 'ECONNRESET',
  syscall: 'read'
}
[2024-01-18T00:54:54.933] [ERROR] default - Error (getReserves(0xA2937659873ef52Da71a399e4079EBb2a7e5fFF6)): Error: read ECONNRESET
[2024-01-18T00:54:54.934] [ERROR] default - Error: read ECONNRESET
    at TCP.onStreamRead (node:internal/stream_base_commons:217:20) {
  errno: -104,
  code: 'ECONNRESET',
  syscall: 'read'
}
[2024-01-18T00:54:54.934] [ERROR] default - Error (getReserves(0xA2937659873ef52Da71a399e4079EBb2a7e5fFF6)): Error: read ECONNRESET
[2024-01-18T00:54:54.934] [ERROR] default - Error: read ECONNRESET
    at TCP.onStreamRead (node:internal/stream_base_commons:217:20) {
  errno: -104,
  code: 'ECONNRESET',
  syscall: 'read'
}
[2024-01-18T00:54:54.935] [ERROR] default - Error (getReserves(0x101640e107C4a72DeC79826768C239F1eB48cc85)): Error: read ECONNRESET
[2024-01-18T00:54:54.935] [ERROR] default - Error: read ECONNRESET
    at TCP.onStreamRead (node:internal/stream_base_commons:217:20) {
  errno: -104,
  code: 'ECONNRESET',
  syscall: 'read'
}
[2024-01-18T00:54:54.936] [ERROR] default - Error (getReserves(0x101640e107C4a72DeC79826768C239F1eB48cc85)): Error: read ECONNRESET
[2024-01-18T00:54:54.936] [ERROR] default - Error: read ECONNRESET
    at TCP.onStreamRead (node:internal/stream_base_commons:217:20) {
  errno: -104,
  code: 'ECONNRESET',
  syscall: 'read'
}
[2024-01-18T00:54:54.936] [ERROR] default - Error (getReserves(0xb965c131f1C48d89B1760860b782D2aCDF87273b)): Error: read ECONNRESET
[2024-01-18T00:54:54.937] [ERROR] default - Error: read ECONNRESET
    at TCP.onStreamRead (node:internal/stream_base_commons:217:20) {
  errno: -104,
  code: 'ECONNRESET',
  syscall: 'read'
}
[2024-01-18T00:54:54.937] [ERROR] default - Error (getReserves(0xb965c131f1C48d89B1760860b782D2aCDF87273b)): Error: read ECONNRESET
[2024-01-18T00:54:54.937] [ERROR] default - Error: read ECONNRESET
    at TCP.onStreamRead (node:internal/stream_base_commons:217:20) {
  errno: -104,
  code: 'ECONNRESET',
  syscall: 'read'
}
[2024-01-18T00:54:54.938] [ERROR] default - Error (getReserves(0x853Ee4b2A13f8a742d64C8F088bE7bA2131f670d)): Error: read ECONNRESET
[2024-01-18T00:54:54.939] [ERROR] default - Error: read ECONNRESET
    at TCP.onStreamRead (node:internal/stream_base_commons:217:20) {
  errno: -104,
  code: 'ECONNRESET',
  syscall: 'read'
}
[2024-01-18T00:54:54.939] [ERROR] default - Error (getReserves(0x853Ee4b2A13f8a742d64C8F088bE7bA2131f670d)): Error: read ECONNRESET
[2024-01-18T00:54:54.939] [ERROR] default - Error: read ECONNRESET
    at TCP.onStreamRead (node:internal/stream_base_commons:217:20) {
  errno: -104,
  code: 'ECONNRESET',
  syscall: 'read'
}
[2024-01-18T00:55:02.247] [ERROR] default - Error (getReserves(0xaC5D1a011aFD5C33Dcb3fdC8B2Ae5F4091080635)): Error: read ECONNRESET
[2024-01-18T00:55:02.247] [ERROR] default - Error: read ECONNRESET
    at TCP.onStreamRead (node:internal/stream_base_commons:217:20) {
  errno: -104,
  code: 'ECONNRESET',
  syscall: 'read'
}
[2024-01-18T00:55:02.258] [ERROR] default - Error (getReserves(0xaC5D1a011aFD5C33Dcb3fdC8B2Ae5F4091080635)): Error: read ECONNRESET
[2024-01-18T00:55:02.258] [ERROR] default - Error: read ECONNRESET
    at TCP.onStreamRead (node:internal/stream_base_commons:217:20) {
  errno: -104,
  code: 'ECONNRESET',
  syscall: 'read'
}
[2024-01-18T00:55:02.259] [ERROR] default - Error (getReserves(0xB2B39B54a82aEDcab018Eb601e8FCD19bC6Ec8Ab)): Error: read ECONNRESET
[2024-01-18T00:55:02.259] [ERROR] default - Error: read ECONNRESET
    at TCP.onStreamRead (node:internal/stream_base_commons:217:20) {
  errno: -104,
  code: 'ECONNRESET',
  syscall: 'read'
}
[2024-01-18T00:55:02.260] [ERROR] default - Error (getReserves(0xB2B39B54a82aEDcab018Eb601e8FCD19bC6Ec8Ab)): Error: read ECONNRESET
[2024-01-18T00:55:02.260] [ERROR] default - Error: read ECONNRESET
    at TCP.onStreamRead (node:internal/stream_base_commons:217:20) {
  errno: -104,
  code: 'ECONNRESET',
  syscall: 'read'
}
[2024-01-18T00:55:02.261] [ERROR] default - Error (getReserves(0xf04adBF75cDFc5eD26eeA4bbbb991DB002036Bdd)): Error: read ECONNRESET
[2024-01-18T00:55:02.261] [ERROR] default - Error: read ECONNRESET
    at TCP.onStreamRead (node:internal/stream_base_commons:217:20) {
  errno: -104,
  code: 'ECONNRESET',
  syscall: 'read'
}
[2024-01-18T00:55:02.261] [ERROR] default - Error (getReserves(0xf04adBF75cDFc5eD26eeA4bbbb991DB002036Bdd)): Error: read ECONNRESET
[2024-01-18T00:55:02.262] [ERROR] default - Error: read ECONNRESET
    at TCP.onStreamRead (node:internal/stream_base_commons:217:20) {
  errno: -104,
  code: 'ECONNRESET',
  syscall: 'read'
}
[2024-01-18T00:55:02.262] [ERROR] default - Error (getReserves(0xa789324E64268C5385eA7678435Fa83532705B0F)): Error: read ECONNRESET
[2024-01-18T00:55:02.262] [ERROR] default - Error: read ECONNRESET
    at TCP.onStreamRead (node:internal/stream_base_commons:217:20) {
  errno: -104,
  code: 'ECONNRESET',
  syscall: 'read'
}
[2024-01-18T00:55:02.263] [ERROR] default - Error (getReserves(0xa789324E64268C5385eA7678435Fa83532705B0F)): Error: read ECONNRESET
[2024-01-18T00:55:02.263] [ERROR] default - Error: read ECONNRESET
    at TCP.onStreamRead (node:internal/stream_base_commons:217:20) {
  errno: -104,
  code: 'ECONNRESET',
  syscall: 'read'
}
[2024-01-18T00:55:02.274] [ERROR] default - Error (getReserves(0xCD578F016888B57F1b1e3f887f392F0159E26747)): Error: read ECONNRESET
[2024-01-18T00:55:02.274] [ERROR] default - Error: read ECONNRESET
    at TCP.onStreamRead (node:internal/stream_base_commons:217:20) {
  errno: -104,
  code: 'ECONNRESET',
  syscall: 'read'
}
[2024-01-18T00:55:02.275] [ERROR] default - Error (getReserves(0xCD578F016888B57F1b1e3f887f392F0159E26747)): Error: read ECONNRESET
[2024-01-18T00:55:02.275] [ERROR] default - Error: read ECONNRESET
    at TCP.onStreamRead (node:internal/stream_base_commons:217:20) {
  errno: -104,
  code: 'ECONNRESET',
  syscall: 'read'
}
[2024-01-18T00:55:02.276] [ERROR] default - Error (getReserves(0x6e7a5FAFcec6BB1e78bAE2A1F0B612012BF14827)): Error: read ECONNRESET
[2024-01-18T00:55:02.276] [ERROR] default - Error: read ECONNRESET
    at TCP.onStreamRead (node:internal/stream_base_commons:217:20) {
  errno: -104,
  code: 'ECONNRESET',
  syscall: 'read'
}
[2024-01-18T00:55:02.277] [ERROR] default - Error (getReserves(0x6e7a5FAFcec6BB1e78bAE2A1F0B612012BF14827)): Error: read ECONNRESET
[2024-01-18T00:55:02.277] [ERROR] default - Error: read ECONNRESET
    at TCP.onStreamRead (node:internal/stream_base_commons:217:20) {
  errno: -104,
  code: 'ECONNRESET',
  syscall: 'read'
}
[2024-01-18T00:55:02.278] [ERROR] default - Error (getReserves(0x6e7a5FAFcec6BB1e78bAE2A1F0B612012BF14827)): Error: read ECONNRESET
[2024-01-18T00:55:02.279] [ERROR] default - Error: read ECONNRESET
    at TCP.onStreamRead (node:internal/stream_base_commons:217:20) {
  errno: -104,
  code: 'ECONNRESET',
  syscall: 'read'
}
[2024-01-18T00:55:02.279] [ERROR] default - Error (getReserves(0x6e7a5FAFcec6BB1e78bAE2A1F0B612012BF14827)): Error: read ECONNRESET
[2024-01-18T00:55:02.290] [ERROR] default - Error: read ECONNRESET
    at TCP.onStreamRead (node:internal/stream_base_commons:217:20) {
  errno: -104,
  code: 'ECONNRESET',
  syscall: 'read'
}
[2024-01-18T00:55:02.290] [ERROR] default - Error (getReserves(0xA2937659873ef52Da71a399e4079EBb2a7e5fFF6)): Error: read ECONNRESET
[2024-01-18T00:55:02.291] [ERROR] default - Error: read ECONNRESET
    at TCP.onStreamRead (node:internal/stream_base_commons:217:20) {
  errno: -104,
  code: 'ECONNRESET',
  syscall: 'read'
}
[2024-01-18T00:55:02.291] [ERROR] default - Error (getReserves(0xA2937659873ef52Da71a399e4079EBb2a7e5fFF6)): Error: read ECONNRESET
[2024-01-18T00:55:02.291] [ERROR] default - Error: read ECONNRESET
    at TCP.onStreamRead (node:internal/stream_base_commons:217:20) {
  errno: -104,
  code: 'ECONNRESET',
  syscall: 'read'
}
[2024-01-18T00:55:02.292] [ERROR] default - Error (getReserves(0x55FF76BFFC3Cdd9D5FdbBC2ece4528ECcE45047e)): Error: read ECONNRESET
[2024-01-18T00:55:02.292] [ERROR] default - Error: read ECONNRESET
    at TCP.onStreamRead (node:internal/stream_base_commons:217:20) {
  errno: -104,
  code: 'ECONNRESET',
  syscall: 'read'
}
[2024-01-18T00:55:02.292] [ERROR] default - Error (getReserves(0x55FF76BFFC3Cdd9D5FdbBC2ece4528ECcE45047e)): Error: read ECONNRESET
[2024-01-18T00:55:02.292] [ERROR] default - Error: read ECONNRESET
    at TCP.onStreamRead (node:internal/stream_base_commons:217:20) {
  errno: -104,
  code: 'ECONNRESET',
  syscall: 'read'
}
[2024-01-18T00:55:02.293] [ERROR] default - Error (getReserves(0xcd353F79d9FADe311fC3119B841e1f456b54e858)): Error: read ECONNRESET
[2024-01-18T00:55:02.293] [ERROR] default - Error: read ECONNRESET
    at TCP.onStreamRead (node:internal/stream_base_commons:217:20) {
  errno: -104,
  code: 'ECONNRESET',
  syscall: 'read'
}
[2024-01-18T00:55:02.293] [ERROR] default - Error (getReserves(0xcd353F79d9FADe311fC3119B841e1f456b54e858)): Error: read ECONNRESET
[2024-01-18T00:55:02.293] [ERROR] default - Error: read ECONNRESET
    at TCP.onStreamRead (node:internal/stream_base_commons:217:20) {
  errno: -104,
  code: 'ECONNRESET',
  syscall: 'read'
}
[2024-01-18T00:55:02.294] [ERROR] default - Error (getReserves(0x604229c960e5CACF2aaEAc8Be68Ac07BA9dF81c3)): Error: read ECONNRESET
[2024-01-18T00:55:02.294] [ERROR] default - Error: read ECONNRESET
    at TCP.onStreamRead (node:internal/stream_base_commons:217:20) {
  errno: -104,
  code: 'ECONNRESET',
  syscall: 'read'
}
[2024-01-18T00:55:02.294] [ERROR] default - Error (getReserves(0x604229c960e5CACF2aaEAc8Be68Ac07BA9dF81c3)): Error: read ECONNRESET
[2024-01-18T00:55:02.294] [ERROR] default - Error: read ECONNRESET
    at TCP.onStreamRead (node:internal/stream_base_commons:217:20) {
  errno: -104,
  code: 'ECONNRESET',
  syscall: 'read'
}
[2024-01-18T00:55:02.294] [ERROR] default - Error (getReserves(0xcd353F79d9FADe311fC3119B841e1f456b54e858)): Error: read ECONNRESET
[2024-01-18T00:55:02.295] [ERROR] default - Error: read ECONNRESET
    at TCP.onStreamRead (node:internal/stream_base_commons:217:20) {
  errno: -104,
  code: 'ECONNRESET',
  syscall: 'read'
}
[2024-01-18T00:55:02.295] [ERROR] default - Error (getReserves(0xcd353F79d9FADe311fC3119B841e1f456b54e858)): Error: read ECONNRESET
[2024-01-18T00:55:02.295] [ERROR] default - Error: read ECONNRESET
    at TCP.onStreamRead (node:internal/stream_base_commons:217:20) {
  errno: -104,
  code: 'ECONNRESET',
  syscall: 'read'
}
[2024-01-18T00:55:02.295] [ERROR] default - Error (getReserves(0x34965ba0ac2451A34a0471F04CCa3F990b8dea27)): Error: read ECONNRESET
[2024-01-18T00:55:02.295] [ERROR] default - Error: read ECONNRESET
    at TCP.onStreamRead (node:internal/stream_base_commons:217:20) {
  errno: -104,
  code: 'ECONNRESET',
  syscall: 'read'
}
[2024-01-18T00:55:02.306] [ERROR] default - Error (getReserves(0x34965ba0ac2451A34a0471F04CCa3F990b8dea27)): Error: read ECONNRESET
[2024-01-18T00:55:02.307] [ERROR] default - Error: read ECONNRESET
    at TCP.onStreamRead (node:internal/stream_base_commons:217:20) {
  errno: -104,
  code: 'ECONNRESET',
  syscall: 'read'
}
[2024-01-18T00:55:02.435] [INFO] default - New block received: Block # 51501309
[2024-01-18T00:55:02.447] [INFO] default - New block received: Block # 51501310
[2024-01-18T00:55:07.211] [ERROR] default - PROVIDER ERROR: Error: Invalid argument
    at pu (/mnt/c/code/polybotv3/scripts/modules/convertBN.ts:20:15)
    at AmountConverter.tradeToPrice (/mnt/c/code/polybotv3/scripts/v2/modules/amountConverter.ts:42:25)
    at processTicksAndRejections (node:internal/process/task_queues:95:5)
    at async Trade.getSize (/mnt/c/code/polybotv3/scripts/v2/getTrade.ts:69:19)
    at async Trade.getTrade (/mnt/c/code/polybotv3/scripts/v2/getTrade.ts:85:65)
    at async control (/mnt/c/code/polybotv3/scripts/v2/control.ts:47:19)
    at async /mnt/c/code/polybotv3/index.ts:44:5
    at async Promise.all (index 0)
    at async JsonRpcProvider.<anonymous> (/mnt/c/code/polybotv3/index.ts:43:4)
[2024-01-18T01:01:47.692] [ERROR] default - TELEGRAM ERROR: Telegram bot token not found in environment variables
[2024-01-18T01:01:51.869] [INFO] default - New block received: Block # 51501504
[2024-01-18T01:01:51.996] [INFO] default - New block received: Block # 51501505
[2024-01-18T01:01:56.416] [INFO] default - New block received: Block # 51501506
[2024-01-18T01:02:00.060] [ERROR] default - PROVIDER ERROR: Error: Invalid argument
    at pu (/mnt/c/code/polybotv3/scripts/modules/convertBN.ts:20:15)
    at AmountConverter.tradeToPrice (/mnt/c/code/polybotv3/scripts/v2/modules/amountConverter.ts:42:25)
    at processTicksAndRejections (node:internal/process/task_queues:95:5)
    at async Trade.getSize (/mnt/c/code/polybotv3/scripts/v2/getTrade.ts:69:19)
    at async Trade.getTrade (/mnt/c/code/polybotv3/scripts/v2/getTrade.ts:85:65)
    at async control (/mnt/c/code/polybotv3/scripts/v2/control.ts:47:19)
    at async /mnt/c/code/polybotv3/index.ts:44:5
    at async Promise.all (index 0)
    at async JsonRpcProvider.<anonymous> (/mnt/c/code/polybotv3/index.ts:43:4)
[2024-01-18T01:02:00.062] [ERROR] default - PROVIDER ERROR: Error: Invalid argument
    at pu (/mnt/c/code/polybotv3/scripts/modules/convertBN.ts:20:15)
    at AmountConverter.tradeToPrice (/mnt/c/code/polybotv3/scripts/v2/modules/amountConverter.ts:42:25)
    at processTicksAndRejections (node:internal/process/task_queues:95:5)
    at async Trade.getSize (/mnt/c/code/polybotv3/scripts/v2/getTrade.ts:69:19)
    at async Trade.getTrade (/mnt/c/code/polybotv3/scripts/v2/getTrade.ts:85:65)
    at async control (/mnt/c/code/polybotv3/scripts/v2/control.ts:47:19)
    at async /mnt/c/code/polybotv3/index.ts:44:5
    at async Promise.all (index 0)
    at async JsonRpcProvider.<anonymous> (/mnt/c/code/polybotv3/index.ts:43:4)
[2024-01-18T01:02:02.289] [INFO] default - New block received: Block # 51501507
[2024-01-18T01:02:02.299] [INFO] default - New block received: Block # 51501508
[2024-01-18T01:02:04.041] [ERROR] default - PROVIDER ERROR: Error: Invalid argument
    at pu (/mnt/c/code/polybotv3/scripts/modules/convertBN.ts:20:15)
    at AmountConverter.tradeToPrice (/mnt/c/code/polybotv3/scripts/v2/modules/amountConverter.ts:42:25)
    at processTicksAndRejections (node:internal/process/task_queues:95:5)
    at async Trade.getSize (/mnt/c/code/polybotv3/scripts/v2/getTrade.ts:69:19)
    at async Trade.getTrade (/mnt/c/code/polybotv3/scripts/v2/getTrade.ts:85:65)
    at async control (/mnt/c/code/polybotv3/scripts/v2/control.ts:47:19)
    at async /mnt/c/code/polybotv3/index.ts:44:5
    at async Promise.all (index 0)
    at async JsonRpcProvider.<anonymous> (/mnt/c/code/polybotv3/index.ts:43:4)
[2024-01-18T01:02:07.468] [INFO] default - New block received: Block # 51501509
[2024-01-18T01:02:10.865] [ERROR] default - PROVIDER ERROR: Error: Invalid argument
    at pu (/mnt/c/code/polybotv3/scripts/modules/convertBN.ts:20:15)
    at AmountConverter.tradeToPrice (/mnt/c/code/polybotv3/scripts/v2/modules/amountConverter.ts:42:25)
    at processTicksAndRejections (node:internal/process/task_queues:95:5)
    at async Trade.getSize (/mnt/c/code/polybotv3/scripts/v2/getTrade.ts:69:19)
    at async Trade.getTrade (/mnt/c/code/polybotv3/scripts/v2/getTrade.ts:85:65)
    at async control (/mnt/c/code/polybotv3/scripts/v2/control.ts:47:19)
    at async /mnt/c/code/polybotv3/index.ts:44:5
    at async Promise.all (index 0)
    at async JsonRpcProvider.<anonymous> (/mnt/c/code/polybotv3/index.ts:43:4)
[2024-01-18T01:02:10.869] [ERROR] default - PROVIDER ERROR: Error: Invalid argument
    at pu (/mnt/c/code/polybotv3/scripts/modules/convertBN.ts:20:15)
    at AmountConverter.tradeToPrice (/mnt/c/code/polybotv3/scripts/v2/modules/amountConverter.ts:42:25)
    at processTicksAndRejections (node:internal/process/task_queues:95:5)
    at async Trade.getSize (/mnt/c/code/polybotv3/scripts/v2/getTrade.ts:69:19)
    at async Trade.getTrade (/mnt/c/code/polybotv3/scripts/v2/getTrade.ts:85:65)
    at async control (/mnt/c/code/polybotv3/scripts/v2/control.ts:47:19)
    at async /mnt/c/code/polybotv3/index.ts:44:5
    at async Promise.all (index 0)
    at async JsonRpcProvider.<anonymous> (/mnt/c/code/polybotv3/index.ts:43:4)
[2024-01-18T01:02:12.611] [INFO] default - New block received: Block # 51501510
[2024-01-18T01:02:14.308] [ERROR] default - PROVIDER ERROR: Error: Invalid argument
    at pu (/mnt/c/code/polybotv3/scripts/modules/convertBN.ts:20:15)
    at AmountConverter.tradeToPrice (/mnt/c/code/polybotv3/scripts/v2/modules/amountConverter.ts:42:25)
    at processTicksAndRejections (node:internal/process/task_queues:95:5)
    at async Trade.getSize (/mnt/c/code/polybotv3/scripts/v2/getTrade.ts:69:19)
    at async Trade.getTrade (/mnt/c/code/polybotv3/scripts/v2/getTrade.ts:85:65)
    at async control (/mnt/c/code/polybotv3/scripts/v2/control.ts:47:19)
    at async /mnt/c/code/polybotv3/index.ts:44:5
    at async Promise.all (index 0)
    at async JsonRpcProvider.<anonymous> (/mnt/c/code/polybotv3/index.ts:43:4)
[2024-01-18T01:02:17.844] [ERROR] default - PROVIDER ERROR: Error: Invalid argument
    at pu (/mnt/c/code/polybotv3/scripts/modules/convertBN.ts:20:15)
    at AmountConverter.tradeToPrice (/mnt/c/code/polybotv3/scripts/v2/modules/amountConverter.ts:42:25)
    at processTicksAndRejections (node:internal/process/task_queues:95:5)
    at async Trade.getSize (/mnt/c/code/polybotv3/scripts/v2/getTrade.ts:69:19)
    at async Trade.getTrade (/mnt/c/code/polybotv3/scripts/v2/getTrade.ts:85:65)
    at async control (/mnt/c/code/polybotv3/scripts/v2/control.ts:47:19)
    at async /mnt/c/code/polybotv3/index.ts:44:5
    at async Promise.all (index 0)
    at async JsonRpcProvider.<anonymous> (/mnt/c/code/polybotv3/index.ts:43:4)
[2024-01-18T01:02:17.866] [INFO] default - New block received: Block # 51501511
[2024-01-18T01:02:17.874] [INFO] default - New block received: Block # 51501512
[2024-01-18T01:02:25.251] [ERROR] default - PROVIDER ERROR: Error: Invalid argument
    at pu (/mnt/c/code/polybotv3/scripts/modules/convertBN.ts:20:15)
    at AmountConverter.tradeToPrice (/mnt/c/code/polybotv3/scripts/v2/modules/amountConverter.ts:42:25)
    at processTicksAndRejections (node:internal/process/task_queues:95:5)
    at async Trade.getSize (/mnt/c/code/polybotv3/scripts/v2/getTrade.ts:69:19)
    at async Trade.getTrade (/mnt/c/code/polybotv3/scripts/v2/getTrade.ts:85:65)
    at async control (/mnt/c/code/polybotv3/scripts/v2/control.ts:47:19)
    at async /mnt/c/code/polybotv3/index.ts:44:5
    at async Promise.all (index 0)
    at async JsonRpcProvider.<anonymous> (/mnt/c/code/polybotv3/index.ts:43:4)
[2024-01-18T01:02:25.252] [ERROR] default - PROVIDER ERROR: Error: Invalid argument
    at pu (/mnt/c/code/polybotv3/scripts/modules/convertBN.ts:20:15)
    at AmountConverter.tradeToPrice (/mnt/c/code/polybotv3/scripts/v2/modules/amountConverter.ts:42:25)
    at processTicksAndRejections (node:internal/process/task_queues:95:5)
    at async Trade.getSize (/mnt/c/code/polybotv3/scripts/v2/getTrade.ts:69:19)
    at async Trade.getTrade (/mnt/c/code/polybotv3/scripts/v2/getTrade.ts:85:65)
    at async control (/mnt/c/code/polybotv3/scripts/v2/control.ts:47:19)
    at async /mnt/c/code/polybotv3/index.ts:44:5
    at async Promise.all (index 0)
    at async JsonRpcProvider.<anonymous> (/mnt/c/code/polybotv3/index.ts:43:4)
[2024-01-18T01:02:29.279] [INFO] default - New block received: Block # 51501513
[2024-01-18T01:02:29.290] [INFO] default - New block received: Block # 51501514
[2024-01-18T01:02:29.296] [INFO] default - New block received: Block # 51501515
[2024-01-18T01:02:29.300] [INFO] default - New block received: Block # 51501516
[2024-01-18T01:02:43.398] [ERROR] default - PROVIDER ERROR: Error: Invalid argument
    at pu (/mnt/c/code/polybotv3/scripts/modules/convertBN.ts:20:15)
    at AmountConverter.tradeToPrice (/mnt/c/code/polybotv3/scripts/v2/modules/amountConverter.ts:42:25)
    at processTicksAndRejections (node:internal/process/task_queues:95:5)
    at async Trade.getSize (/mnt/c/code/polybotv3/scripts/v2/getTrade.ts:69:19)
    at async Trade.getTrade (/mnt/c/code/polybotv3/scripts/v2/getTrade.ts:85:65)
    at async control (/mnt/c/code/polybotv3/scripts/v2/control.ts:47:19)
    at async /mnt/c/code/polybotv3/index.ts:44:5
    at async Promise.all (index 0)
    at async JsonRpcProvider.<anonymous> (/mnt/c/code/polybotv3/index.ts:43:4)
[2024-01-18T01:02:43.399] [ERROR] default - PROVIDER ERROR: Error: Invalid argument
    at pu (/mnt/c/code/polybotv3/scripts/modules/convertBN.ts:20:15)
    at AmountConverter.tradeToPrice (/mnt/c/code/polybotv3/scripts/v2/modules/amountConverter.ts:42:25)
    at processTicksAndRejections (node:internal/process/task_queues:95:5)
    at async Trade.getSize (/mnt/c/code/polybotv3/scripts/v2/getTrade.ts:69:19)
    at async Trade.getTrade (/mnt/c/code/polybotv3/scripts/v2/getTrade.ts:85:65)
    at async control (/mnt/c/code/polybotv3/scripts/v2/control.ts:47:19)
    at async /mnt/c/code/polybotv3/index.ts:44:5
    at async Promise.all (index 0)
    at async JsonRpcProvider.<anonymous> (/mnt/c/code/polybotv3/index.ts:43:4)
[2024-01-18T01:02:43.403] [ERROR] default - PROVIDER ERROR: Error: Invalid argument
    at pu (/mnt/c/code/polybotv3/scripts/modules/convertBN.ts:20:15)
    at AmountConverter.tradeToPrice (/mnt/c/code/polybotv3/scripts/v2/modules/amountConverter.ts:42:25)
    at processTicksAndRejections (node:internal/process/task_queues:95:5)
    at async Trade.getSize (/mnt/c/code/polybotv3/scripts/v2/getTrade.ts:69:19)
    at async Trade.getTrade (/mnt/c/code/polybotv3/scripts/v2/getTrade.ts:85:65)
    at async control (/mnt/c/code/polybotv3/scripts/v2/control.ts:47:19)
    at async /mnt/c/code/polybotv3/index.ts:44:5
    at async Promise.all (index 0)
    at async JsonRpcProvider.<anonymous> (/mnt/c/code/polybotv3/index.ts:43:4)
[2024-01-18T01:02:43.417] [INFO] default - New block received: Block # 51501517
[2024-01-18T01:02:43.421] [INFO] default - New block received: Block # 51501518
[2024-01-18T01:02:47.344] [ERROR] default - PROVIDER ERROR: Error: Invalid argument
    at pu (/mnt/c/code/polybotv3/scripts/modules/convertBN.ts:20:15)
    at AmountConverter.tradeToPrice (/mnt/c/code/polybotv3/scripts/v2/modules/amountConverter.ts:42:25)
    at processTicksAndRejections (node:internal/process/task_queues:95:5)
    at async Trade.getSize (/mnt/c/code/polybotv3/scripts/v2/getTrade.ts:69:19)
    at async Trade.getTrade (/mnt/c/code/polybotv3/scripts/v2/getTrade.ts:85:65)
    at async control (/mnt/c/code/polybotv3/scripts/v2/control.ts:47:19)
    at async /mnt/c/code/polybotv3/index.ts:44:5
    at async Promise.all (index 0)
    at async JsonRpcProvider.<anonymous> (/mnt/c/code/polybotv3/index.ts:43:4)
[2024-01-18T01:02:52.046] [INFO] default - New block received: Block # 51501519
[2024-01-18T01:02:52.050] [INFO] default - New block received: Block # 51501520
[2024-01-18T01:02:52.055] [INFO] default - New block received: Block # 51501521
[2024-01-18T01:02:57.484] [ERROR] default - PROVIDER ERROR: Error: Invalid argument
    at pu (/mnt/c/code/polybotv3/scripts/modules/convertBN.ts:20:15)
    at AmountConverter.tradeToPrice (/mnt/c/code/polybotv3/scripts/v2/modules/amountConverter.ts:42:25)
    at processTicksAndRejections (node:internal/process/task_queues:95:5)
    at async Trade.getSize (/mnt/c/code/polybotv3/scripts/v2/getTrade.ts:69:19)
    at async Trade.getTrade (/mnt/c/code/polybotv3/scripts/v2/getTrade.ts:85:65)
    at async control (/mnt/c/code/polybotv3/scripts/v2/control.ts:47:19)
    at async /mnt/c/code/polybotv3/index.ts:44:5
    at async Promise.all (index 0)
    at async JsonRpcProvider.<anonymous> (/mnt/c/code/polybotv3/index.ts:43:4)
[2024-01-18T01:02:57.486] [ERROR] default - PROVIDER ERROR: Error: Invalid argument
    at pu (/mnt/c/code/polybotv3/scripts/modules/convertBN.ts:20:15)
    at AmountConverter.tradeToPrice (/mnt/c/code/polybotv3/scripts/v2/modules/amountConverter.ts:42:25)
    at processTicksAndRejections (node:internal/process/task_queues:95:5)
    at async Trade.getSize (/mnt/c/code/polybotv3/scripts/v2/getTrade.ts:69:19)
    at async Trade.getTrade (/mnt/c/code/polybotv3/scripts/v2/getTrade.ts:85:65)
    at async control (/mnt/c/code/polybotv3/scripts/v2/control.ts:47:19)
    at async /mnt/c/code/polybotv3/index.ts:44:5
    at async Promise.all (index 0)
    at async JsonRpcProvider.<anonymous> (/mnt/c/code/polybotv3/index.ts:43:4)
[2024-01-18T01:02:57.502] [ERROR] default - Error (getReserves(0x65D43B64E3B31965Cd5EA367D4c2b94c03084797)): Error: read ECONNRESET
[2024-01-18T01:02:57.503] [ERROR] default - Error: read ECONNRESET
    at TCP.onStreamRead (node:internal/stream_base_commons:217:20) {
  errno: -104,
  code: 'ECONNRESET',
  syscall: 'read'
}
[2024-01-18T01:02:57.515] [ERROR] default - Error (getReserves(0x65D43B64E3B31965Cd5EA367D4c2b94c03084797)): Error: read ECONNRESET
[2024-01-18T01:02:57.515] [ERROR] default - Error: read ECONNRESET
    at TCP.onStreamRead (node:internal/stream_base_commons:217:20) {
  errno: -104,
  code: 'ECONNRESET',
  syscall: 'read'
}
[2024-01-18T01:02:57.518] [ERROR] default - Error (getReserves(0xd32f3139A214034A0f9777c87eE0a064c1FF6AE2)): Error: read ECONNRESET
[2024-01-18T01:02:57.528] [ERROR] default - Error: read ECONNRESET
    at TCP.onStreamRead (node:internal/stream_base_commons:217:20) {
  errno: -104,
  code: 'ECONNRESET',
  syscall: 'read'
}
[2024-01-18T01:02:57.530] [ERROR] default - Error (getReserves(0xd32f3139A214034A0f9777c87eE0a064c1FF6AE2)): Error: read ECONNRESET
[2024-01-18T01:02:57.530] [ERROR] default - Error: read ECONNRESET
    at TCP.onStreamRead (node:internal/stream_base_commons:217:20) {
  errno: -104,
  code: 'ECONNRESET',
  syscall: 'read'
}
[2024-01-18T01:02:57.531] [ERROR] default - Error (getReserves(0xd32f3139A214034A0f9777c87eE0a064c1FF6AE2)): Error: read ECONNRESET
[2024-01-18T01:02:57.531] [ERROR] default - Error: read ECONNRESET
    at TCP.onStreamRead (node:internal/stream_base_commons:217:20) {
  errno: -104,
  code: 'ECONNRESET',
  syscall: 'read'
}
[2024-01-18T01:02:57.533] [ERROR] default - Error (getReserves(0xd32f3139A214034A0f9777c87eE0a064c1FF6AE2)): Error: read ECONNRESET
[2024-01-18T01:02:57.533] [ERROR] default - Error: read ECONNRESET
    at TCP.onStreamRead (node:internal/stream_base_commons:217:20) {
  errno: -104,
  code: 'ECONNRESET',
  syscall: 'read'
}
[2024-01-18T01:02:57.534] [ERROR] default - Error (getReserves(0xd32f3139A214034A0f9777c87eE0a064c1FF6AE2)): Error: read ECONNRESET
[2024-01-18T01:02:57.534] [ERROR] default - Error: read ECONNRESET
    at TCP.onStreamRead (node:internal/stream_base_commons:217:20) {
  errno: -104,
  code: 'ECONNRESET',
  syscall: 'read'
}
[2024-01-18T01:02:57.545] [ERROR] default - Error (getReserves(0xd32f3139A214034A0f9777c87eE0a064c1FF6AE2)): Error: read ECONNRESET
[2024-01-18T01:02:57.545] [ERROR] default - Error: read ECONNRESET
    at TCP.onStreamRead (node:internal/stream_base_commons:217:20) {
  errno: -104,
  code: 'ECONNRESET',
  syscall: 'read'
}
[2024-01-18T01:02:57.545] [ERROR] default - Error (getReserves(0x9cE65ae286e74f1268D19aB9b25f102C25DbDCb4)): Error: read ECONNRESET
[2024-01-18T01:02:57.546] [ERROR] default - Error: read ECONNRESET
    at TCP.onStreamRead (node:internal/stream_base_commons:217:20) {
  errno: -104,
  code: 'ECONNRESET',
  syscall: 'read'
}
[2024-01-18T01:02:57.546] [ERROR] default - Error (getReserves(0x9cE65ae286e74f1268D19aB9b25f102C25DbDCb4)): Error: read ECONNRESET
[2024-01-18T01:02:57.546] [ERROR] default - Error: read ECONNRESET
    at TCP.onStreamRead (node:internal/stream_base_commons:217:20) {
  errno: -104,
  code: 'ECONNRESET',
  syscall: 'read'
}
[2024-01-18T01:02:57.547] [ERROR] default - Error (getReserves(0xd32f3139A214034A0f9777c87eE0a064c1FF6AE2)): Error: read ECONNRESET
[2024-01-18T01:02:57.547] [ERROR] default - Error: read ECONNRESET
    at TCP.onStreamRead (node:internal/stream_base_commons:217:20) {
  errno: -104,
  code: 'ECONNRESET',
  syscall: 'read'
}
[2024-01-18T01:02:57.548] [ERROR] default - Error (getReserves(0xd32f3139A214034A0f9777c87eE0a064c1FF6AE2)): Error: read ECONNRESET
[2024-01-18T01:02:57.548] [ERROR] default - Error: read ECONNRESET
    at TCP.onStreamRead (node:internal/stream_base_commons:217:20) {
  errno: -104,
  code: 'ECONNRESET',
  syscall: 'read'
}
[2024-01-18T01:02:57.548] [ERROR] default - Error (getReserves(0xC8174d091c288FF78De98303c2973140Cbcf3B23)): Error: read ECONNRESET
[2024-01-18T01:02:57.549] [ERROR] default - Error: read ECONNRESET
    at TCP.onStreamRead (node:internal/stream_base_commons:217:20) {
  errno: -104,
  code: 'ECONNRESET',
  syscall: 'read'
}
[2024-01-18T01:02:57.549] [ERROR] default - Error (getReserves(0xC8174d091c288FF78De98303c2973140Cbcf3B23)): Error: read ECONNRESET
[2024-01-18T01:02:57.550] [ERROR] default - Error: read ECONNRESET
    at TCP.onStreamRead (node:internal/stream_base_commons:217:20) {
  errno: -104,
  code: 'ECONNRESET',
  syscall: 'read'
}
[2024-01-18T01:02:57.550] [ERROR] default - Error (getReserves(0x101640e107C4a72DeC79826768C239F1eB48cc85)): Error: read ECONNRESET
[2024-01-18T01:02:57.560] [ERROR] default - Error: read ECONNRESET
    at TCP.onStreamRead (node:internal/stream_base_commons:217:20) {
  errno: -104,
  code: 'ECONNRESET',
  syscall: 'read'
}
[2024-01-18T01:02:57.561] [ERROR] default - Error (getReserves(0x101640e107C4a72DeC79826768C239F1eB48cc85)): Error: read ECONNRESET
[2024-01-18T01:02:57.561] [ERROR] default - Error: read ECONNRESET
    at TCP.onStreamRead (node:internal/stream_base_commons:217:20) {
  errno: -104,
  code: 'ECONNRESET',
  syscall: 'read'
}
[2024-01-18T01:02:57.561] [ERROR] default - Error (getReserves(0x101640e107C4a72DeC79826768C239F1eB48cc85)): Error: read ECONNRESET
[2024-01-18T01:02:57.562] [ERROR] default - Error: read ECONNRESET
    at TCP.onStreamRead (node:internal/stream_base_commons:217:20) {
  errno: -104,
  code: 'ECONNRESET',
  syscall: 'read'
}
[2024-01-18T01:02:57.562] [ERROR] default - Error (getReserves(0x101640e107C4a72DeC79826768C239F1eB48cc85)): Error: read ECONNRESET
[2024-01-18T01:02:57.562] [ERROR] default - Error: read ECONNRESET
    at TCP.onStreamRead (node:internal/stream_base_commons:217:20) {
  errno: -104,
  code: 'ECONNRESET',
  syscall: 'read'
}
[2024-01-18T01:02:57.563] [ERROR] default - Error (getReserves(0xb965c131f1C48d89B1760860b782D2aCDF87273b)): Error: read ECONNRESET
[2024-01-18T01:02:57.563] [ERROR] default - Error: read ECONNRESET
    at TCP.onStreamRead (node:internal/stream_base_commons:217:20) {
  errno: -104,
  code: 'ECONNRESET',
  syscall: 'read'
}
[2024-01-18T01:02:57.563] [ERROR] default - Error (getReserves(0xb965c131f1C48d89B1760860b782D2aCDF87273b)): Error: read ECONNRESET
[2024-01-18T01:02:57.563] [ERROR] default - Error: read ECONNRESET
    at TCP.onStreamRead (node:internal/stream_base_commons:217:20) {
  errno: -104,
  code: 'ECONNRESET',
  syscall: 'read'
}
[2024-01-18T01:02:57.564] [ERROR] default - Error (getReserves(0xb965c131f1C48d89B1760860b782D2aCDF87273b)): Error: read ECONNRESET
[2024-01-18T01:02:57.564] [ERROR] default - Error: read ECONNRESET
    at TCP.onStreamRead (node:internal/stream_base_commons:217:20) {
  errno: -104,
  code: 'ECONNRESET',
  syscall: 'read'
}
[2024-01-18T01:02:57.564] [ERROR] default - Error (getReserves(0xb965c131f1C48d89B1760860b782D2aCDF87273b)): Error: read ECONNRESET
[2024-01-18T01:02:57.565] [ERROR] default - Error: read ECONNRESET
    at TCP.onStreamRead (node:internal/stream_base_commons:217:20) {
  errno: -104,
  code: 'ECONNRESET',
  syscall: 'read'
}
[2024-01-18T01:02:57.565] [ERROR] default - Error (getReserves(0xb965c131f1C48d89B1760860b782D2aCDF87273b)): Error: read ECONNRESET
[2024-01-18T01:02:57.565] [ERROR] default - Error: read ECONNRESET
    at TCP.onStreamRead (node:internal/stream_base_commons:217:20) {
  errno: -104,
  code: 'ECONNRESET',
  syscall: 'read'
}
[2024-01-18T01:02:57.566] [ERROR] default - Error (getReserves(0xb965c131f1C48d89B1760860b782D2aCDF87273b)): Error: read ECONNRESET
[2024-01-18T01:02:57.577] [ERROR] default - Error: read ECONNRESET
    at TCP.onStreamRead (node:internal/stream_base_commons:217:20) {
  errno: -104,
  code: 'ECONNRESET',
  syscall: 'read'
}
[2024-01-18T01:02:57.577] [ERROR] default - Error (getReserves(0xC8174d091c288FF78De98303c2973140Cbcf3B23)): Error: read ECONNRESET
[2024-01-18T01:02:57.578] [ERROR] default - Error: read ECONNRESET
    at TCP.onStreamRead (node:internal/stream_base_commons:217:20) {
  errno: -104,
  code: 'ECONNRESET',
  syscall: 'read'
}
[2024-01-18T01:02:57.578] [ERROR] default - Error (getReserves(0xC8174d091c288FF78De98303c2973140Cbcf3B23)): Error: read ECONNRESET
[2024-01-18T01:02:57.578] [ERROR] default - Error: read ECONNRESET
    at TCP.onStreamRead (node:internal/stream_base_commons:217:20) {
  errno: -104,
  code: 'ECONNRESET',
  syscall: 'read'
}
[2024-01-18T01:02:57.578] [ERROR] default - Error (getReserves(0xC8174d091c288FF78De98303c2973140Cbcf3B23)): Error: read ECONNRESET
[2024-01-18T01:02:57.578] [ERROR] default - Error: read ECONNRESET
    at TCP.onStreamRead (node:internal/stream_base_commons:217:20) {
  errno: -104,
  code: 'ECONNRESET',
  syscall: 'read'
}
[2024-01-18T01:02:57.579] [ERROR] default - Error (getReserves(0xC8174d091c288FF78De98303c2973140Cbcf3B23)): Error: read ECONNRESET
[2024-01-18T01:02:57.579] [ERROR] default - Error: read ECONNRESET
    at TCP.onStreamRead (node:internal/stream_base_commons:217:20) {
  errno: -104,
  code: 'ECONNRESET',
  syscall: 'read'
}
[2024-01-18T01:02:57.579] [ERROR] default - Error (getReserves(0x101640e107C4a72DeC79826768C239F1eB48cc85)): Error: read ECONNRESET
[2024-01-18T01:02:57.579] [ERROR] default - Error: read ECONNRESET
    at TCP.onStreamRead (node:internal/stream_base_commons:217:20) {
  errno: -104,
  code: 'ECONNRESET',
  syscall: 'read'
}
[2024-01-18T01:02:57.580] [ERROR] default - Error (getReserves(0x101640e107C4a72DeC79826768C239F1eB48cc85)): Error: read ECONNRESET
[2024-01-18T01:02:57.580] [ERROR] default - Error: read ECONNRESET
    at TCP.onStreamRead (node:internal/stream_base_commons:217:20) {
  errno: -104,
  code: 'ECONNRESET',
  syscall: 'read'
}
[2024-01-18T01:02:57.580] [ERROR] default - Error (getReserves(0xA2937659873ef52Da71a399e4079EBb2a7e5fFF6)): Error: read ECONNRESET
[2024-01-18T01:02:57.581] [ERROR] default - Error: read ECONNRESET
    at TCP.onStreamRead (node:internal/stream_base_commons:217:20) {
  errno: -104,
  code: 'ECONNRESET',
  syscall: 'read'
}
[2024-01-18T01:02:57.581] [ERROR] default - Error (getReserves(0xA2937659873ef52Da71a399e4079EBb2a7e5fFF6)): Error: read ECONNRESET
[2024-01-18T01:02:57.581] [ERROR] default - Error: read ECONNRESET
    at TCP.onStreamRead (node:internal/stream_base_commons:217:20) {
  errno: -104,
  code: 'ECONNRESET',
  syscall: 'read'
}
[2024-01-18T01:02:57.581] [ERROR] default - Error (getReserves(0x101640e107C4a72DeC79826768C239F1eB48cc85)): Error: read ECONNRESET
[2024-01-18T01:02:57.581] [ERROR] default - Error: read ECONNRESET
    at TCP.onStreamRead (node:internal/stream_base_commons:217:20) {
  errno: -104,
  code: 'ECONNRESET',
  syscall: 'read'
}
[2024-01-18T01:02:57.581] [ERROR] default - Error (getReserves(0x101640e107C4a72DeC79826768C239F1eB48cc85)): Error: read ECONNRESET
[2024-01-18T01:02:57.581] [ERROR] default - Error: read ECONNRESET
    at TCP.onStreamRead (node:internal/stream_base_commons:217:20) {
  errno: -104,
  code: 'ECONNRESET',
  syscall: 'read'
}
[2024-01-18T01:02:57.582] [ERROR] default - Error (getReserves(0xA2937659873ef52Da71a399e4079EBb2a7e5fFF6)): Error: read ECONNRESET
[2024-01-18T01:02:57.582] [ERROR] default - Error: read ECONNRESET
    at TCP.onStreamRead (node:internal/stream_base_commons:217:20) {
  errno: -104,
  code: 'ECONNRESET',
  syscall: 'read'
}
[2024-01-18T01:02:57.582] [ERROR] default - Error (getReserves(0xA2937659873ef52Da71a399e4079EBb2a7e5fFF6)): Error: read ECONNRESET
[2024-01-18T01:02:57.582] [ERROR] default - Error: read ECONNRESET
    at TCP.onStreamRead (node:internal/stream_base_commons:217:20) {
  errno: -104,
  code: 'ECONNRESET',
  syscall: 'read'
}
[2024-01-18T01:02:57.582] [ERROR] default - Error (getReserves(0xd32f3139A214034A0f9777c87eE0a064c1FF6AE2)): Error: read ECONNRESET
[2024-01-18T01:02:57.582] [ERROR] default - Error: read ECONNRESET
    at TCP.onStreamRead (node:internal/stream_base_commons:217:20) {
  errno: -104,
  code: 'ECONNRESET',
  syscall: 'read'
}
[2024-01-18T01:02:57.582] [ERROR] default - Error (getReserves(0xd32f3139A214034A0f9777c87eE0a064c1FF6AE2)): Error: read ECONNRESET
[2024-01-18T01:02:57.583] [ERROR] default - Error: read ECONNRESET
    at TCP.onStreamRead (node:internal/stream_base_commons:217:20) {
  errno: -104,
  code: 'ECONNRESET',
  syscall: 'read'
}
[2024-01-18T01:02:57.593] [ERROR] default - Error (getReserves(0x97B4f2797cC903D76F9b8ff41A94286F0B16198e)): Error: read ECONNRESET
[2024-01-18T01:02:57.593] [ERROR] default - Error: read ECONNRESET
    at TCP.onStreamRead (node:internal/stream_base_commons:217:20) {
  errno: -104,
  code: 'ECONNRESET',
  syscall: 'read'
}
[2024-01-18T01:02:57.594] [ERROR] default - Error (getReserves(0x97B4f2797cC903D76F9b8ff41A94286F0B16198e)): Error: read ECONNRESET
[2024-01-18T01:02:57.594] [ERROR] default - Error: read ECONNRESET
    at TCP.onStreamRead (node:internal/stream_base_commons:217:20) {
  errno: -104,
  code: 'ECONNRESET',
  syscall: 'read'
}
[2024-01-18T01:02:57.595] [ERROR] default - Error (getReserves(0x853Ee4b2A13f8a742d64C8F088bE7bA2131f670d)): Error: read ECONNRESET
[2024-01-18T01:02:57.595] [ERROR] default - Error: read ECONNRESET
    at TCP.onStreamRead (node:internal/stream_base_commons:217:20) {
  errno: -104,
  code: 'ECONNRESET',
  syscall: 'read'
}
[2024-01-18T01:02:57.595] [ERROR] default - Error (getReserves(0x853Ee4b2A13f8a742d64C8F088bE7bA2131f670d)): Error: read ECONNRESET
[2024-01-18T01:02:57.596] [ERROR] default - Error: read ECONNRESET
    at TCP.onStreamRead (node:internal/stream_base_commons:217:20) {
  errno: -104,
  code: 'ECONNRESET',
  syscall: 'read'
}
[2024-01-18T01:02:57.596] [ERROR] default - Error (getReserves(0x65D43B64E3B31965Cd5EA367D4c2b94c03084797)): Error: read ECONNRESET
[2024-01-18T01:02:57.596] [ERROR] default - Error: read ECONNRESET
    at TCP.onStreamRead (node:internal/stream_base_commons:217:20) {
  errno: -104,
  code: 'ECONNRESET',
  syscall: 'read'
}
[2024-01-18T01:02:57.597] [ERROR] default - Error (getReserves(0x65D43B64E3B31965Cd5EA367D4c2b94c03084797)): Error: read ECONNRESET
[2024-01-18T01:02:57.597] [ERROR] default - Error: read ECONNRESET
    at TCP.onStreamRead (node:internal/stream_base_commons:217:20) {
  errno: -104,
  code: 'ECONNRESET',
  syscall: 'read'
}
[2024-01-18T01:02:57.597] [ERROR] default - Error (getReserves(0xd32f3139A214034A0f9777c87eE0a064c1FF6AE2)): Error: read ECONNRESET
[2024-01-18T01:02:57.598] [ERROR] default - Error: read ECONNRESET
    at TCP.onStreamRead (node:internal/stream_base_commons:217:20) {
  errno: -104,
  code: 'ECONNRESET',
  syscall: 'read'
}
[2024-01-18T01:02:57.598] [ERROR] default - Error (getReserves(0xd32f3139A214034A0f9777c87eE0a064c1FF6AE2)): Error: read ECONNRESET
[2024-01-18T01:02:57.598] [ERROR] default - Error: read ECONNRESET
    at TCP.onStreamRead (node:internal/stream_base_commons:217:20) {
  errno: -104,
  code: 'ECONNRESET',
  syscall: 'read'
}
[2024-01-18T01:02:57.599] [ERROR] default - Error (getReserves(0xd32f3139A214034A0f9777c87eE0a064c1FF6AE2)): Error: read ECONNRESET
[2024-01-18T01:02:57.609] [ERROR] default - Error: read ECONNRESET
    at TCP.onStreamRead (node:internal/stream_base_commons:217:20) {
  errno: -104,
  code: 'ECONNRESET',
  syscall: 'read'
}
[2024-01-18T01:02:57.610] [ERROR] default - Error (getReserves(0xd32f3139A214034A0f9777c87eE0a064c1FF6AE2)): Error: read ECONNRESET
[2024-01-18T01:02:57.611] [ERROR] default - Error: read ECONNRESET
    at TCP.onStreamRead (node:internal/stream_base_commons:217:20) {
  errno: -104,
  code: 'ECONNRESET',
  syscall: 'read'
}
[2024-01-18T01:02:57.611] [ERROR] default - Error (getReserves(0xd32f3139A214034A0f9777c87eE0a064c1FF6AE2)): Error: read ECONNRESET
[2024-01-18T01:02:57.612] [ERROR] default - Error: read ECONNRESET
    at TCP.onStreamRead (node:internal/stream_base_commons:217:20) {
  errno: -104,
  code: 'ECONNRESET',
  syscall: 'read'
}
[2024-01-18T01:02:57.612] [ERROR] default - Error (getReserves(0xd32f3139A214034A0f9777c87eE0a064c1FF6AE2)): Error: read ECONNRESET
[2024-01-18T01:02:57.613] [ERROR] default - Error: read ECONNRESET
    at TCP.onStreamRead (node:internal/stream_base_commons:217:20) {
  errno: -104,
  code: 'ECONNRESET',
  syscall: 'read'
}
[2024-01-18T01:02:57.613] [ERROR] default - Error (getReserves(0x9cE65ae286e74f1268D19aB9b25f102C25DbDCb4)): Error: read ECONNRESET
[2024-01-18T01:02:57.614] [ERROR] default - Error: read ECONNRESET
    at TCP.onStreamRead (node:internal/stream_base_commons:217:20) {
  errno: -104,
  code: 'ECONNRESET',
  syscall: 'read'
}
[2024-01-18T01:02:57.614] [ERROR] default - Error (getReserves(0x9cE65ae286e74f1268D19aB9b25f102C25DbDCb4)): Error: read ECONNRESET
[2024-01-18T01:02:57.625] [ERROR] default - Error: read ECONNRESET
    at TCP.onStreamRead (node:internal/stream_base_commons:217:20) {
  errno: -104,
  code: 'ECONNRESET',
  syscall: 'read'
}
[2024-01-18T01:02:57.625] [ERROR] default - Error (getReserves(0xd32f3139A214034A0f9777c87eE0a064c1FF6AE2)): Error: read ECONNRESET
[2024-01-18T01:02:57.626] [ERROR] default - Error: read ECONNRESET
    at TCP.onStreamRead (node:internal/stream_base_commons:217:20) {
  errno: -104,
  code: 'ECONNRESET',
  syscall: 'read'
}
[2024-01-18T01:02:57.626] [ERROR] default - Error (getReserves(0xd32f3139A214034A0f9777c87eE0a064c1FF6AE2)): Error: read ECONNRESET
[2024-01-18T01:02:57.627] [ERROR] default - Error: read ECONNRESET
    at TCP.onStreamRead (node:internal/stream_base_commons:217:20) {
  errno: -104,
  code: 'ECONNRESET',
  syscall: 'read'
}
[2024-01-18T01:02:57.628] [ERROR] default - Error (getReserves(0xC8174d091c288FF78De98303c2973140Cbcf3B23)): Error: read ECONNRESET
[2024-01-18T01:02:57.628] [ERROR] default - Error: read ECONNRESET
    at TCP.onStreamRead (node:internal/stream_base_commons:217:20) {
  errno: -104,
  code: 'ECONNRESET',
  syscall: 'read'
}
[2024-01-18T01:02:57.629] [ERROR] default - Error (getReserves(0xC8174d091c288FF78De98303c2973140Cbcf3B23)): Error: read ECONNRESET
[2024-01-18T01:02:57.629] [ERROR] default - Error: read ECONNRESET
    at TCP.onStreamRead (node:internal/stream_base_commons:217:20) {
  errno: -104,
  code: 'ECONNRESET',
  syscall: 'read'
}
[2024-01-18T01:02:57.630] [ERROR] default - Error (getReserves(0x101640e107C4a72DeC79826768C239F1eB48cc85)): Error: read ECONNRESET
[2024-01-18T01:02:57.630] [ERROR] default - Error: read ECONNRESET
    at TCP.onStreamRead (node:internal/stream_base_commons:217:20) {
  errno: -104,
  code: 'ECONNRESET',
  syscall: 'read'
}
[2024-01-18T01:02:57.641] [ERROR] default - Error (getReserves(0x101640e107C4a72DeC79826768C239F1eB48cc85)): Error: read ECONNRESET
[2024-01-18T01:02:57.641] [ERROR] default - Error: read ECONNRESET
    at TCP.onStreamRead (node:internal/stream_base_commons:217:20) {
  errno: -104,
  code: 'ECONNRESET',
  syscall: 'read'
}
[2024-01-18T01:02:57.642] [ERROR] default - Error (getReserves(0x101640e107C4a72DeC79826768C239F1eB48cc85)): Error: read ECONNRESET
[2024-01-18T01:02:57.643] [ERROR] default - Error: read ECONNRESET
    at TCP.onStreamRead (node:internal/stream_base_commons:217:20) {
  errno: -104,
  code: 'ECONNRESET',
  syscall: 'read'
}
[2024-01-18T01:02:57.643] [ERROR] default - Error (getReserves(0x101640e107C4a72DeC79826768C239F1eB48cc85)): Error: read ECONNRESET
[2024-01-18T01:02:57.644] [ERROR] default - Error: read ECONNRESET
    at TCP.onStreamRead (node:internal/stream_base_commons:217:20) {
  errno: -104,
  code: 'ECONNRESET',
  syscall: 'read'
}
[2024-01-18T01:02:57.645] [ERROR] default - Error (getReserves(0xb965c131f1C48d89B1760860b782D2aCDF87273b)): Error: read ECONNRESET
[2024-01-18T01:02:57.645] [ERROR] default - Error: read ECONNRESET
    at TCP.onStreamRead (node:internal/stream_base_commons:217:20) {
  errno: -104,
  code: 'ECONNRESET',
  syscall: 'read'
}
[2024-01-18T01:02:57.646] [ERROR] default - Error (getReserves(0xb965c131f1C48d89B1760860b782D2aCDF87273b)): Error: read ECONNRESET
[2024-01-18T01:02:57.646] [ERROR] default - Error: read ECONNRESET
    at TCP.onStreamRead (node:internal/stream_base_commons:217:20) {
  errno: -104,
  code: 'ECONNRESET',
  syscall: 'read'
}
[2024-01-18T01:02:57.657] [ERROR] default - Error (getReserves(0xb965c131f1C48d89B1760860b782D2aCDF87273b)): Error: read ECONNRESET
[2024-01-18T01:02:57.657] [ERROR] default - Error: read ECONNRESET
    at TCP.onStreamRead (node:internal/stream_base_commons:217:20) {
  errno: -104,
  code: 'ECONNRESET',
  syscall: 'read'
}
[2024-01-18T01:02:57.658] [ERROR] default - Error (getReserves(0xb965c131f1C48d89B1760860b782D2aCDF87273b)): Error: read ECONNRESET
[2024-01-18T01:02:57.658] [ERROR] default - Error: read ECONNRESET
    at TCP.onStreamRead (node:internal/stream_base_commons:217:20) {
  errno: -104,
  code: 'ECONNRESET',
  syscall: 'read'
}
[2024-01-18T01:02:57.659] [ERROR] default - Error (getReserves(0xb965c131f1C48d89B1760860b782D2aCDF87273b)): Error: read ECONNRESET
[2024-01-18T01:02:57.659] [ERROR] default - Error: read ECONNRESET
    at TCP.onStreamRead (node:internal/stream_base_commons:217:20) {
  errno: -104,
  code: 'ECONNRESET',
  syscall: 'read'
}
[2024-01-18T01:02:57.659] [ERROR] default - Error (getReserves(0xb965c131f1C48d89B1760860b782D2aCDF87273b)): Error: read ECONNRESET
[2024-01-18T01:02:57.660] [ERROR] default - Error: read ECONNRESET
    at TCP.onStreamRead (node:internal/stream_base_commons:217:20) {
  errno: -104,
  code: 'ECONNRESET',
  syscall: 'read'
}
[2024-01-18T01:02:57.660] [ERROR] default - Error (getReserves(0xC8174d091c288FF78De98303c2973140Cbcf3B23)): Error: read ECONNRESET
[2024-01-18T01:02:57.660] [ERROR] default - Error: read ECONNRESET
    at TCP.onStreamRead (node:internal/stream_base_commons:217:20) {
  errno: -104,
  code: 'ECONNRESET',
  syscall: 'read'
}
[2024-01-18T01:02:57.661] [ERROR] default - Error (getReserves(0xC8174d091c288FF78De98303c2973140Cbcf3B23)): Error: read ECONNRESET
[2024-01-18T01:02:57.661] [ERROR] default - Error: read ECONNRESET
    at TCP.onStreamRead (node:internal/stream_base_commons:217:20) {
  errno: -104,
  code: 'ECONNRESET',
  syscall: 'read'
}
[2024-01-18T01:02:57.661] [ERROR] default - Error (getReserves(0xC8174d091c288FF78De98303c2973140Cbcf3B23)): Error: read ECONNRESET
[2024-01-18T01:02:57.662] [ERROR] default - Error: read ECONNRESET
    at TCP.onStreamRead (node:internal/stream_base_commons:217:20) {
  errno: -104,
  code: 'ECONNRESET',
  syscall: 'read'
}
[2024-01-18T01:02:57.673] [ERROR] default - Error (getReserves(0xC8174d091c288FF78De98303c2973140Cbcf3B23)): Error: read ECONNRESET
[2024-01-18T01:02:57.673] [ERROR] default - Error: read ECONNRESET
    at TCP.onStreamRead (node:internal/stream_base_commons:217:20) {
  errno: -104,
  code: 'ECONNRESET',
  syscall: 'read'
}
[2024-01-18T01:02:57.674] [ERROR] default - Error (getReserves(0x101640e107C4a72DeC79826768C239F1eB48cc85)): Error: read ECONNRESET
[2024-01-18T01:02:57.674] [ERROR] default - Error: read ECONNRESET
    at TCP.onStreamRead (node:internal/stream_base_commons:217:20) {
  errno: -104,
  code: 'ECONNRESET',
  syscall: 'read'
}
[2024-01-18T01:02:57.674] [ERROR] default - Error (getReserves(0x101640e107C4a72DeC79826768C239F1eB48cc85)): Error: read ECONNRESET
[2024-01-18T01:02:57.675] [ERROR] default - Error: read ECONNRESET
    at TCP.onStreamRead (node:internal/stream_base_commons:217:20) {
  errno: -104,
  code: 'ECONNRESET',
  syscall: 'read'
}
[2024-01-18T01:02:57.675] [ERROR] default - Error (getReserves(0xA2937659873ef52Da71a399e4079EBb2a7e5fFF6)): Error: read ECONNRESET
[2024-01-18T01:02:57.675] [ERROR] default - Error: read ECONNRESET
    at TCP.onStreamRead (node:internal/stream_base_commons:217:20) {
  errno: -104,
  code: 'ECONNRESET',
  syscall: 'read'
}
[2024-01-18T01:02:57.676] [ERROR] default - Error (getReserves(0xA2937659873ef52Da71a399e4079EBb2a7e5fFF6)): Error: read ECONNRESET
[2024-01-18T01:02:57.676] [ERROR] default - Error: read ECONNRESET
    at TCP.onStreamRead (node:internal/stream_base_commons:217:20) {
  errno: -104,
  code: 'ECONNRESET',
  syscall: 'read'
}
[2024-01-18T01:02:57.676] [ERROR] default - Error (getReserves(0x101640e107C4a72DeC79826768C239F1eB48cc85)): Error: read ECONNRESET
[2024-01-18T01:02:57.677] [ERROR] default - Error: read ECONNRESET
    at TCP.onStreamRead (node:internal/stream_base_commons:217:20) {
  errno: -104,
  code: 'ECONNRESET',
  syscall: 'read'
}
[2024-01-18T01:02:57.677] [ERROR] default - Error (getReserves(0x101640e107C4a72DeC79826768C239F1eB48cc85)): Error: read ECONNRESET
[2024-01-18T01:02:57.677] [ERROR] default - Error: read ECONNRESET
    at TCP.onStreamRead (node:internal/stream_base_commons:217:20) {
  errno: -104,
  code: 'ECONNRESET',
  syscall: 'read'
}
[2024-01-18T01:02:57.678] [ERROR] default - Error (getReserves(0xA2937659873ef52Da71a399e4079EBb2a7e5fFF6)): Error: read ECONNRESET
[2024-01-18T01:02:57.678] [ERROR] default - Error: read ECONNRESET
    at TCP.onStreamRead (node:internal/stream_base_commons:217:20) {
  errno: -104,
  code: 'ECONNRESET',
  syscall: 'read'
}
[2024-01-18T01:02:57.689] [ERROR] default - Error (getReserves(0xA2937659873ef52Da71a399e4079EBb2a7e5fFF6)): Error: read ECONNRESET
[2024-01-18T01:02:57.689] [ERROR] default - Error: read ECONNRESET
    at TCP.onStreamRead (node:internal/stream_base_commons:217:20) {
  errno: -104,
  code: 'ECONNRESET',
  syscall: 'read'
}
[2024-01-18T01:02:57.690] [ERROR] default - Error (getReserves(0xd32f3139A214034A0f9777c87eE0a064c1FF6AE2)): Error: read ECONNRESET
[2024-01-18T01:02:57.690] [ERROR] default - Error: read ECONNRESET
    at TCP.onStreamRead (node:internal/stream_base_commons:217:20) {
  errno: -104,
  code: 'ECONNRESET',
  syscall: 'read'
}
[2024-01-18T01:02:57.691] [ERROR] default - Error (getReserves(0xd32f3139A214034A0f9777c87eE0a064c1FF6AE2)): Error: read ECONNRESET
[2024-01-18T01:02:57.691] [ERROR] default - Error: read ECONNRESET
    at TCP.onStreamRead (node:internal/stream_base_commons:217:20) {
  errno: -104,
  code: 'ECONNRESET',
  syscall: 'read'
}
[2024-01-18T01:02:57.692] [ERROR] default - Error (getReserves(0x97B4f2797cC903D76F9b8ff41A94286F0B16198e)): Error: read ECONNRESET
[2024-01-18T01:02:57.692] [ERROR] default - Error: read ECONNRESET
    at TCP.onStreamRead (node:internal/stream_base_commons:217:20) {
  errno: -104,
  code: 'ECONNRESET',
  syscall: 'read'
}
[2024-01-18T01:02:57.693] [ERROR] default - Error (getReserves(0x97B4f2797cC903D76F9b8ff41A94286F0B16198e)): Error: read ECONNRESET
[2024-01-18T01:02:57.693] [ERROR] default - Error: read ECONNRESET
    at TCP.onStreamRead (node:internal/stream_base_commons:217:20) {
  errno: -104,
  code: 'ECONNRESET',
  syscall: 'read'
}
[2024-01-18T01:02:57.694] [ERROR] default - Error (getReserves(0x853Ee4b2A13f8a742d64C8F088bE7bA2131f670d)): Error: read ECONNRESET
[2024-01-18T01:02:57.694] [ERROR] default - Error: read ECONNRESET
    at TCP.onStreamRead (node:internal/stream_base_commons:217:20) {
  errno: -104,
  code: 'ECONNRESET',
  syscall: 'read'
}
[2024-01-18T01:02:57.695] [ERROR] default - Error (getReserves(0x853Ee4b2A13f8a742d64C8F088bE7bA2131f670d)): Error: read ECONNRESET
[2024-01-18T01:02:57.695] [ERROR] default - Error: read ECONNRESET
    at TCP.onStreamRead (node:internal/stream_base_commons:217:20) {
  errno: -104,
  code: 'ECONNRESET',
  syscall: 'read'
}
[2024-01-18T01:02:57.695] [ERROR] default - Error (getReserves(0x65D43B64E3B31965Cd5EA367D4c2b94c03084797)): Error: read ECONNRESET
[2024-01-18T01:02:57.695] [ERROR] default - Error: read ECONNRESET
    at TCP.onStreamRead (node:internal/stream_base_commons:217:20) {
  errno: -104,
  code: 'ECONNRESET',
  syscall: 'read'
}
[2024-01-18T01:02:57.705] [ERROR] default - Error (getReserves(0x65D43B64E3B31965Cd5EA367D4c2b94c03084797)): Error: read ECONNRESET
[2024-01-18T01:02:57.705] [ERROR] default - Error: read ECONNRESET
    at TCP.onStreamRead (node:internal/stream_base_commons:217:20) {
  errno: -104,
  code: 'ECONNRESET',
  syscall: 'read'
}
[2024-01-18T01:02:57.706] [ERROR] default - Error (getReserves(0xd32f3139A214034A0f9777c87eE0a064c1FF6AE2)): Error: read ECONNRESET
[2024-01-18T01:02:57.707] [ERROR] default - Error: read ECONNRESET
    at TCP.onStreamRead (node:internal/stream_base_commons:217:20) {
  errno: -104,
  code: 'ECONNRESET',
  syscall: 'read'
}
[2024-01-18T01:02:57.708] [ERROR] default - Error (getReserves(0xd32f3139A214034A0f9777c87eE0a064c1FF6AE2)): Error: read ECONNRESET
[2024-01-18T01:02:57.708] [ERROR] default - Error: read ECONNRESET
    at TCP.onStreamRead (node:internal/stream_base_commons:217:20) {
  errno: -104,
  code: 'ECONNRESET',
  syscall: 'read'
}
[2024-01-18T01:02:57.710] [ERROR] default - Error (getReserves(0xd32f3139A214034A0f9777c87eE0a064c1FF6AE2)): Error: read ECONNRESET
[2024-01-18T01:02:57.721] [ERROR] default - Error: read ECONNRESET
    at TCP.onStreamRead (node:internal/stream_base_commons:217:20) {
  errno: -104,
  code: 'ECONNRESET',
  syscall: 'read'
}
[2024-01-18T01:02:57.721] [ERROR] default - Error (getReserves(0xd32f3139A214034A0f9777c87eE0a064c1FF6AE2)): Error: read ECONNRESET
[2024-01-18T01:02:57.722] [ERROR] default - Error: read ECONNRESET
    at TCP.onStreamRead (node:internal/stream_base_commons:217:20) {
  errno: -104,
  code: 'ECONNRESET',
  syscall: 'read'
}
[2024-01-18T01:02:57.722] [ERROR] default - Error (getReserves(0xd32f3139A214034A0f9777c87eE0a064c1FF6AE2)): Error: read ECONNRESET
[2024-01-18T01:02:57.722] [ERROR] default - Error: read ECONNRESET
    at TCP.onStreamRead (node:internal/stream_base_commons:217:20) {
  errno: -104,
  code: 'ECONNRESET',
  syscall: 'read'
}
[2024-01-18T01:02:57.723] [ERROR] default - Error (getReserves(0xd32f3139A214034A0f9777c87eE0a064c1FF6AE2)): Error: read ECONNRESET
[2024-01-18T01:02:57.723] [ERROR] default - Error: read ECONNRESET
    at TCP.onStreamRead (node:internal/stream_base_commons:217:20) {
  errno: -104,
  code: 'ECONNRESET',
  syscall: 'read'
}
[2024-01-18T01:02:57.723] [ERROR] default - Error (getReserves(0x9cE65ae286e74f1268D19aB9b25f102C25DbDCb4)): Error: read ECONNRESET
[2024-01-18T01:02:57.724] [ERROR] default - Error: read ECONNRESET
    at TCP.onStreamRead (node:internal/stream_base_commons:217:20) {
  errno: -104,
  code: 'ECONNRESET',
  syscall: 'read'
}
[2024-01-18T01:02:57.724] [ERROR] default - Error (getReserves(0x9cE65ae286e74f1268D19aB9b25f102C25DbDCb4)): Error: read ECONNRESET
[2024-01-18T01:02:57.724] [ERROR] default - Error: read ECONNRESET
    at TCP.onStreamRead (node:internal/stream_base_commons:217:20) {
  errno: -104,
  code: 'ECONNRESET',
  syscall: 'read'
}
[2024-01-18T01:02:57.725] [ERROR] default - Error (getReserves(0xd32f3139A214034A0f9777c87eE0a064c1FF6AE2)): Error: read ECONNRESET
[2024-01-18T01:02:57.725] [ERROR] default - Error: read ECONNRESET
    at TCP.onStreamRead (node:internal/stream_base_commons:217:20) {
  errno: -104,
  code: 'ECONNRESET',
  syscall: 'read'
}
[2024-01-18T01:02:57.725] [ERROR] default - Error (getReserves(0xd32f3139A214034A0f9777c87eE0a064c1FF6AE2)): Error: read ECONNRESET
[2024-01-18T01:02:57.726] [ERROR] default - Error: read ECONNRESET
    at TCP.onStreamRead (node:internal/stream_base_commons:217:20) {
  errno: -104,
  code: 'ECONNRESET',
  syscall: 'read'
}
[2024-01-18T01:02:57.737] [ERROR] default - Error (getReserves(0xC8174d091c288FF78De98303c2973140Cbcf3B23)): Error: read ECONNRESET
[2024-01-18T01:02:57.737] [ERROR] default - Error: read ECONNRESET
    at TCP.onStreamRead (node:internal/stream_base_commons:217:20) {
  errno: -104,
  code: 'ECONNRESET',
  syscall: 'read'
}
[2024-01-18T01:02:57.738] [ERROR] default - Error (getReserves(0xC8174d091c288FF78De98303c2973140Cbcf3B23)): Error: read ECONNRESET
[2024-01-18T01:02:57.738] [ERROR] default - Error: read ECONNRESET
    at TCP.onStreamRead (node:internal/stream_base_commons:217:20) {
  errno: -104,
  code: 'ECONNRESET',
  syscall: 'read'
}
[2024-01-18T01:02:57.738] [ERROR] default - Error (getReserves(0x101640e107C4a72DeC79826768C239F1eB48cc85)): Error: read ECONNRESET
[2024-01-18T01:02:57.739] [ERROR] default - Error: read ECONNRESET
    at TCP.onStreamRead (node:internal/stream_base_commons:217:20) {
  errno: -104,
  code: 'ECONNRESET',
  syscall: 'read'
}
[2024-01-18T01:02:57.739] [ERROR] default - Error (getReserves(0x101640e107C4a72DeC79826768C239F1eB48cc85)): Error: read ECONNRESET
[2024-01-18T01:02:57.739] [ERROR] default - Error: read ECONNRESET
    at TCP.onStreamRead (node:internal/stream_base_commons:217:20) {
  errno: -104,
  code: 'ECONNRESET',
  syscall: 'read'
}
[2024-01-18T01:03:07.580] [ERROR] default - PROVIDER ERROR: Error: Reserves is undefined
    at new Prices (/mnt/c/code/polybotv3/scripts/v2/modules/prices.ts:15:10)
    at control (/mnt/c/code/polybotv3/scripts/v2/control.ts:44:16)
    at processTicksAndRejections (node:internal/process/task_queues:95:5)
    at async /mnt/c/code/polybotv3/index.ts:44:5
    at async Promise.all (index 0)
    at async JsonRpcProvider.<anonymous> (/mnt/c/code/polybotv3/index.ts:43:4)
[2024-01-18T01:03:07.581] [ERROR] default - PROVIDER ERROR: Error: Reserves is undefined
    at new Prices (/mnt/c/code/polybotv3/scripts/v2/modules/prices.ts:15:10)
    at control (/mnt/c/code/polybotv3/scripts/v2/control.ts:44:16)
    at processTicksAndRejections (node:internal/process/task_queues:95:5)
    at async /mnt/c/code/polybotv3/index.ts:44:5
    at async Promise.all (index 0)
    at async JsonRpcProvider.<anonymous> (/mnt/c/code/polybotv3/index.ts:43:4)
[2024-01-18T01:03:07.581] [ERROR] default - PROVIDER ERROR: Error: Reserves is undefined
    at new Prices (/mnt/c/code/polybotv3/scripts/v2/modules/prices.ts:15:10)
    at control (/mnt/c/code/polybotv3/scripts/v2/control.ts:44:16)
    at processTicksAndRejections (node:internal/process/task_queues:95:5)
    at async /mnt/c/code/polybotv3/index.ts:44:5
    at async Promise.all (index 0)
    at async JsonRpcProvider.<anonymous> (/mnt/c/code/polybotv3/index.ts:43:4)
[2024-01-18T01:03:07.583] [INFO] default - New block received: Block # 51501522
[2024-01-18T01:03:07.664] [ERROR] default - Error (getReserves(0x55FF76BFFC3Cdd9D5FdbBC2ece4528ECcE45047e)): Error: read ECONNRESET
[2024-01-18T01:03:07.664] [ERROR] default - Error: read ECONNRESET
    at TCP.onStreamRead (node:internal/stream_base_commons:217:20) {
  errno: -104,
  code: 'ECONNRESET',
  syscall: 'read'
}
[2024-01-18T01:03:07.665] [ERROR] default - Error (getReserves(0x55FF76BFFC3Cdd9D5FdbBC2ece4528ECcE45047e)): Error: read ECONNRESET
[2024-01-18T01:03:07.665] [ERROR] default - Error: read ECONNRESET
    at TCP.onStreamRead (node:internal/stream_base_commons:217:20) {
  errno: -104,
  code: 'ECONNRESET',
  syscall: 'read'
}
[2024-01-18T01:03:07.665] [ERROR] default - Error (getReserves(0x6e7a5FAFcec6BB1e78bAE2A1F0B612012BF14827)): Error: read ECONNRESET
[2024-01-18T01:03:07.665] [ERROR] default - Error: read ECONNRESET
    at TCP.onStreamRead (node:internal/stream_base_commons:217:20) {
  errno: -104,
  code: 'ECONNRESET',
  syscall: 'read'
}
[2024-01-18T01:03:07.666] [ERROR] default - Error (getReserves(0x6e7a5FAFcec6BB1e78bAE2A1F0B612012BF14827)): Error: read ECONNRESET
[2024-01-18T01:03:07.666] [ERROR] default - Error: read ECONNRESET
    at TCP.onStreamRead (node:internal/stream_base_commons:217:20) {
  errno: -104,
  code: 'ECONNRESET',
  syscall: 'read'
}
[2024-01-18T01:03:07.666] [ERROR] default - Error (getReserves(0xcd353F79d9FADe311fC3119B841e1f456b54e858)): Error: read ECONNRESET
[2024-01-18T01:03:07.666] [ERROR] default - Error: read ECONNRESET
    at TCP.onStreamRead (node:internal/stream_base_commons:217:20) {
  errno: -104,
  code: 'ECONNRESET',
  syscall: 'read'
}
[2024-01-18T01:03:07.667] [ERROR] default - Error (getReserves(0xcd353F79d9FADe311fC3119B841e1f456b54e858)): Error: read ECONNRESET
[2024-01-18T01:03:07.667] [ERROR] default - Error: read ECONNRESET
    at TCP.onStreamRead (node:internal/stream_base_commons:217:20) {
  errno: -104,
  code: 'ECONNRESET',
  syscall: 'read'
}
[2024-01-18T01:03:07.667] [ERROR] default - Error (getReserves(0xA2937659873ef52Da71a399e4079EBb2a7e5fFF6)): Error: read ECONNRESET
[2024-01-18T01:03:07.668] [ERROR] default - Error: read ECONNRESET
    at TCP.onStreamRead (node:internal/stream_base_commons:217:20) {
  errno: -104,
  code: 'ECONNRESET',
  syscall: 'read'
}
[2024-01-18T01:03:07.668] [ERROR] default - Error (getReserves(0xA2937659873ef52Da71a399e4079EBb2a7e5fFF6)): Error: read ECONNRESET
[2024-01-18T01:03:07.668] [ERROR] default - Error: read ECONNRESET
    at TCP.onStreamRead (node:internal/stream_base_commons:217:20) {
  errno: -104,
  code: 'ECONNRESET',
  syscall: 'read'
}
[2024-01-18T01:03:07.669] [ERROR] default - Error (getReserves(0x4A53119dd905fD39ccC532C68e69505dfB47fc2C)): Error: read ECONNRESET
[2024-01-18T01:03:07.669] [ERROR] default - Error: read ECONNRESET
    at TCP.onStreamRead (node:internal/stream_base_commons:217:20) {
  errno: -104,
  code: 'ECONNRESET',
  syscall: 'read'
}
[2024-01-18T01:03:07.680] [ERROR] default - Error (getReserves(0x4A53119dd905fD39ccC532C68e69505dfB47fc2C)): Error: read ECONNRESET
[2024-01-18T01:03:07.680] [ERROR] default - Error: read ECONNRESET
    at TCP.onStreamRead (node:internal/stream_base_commons:217:20) {
  errno: -104,
  code: 'ECONNRESET',
  syscall: 'read'
}
[2024-01-18T01:03:07.681] [ERROR] default - Error (getReserves(0xf04adBF75cDFc5eD26eeA4bbbb991DB002036Bdd)): Error: read ECONNRESET
[2024-01-18T01:03:07.682] [ERROR] default - Error: read ECONNRESET
    at TCP.onStreamRead (node:internal/stream_base_commons:217:20) {
  errno: -104,
  code: 'ECONNRESET',
  syscall: 'read'
}
[2024-01-18T01:03:07.682] [ERROR] default - Error (getReserves(0xf04adBF75cDFc5eD26eeA4bbbb991DB002036Bdd)): Error: read ECONNRESET
[2024-01-18T01:03:07.683] [ERROR] default - Error: read ECONNRESET
    at TCP.onStreamRead (node:internal/stream_base_commons:217:20) {
  errno: -104,
  code: 'ECONNRESET',
  syscall: 'read'
}
[2024-01-18T01:03:07.684] [ERROR] default - Error (getReserves(0x604229c960e5CACF2aaEAc8Be68Ac07BA9dF81c3)): Error: read ECONNRESET
[2024-01-18T01:03:07.684] [ERROR] default - Error: read ECONNRESET
    at TCP.onStreamRead (node:internal/stream_base_commons:217:20) {
  errno: -104,
  code: 'ECONNRESET',
  syscall: 'read'
}
[2024-01-18T01:03:07.685] [ERROR] default - Error (getReserves(0x604229c960e5CACF2aaEAc8Be68Ac07BA9dF81c3)): Error: read ECONNRESET
[2024-01-18T01:03:07.686] [ERROR] default - Error: read ECONNRESET
    at TCP.onStreamRead (node:internal/stream_base_commons:217:20) {
  errno: -104,
  code: 'ECONNRESET',
  syscall: 'read'
}
[2024-01-18T01:03:07.686] [ERROR] default - Error (getReserves(0x6e7a5FAFcec6BB1e78bAE2A1F0B612012BF14827)): Error: read ECONNRESET
[2024-01-18T01:03:07.696] [ERROR] default - Error: read ECONNRESET
    at TCP.onStreamRead (node:internal/stream_base_commons:217:20) {
  errno: -104,
  code: 'ECONNRESET',
  syscall: 'read'
}
[2024-01-18T01:03:07.696] [ERROR] default - Error (getReserves(0x6e7a5FAFcec6BB1e78bAE2A1F0B612012BF14827)): Error: read ECONNRESET
[2024-01-18T01:03:07.696] [ERROR] default - Error: read ECONNRESET
    at TCP.onStreamRead (node:internal/stream_base_commons:217:20) {
  errno: -104,
  code: 'ECONNRESET',
  syscall: 'read'
}
[2024-01-18T01:03:07.697] [ERROR] default - Error (getReserves(0xa789324E64268C5385eA7678435Fa83532705B0F)): Error: read ECONNRESET
[2024-01-18T01:03:07.697] [ERROR] default - Error: read ECONNRESET
    at TCP.onStreamRead (node:internal/stream_base_commons:217:20) {
  errno: -104,
  code: 'ECONNRESET',
  syscall: 'read'
}
[2024-01-18T01:03:07.697] [ERROR] default - Error (getReserves(0xa789324E64268C5385eA7678435Fa83532705B0F)): Error: read ECONNRESET
[2024-01-18T01:03:07.698] [ERROR] default - Error: read ECONNRESET
    at TCP.onStreamRead (node:internal/stream_base_commons:217:20) {
  errno: -104,
  code: 'ECONNRESET',
  syscall: 'read'
}
[2024-01-18T01:03:07.698] [ERROR] default - Error (getReserves(0xcd353F79d9FADe311fC3119B841e1f456b54e858)): Error: read ECONNRESET
[2024-01-18T01:03:07.698] [ERROR] default - Error: read ECONNRESET
    at TCP.onStreamRead (node:internal/stream_base_commons:217:20) {
  errno: -104,
  code: 'ECONNRESET',
  syscall: 'read'
}
[2024-01-18T01:03:07.699] [ERROR] default - Error (getReserves(0xcd353F79d9FADe311fC3119B841e1f456b54e858)): Error: read ECONNRESET
[2024-01-18T01:03:07.699] [ERROR] default - Error: read ECONNRESET
    at TCP.onStreamRead (node:internal/stream_base_commons:217:20) {
  errno: -104,
  code: 'ECONNRESET',
  syscall: 'read'
}
[2024-01-18T01:03:07.700] [ERROR] default - Error (getReserves(0x8929D3FEa77398F64448c85015633c2d6472fB29)): Error: read ECONNRESET
[2024-01-18T01:03:07.700] [ERROR] default - Error: read ECONNRESET
    at TCP.onStreamRead (node:internal/stream_base_commons:217:20) {
  errno: -104,
  code: 'ECONNRESET',
  syscall: 'read'
}
[2024-01-18T01:03:07.700] [ERROR] default - Error (getReserves(0x8929D3FEa77398F64448c85015633c2d6472fB29)): Error: read ECONNRESET
[2024-01-18T01:03:07.700] [ERROR] default - Error: read ECONNRESET
    at TCP.onStreamRead (node:internal/stream_base_commons:217:20) {
  errno: -104,
  code: 'ECONNRESET',
  syscall: 'read'
}
[2024-01-18T01:03:07.701] [ERROR] default - Error (getReserves(0x384c1b95027B73a98FE31Ea5B4B7b031b9ddD724)): Error: read ECONNRESET
[2024-01-18T01:03:07.701] [ERROR] default - Error: read ECONNRESET
    at TCP.onStreamRead (node:internal/stream_base_commons:217:20) {
  errno: -104,
  code: 'ECONNRESET',
  syscall: 'read'
}
[2024-01-18T01:03:07.701] [ERROR] default - Error (getReserves(0x384c1b95027B73a98FE31Ea5B4B7b031b9ddD724)): Error: read ECONNRESET
[2024-01-18T01:03:07.701] [ERROR] default - Error: read ECONNRESET
    at TCP.onStreamRead (node:internal/stream_base_commons:217:20) {
  errno: -104,
  code: 'ECONNRESET',
  syscall: 'read'
}
[2024-01-18T01:03:07.712] [ERROR] default - Error (getReserves(0x34965ba0ac2451A34a0471F04CCa3F990b8dea27)): Error: read ECONNRESET
[2024-01-18T01:03:07.712] [ERROR] default - Error: read ECONNRESET
    at TCP.onStreamRead (node:internal/stream_base_commons:217:20) {
  errno: -104,
  code: 'ECONNRESET',
  syscall: 'read'
}
[2024-01-18T01:03:07.713] [ERROR] default - Error (getReserves(0x34965ba0ac2451A34a0471F04CCa3F990b8dea27)): Error: read ECONNRESET
[2024-01-18T01:03:07.714] [ERROR] default - Error: read ECONNRESET
    at TCP.onStreamRead (node:internal/stream_base_commons:217:20) {
  errno: -104,
  code: 'ECONNRESET',
  syscall: 'read'
}
[2024-01-18T01:03:14.054] [INFO] default - New block received: Block # 51501523
[2024-01-18T01:03:14.092] [INFO] default - New block received: Block # 51501524
[2024-01-18T01:03:14.121] [ERROR] default - PROVIDER ERROR: Error: Invalid argument
    at pu (/mnt/c/code/polybotv3/scripts/modules/convertBN.ts:20:15)
    at AmountConverter.tradeToPrice (/mnt/c/code/polybotv3/scripts/v2/modules/amountConverter.ts:42:25)
    at processTicksAndRejections (node:internal/process/task_queues:95:5)
    at async Trade.getSize (/mnt/c/code/polybotv3/scripts/v2/getTrade.ts:69:19)
    at async Trade.getTrade (/mnt/c/code/polybotv3/scripts/v2/getTrade.ts:85:65)
    at async control (/mnt/c/code/polybotv3/scripts/v2/control.ts:47:19)
    at async /mnt/c/code/polybotv3/index.ts:44:5
    at async Promise.all (index 0)
    at async JsonRpcProvider.<anonymous> (/mnt/c/code/polybotv3/index.ts:43:4)
[2024-01-18T01:03:20.895] [INFO] default - New block received: Block # 51501525
[2024-01-18T01:03:20.911] [INFO] default - New block received: Block # 51501526
[2024-01-18T01:03:26.018] [ERROR] default - PROVIDER ERROR: Error: Invalid argument
    at pu (/mnt/c/code/polybotv3/scripts/modules/convertBN.ts:20:15)
    at AmountConverter.tradeToPrice (/mnt/c/code/polybotv3/scripts/v2/modules/amountConverter.ts:42:25)
    at processTicksAndRejections (node:internal/process/task_queues:95:5)
    at async Trade.getSize (/mnt/c/code/polybotv3/scripts/v2/getTrade.ts:69:19)
    at async Trade.getTrade (/mnt/c/code/polybotv3/scripts/v2/getTrade.ts:85:65)
    at async control (/mnt/c/code/polybotv3/scripts/v2/control.ts:47:19)
    at async /mnt/c/code/polybotv3/index.ts:44:5
    at async Promise.all (index 0)
    at async JsonRpcProvider.<anonymous> (/mnt/c/code/polybotv3/index.ts:43:4)
[2024-01-18T01:03:26.019] [ERROR] default - PROVIDER ERROR: Error: Invalid argument
    at pu (/mnt/c/code/polybotv3/scripts/modules/convertBN.ts:20:15)
    at AmountConverter.tradeToPrice (/mnt/c/code/polybotv3/scripts/v2/modules/amountConverter.ts:42:25)
    at processTicksAndRejections (node:internal/process/task_queues:95:5)
    at async Trade.getSize (/mnt/c/code/polybotv3/scripts/v2/getTrade.ts:69:19)
    at async Trade.getTrade (/mnt/c/code/polybotv3/scripts/v2/getTrade.ts:85:65)
    at async control (/mnt/c/code/polybotv3/scripts/v2/control.ts:47:19)
    at async /mnt/c/code/polybotv3/index.ts:44:5
    at async Promise.all (index 0)
    at async JsonRpcProvider.<anonymous> (/mnt/c/code/polybotv3/index.ts:43:4)
[2024-01-18T01:03:26.025] [ERROR] default - Error (getReserves(0x65D43B64E3B31965Cd5EA367D4c2b94c03084797)): Error: read ECONNRESET
[2024-01-18T01:03:26.025] [ERROR] default - Error: read ECONNRESET
    at TCP.onStreamRead (node:internal/stream_base_commons:217:20) {
  errno: -104,
  code: 'ECONNRESET',
  syscall: 'read'
}
[2024-01-18T01:03:26.026] [ERROR] default - Error (getReserves(0x65D43B64E3B31965Cd5EA367D4c2b94c03084797)): Error: read ECONNRESET
[2024-01-18T01:03:26.026] [ERROR] default - Error: read ECONNRESET
    at TCP.onStreamRead (node:internal/stream_base_commons:217:20) {
  errno: -104,
  code: 'ECONNRESET',
  syscall: 'read'
}
[2024-01-18T01:03:26.026] [ERROR] default - Error (getReserves(0xd32f3139A214034A0f9777c87eE0a064c1FF6AE2)): Error: read ECONNRESET
[2024-01-18T01:03:26.027] [ERROR] default - Error: read ECONNRESET
    at TCP.onStreamRead (node:internal/stream_base_commons:217:20) {
  errno: -104,
  code: 'ECONNRESET',
  syscall: 'read'
}
[2024-01-18T01:03:26.027] [ERROR] default - Error (getReserves(0xd32f3139A214034A0f9777c87eE0a064c1FF6AE2)): Error: read ECONNRESET
[2024-01-18T01:03:26.027] [ERROR] default - Error: read ECONNRESET
    at TCP.onStreamRead (node:internal/stream_base_commons:217:20) {
  errno: -104,
  code: 'ECONNRESET',
  syscall: 'read'
}
[2024-01-18T01:03:26.028] [ERROR] default - Error (getReserves(0xd32f3139A214034A0f9777c87eE0a064c1FF6AE2)): Error: read ECONNRESET
[2024-01-18T01:03:26.028] [ERROR] default - Error: read ECONNRESET
    at TCP.onStreamRead (node:internal/stream_base_commons:217:20) {
  errno: -104,
  code: 'ECONNRESET',
  syscall: 'read'
}
[2024-01-18T01:03:26.028] [ERROR] default - Error (getReserves(0xd32f3139A214034A0f9777c87eE0a064c1FF6AE2)): Error: read ECONNRESET
[2024-01-18T01:03:26.028] [ERROR] default - Error: read ECONNRESET
    at TCP.onStreamRead (node:internal/stream_base_commons:217:20) {
  errno: -104,
  code: 'ECONNRESET',
  syscall: 'read'
}
[2024-01-18T01:03:26.028] [ERROR] default - Error (getReserves(0xd32f3139A214034A0f9777c87eE0a064c1FF6AE2)): Error: read ECONNRESET
[2024-01-18T01:03:26.028] [ERROR] default - Error: read ECONNRESET
    at TCP.onStreamRead (node:internal/stream_base_commons:217:20) {
  errno: -104,
  code: 'ECONNRESET',
  syscall: 'read'
}
[2024-01-18T01:03:26.028] [ERROR] default - Error (getReserves(0xd32f3139A214034A0f9777c87eE0a064c1FF6AE2)): Error: read ECONNRESET
[2024-01-18T01:03:26.029] [ERROR] default - Error: read ECONNRESET
    at TCP.onStreamRead (node:internal/stream_base_commons:217:20) {
  errno: -104,
  code: 'ECONNRESET',
  syscall: 'read'
}
[2024-01-18T01:03:26.029] [ERROR] default - Error (getReserves(0x9cE65ae286e74f1268D19aB9b25f102C25DbDCb4)): Error: read ECONNRESET
[2024-01-18T01:03:26.029] [ERROR] default - Error: read ECONNRESET
    at TCP.onStreamRead (node:internal/stream_base_commons:217:20) {
  errno: -104,
  code: 'ECONNRESET',
  syscall: 'read'
}
[2024-01-18T01:03:26.029] [ERROR] default - Error (getReserves(0x9cE65ae286e74f1268D19aB9b25f102C25DbDCb4)): Error: read ECONNRESET
[2024-01-18T01:03:26.029] [ERROR] default - Error: read ECONNRESET
    at TCP.onStreamRead (node:internal/stream_base_commons:217:20) {
  errno: -104,
  code: 'ECONNRESET',
  syscall: 'read'
}
[2024-01-18T01:03:26.029] [ERROR] default - Error (getReserves(0xd32f3139A214034A0f9777c87eE0a064c1FF6AE2)): Error: read ECONNRESET
[2024-01-18T01:03:26.029] [ERROR] default - Error: read ECONNRESET
    at TCP.onStreamRead (node:internal/stream_base_commons:217:20) {
  errno: -104,
  code: 'ECONNRESET',
  syscall: 'read'
}
[2024-01-18T01:03:26.038] [ERROR] default - Error (getReserves(0xd32f3139A214034A0f9777c87eE0a064c1FF6AE2)): Error: read ECONNRESET
[2024-01-18T01:03:26.039] [ERROR] default - Error: read ECONNRESET
    at TCP.onStreamRead (node:internal/stream_base_commons:217:20) {
  errno: -104,
  code: 'ECONNRESET',
  syscall: 'read'
}
[2024-01-18T01:03:26.039] [ERROR] default - Error (getReserves(0xC8174d091c288FF78De98303c2973140Cbcf3B23)): Error: read ECONNRESET
[2024-01-18T01:03:26.039] [ERROR] default - Error: read ECONNRESET
    at TCP.onStreamRead (node:internal/stream_base_commons:217:20) {
  errno: -104,
  code: 'ECONNRESET',
  syscall: 'read'
}
[2024-01-18T01:03:26.039] [ERROR] default - Error (getReserves(0xC8174d091c288FF78De98303c2973140Cbcf3B23)): Error: read ECONNRESET
[2024-01-18T01:03:26.040] [ERROR] default - Error: read ECONNRESET
    at TCP.onStreamRead (node:internal/stream_base_commons:217:20) {
  errno: -104,
  code: 'ECONNRESET',
  syscall: 'read'
}
[2024-01-18T01:03:26.040] [ERROR] default - Error (getReserves(0x101640e107C4a72DeC79826768C239F1eB48cc85)): Error: read ECONNRESET
[2024-01-18T01:03:26.040] [ERROR] default - Error: read ECONNRESET
    at TCP.onStreamRead (node:internal/stream_base_commons:217:20) {
  errno: -104,
  code: 'ECONNRESET',
  syscall: 'read'
}
[2024-01-18T01:03:26.040] [ERROR] default - Error (getReserves(0x101640e107C4a72DeC79826768C239F1eB48cc85)): Error: read ECONNRESET
[2024-01-18T01:03:26.040] [ERROR] default - Error: read ECONNRESET
    at TCP.onStreamRead (node:internal/stream_base_commons:217:20) {
  errno: -104,
  code: 'ECONNRESET',
  syscall: 'read'
}
[2024-01-18T01:03:26.040] [ERROR] default - Error (getReserves(0x101640e107C4a72DeC79826768C239F1eB48cc85)): Error: read ECONNRESET
[2024-01-18T01:03:26.040] [ERROR] default - Error: read ECONNRESET
    at TCP.onStreamRead (node:internal/stream_base_commons:217:20) {
  errno: -104,
  code: 'ECONNRESET',
  syscall: 'read'
}
[2024-01-18T01:03:26.041] [ERROR] default - Error (getReserves(0x101640e107C4a72DeC79826768C239F1eB48cc85)): Error: read ECONNRESET
[2024-01-18T01:03:26.041] [ERROR] default - Error: read ECONNRESET
    at TCP.onStreamRead (node:internal/stream_base_commons:217:20) {
  errno: -104,
  code: 'ECONNRESET',
  syscall: 'read'
}
[2024-01-18T01:03:26.041] [ERROR] default - Error (getReserves(0xb965c131f1C48d89B1760860b782D2aCDF87273b)): Error: read ECONNRESET
[2024-01-18T01:03:26.041] [ERROR] default - Error: read ECONNRESET
    at TCP.onStreamRead (node:internal/stream_base_commons:217:20) {
  errno: -104,
  code: 'ECONNRESET',
  syscall: 'read'
}
[2024-01-18T01:03:26.041] [ERROR] default - Error (getReserves(0xb965c131f1C48d89B1760860b782D2aCDF87273b)): Error: read ECONNRESET
[2024-01-18T01:03:26.041] [ERROR] default - Error: read ECONNRESET
    at TCP.onStreamRead (node:internal/stream_base_commons:217:20) {
  errno: -104,
  code: 'ECONNRESET',
  syscall: 'read'
}
[2024-01-18T01:03:26.041] [ERROR] default - Error (getReserves(0xb965c131f1C48d89B1760860b782D2aCDF87273b)): Error: read ECONNRESET
[2024-01-18T01:03:26.041] [ERROR] default - Error: read ECONNRESET
    at TCP.onStreamRead (node:internal/stream_base_commons:217:20) {
  errno: -104,
  code: 'ECONNRESET',
  syscall: 'read'
}
[2024-01-18T01:03:26.042] [ERROR] default - Error (getReserves(0xb965c131f1C48d89B1760860b782D2aCDF87273b)): Error: read ECONNRESET
[2024-01-18T01:03:26.042] [ERROR] default - Error: read ECONNRESET
    at TCP.onStreamRead (node:internal/stream_base_commons:217:20) {
  errno: -104,
  code: 'ECONNRESET',
  syscall: 'read'
}
[2024-01-18T01:03:26.042] [ERROR] default - Error (getReserves(0xb965c131f1C48d89B1760860b782D2aCDF87273b)): Error: read ECONNRESET
[2024-01-18T01:03:26.042] [ERROR] default - Error: read ECONNRESET
    at TCP.onStreamRead (node:internal/stream_base_commons:217:20) {
  errno: -104,
  code: 'ECONNRESET',
  syscall: 'read'
}
[2024-01-18T01:03:26.043] [ERROR] default - Error (getReserves(0xb965c131f1C48d89B1760860b782D2aCDF87273b)): Error: read ECONNRESET
[2024-01-18T01:03:26.043] [ERROR] default - Error: read ECONNRESET
    at TCP.onStreamRead (node:internal/stream_base_commons:217:20) {
  errno: -104,
  code: 'ECONNRESET',
  syscall: 'read'
}
[2024-01-18T01:03:26.043] [ERROR] default - Error (getReserves(0xC8174d091c288FF78De98303c2973140Cbcf3B23)): Error: read ECONNRESET
[2024-01-18T01:03:26.043] [ERROR] default - Error: read ECONNRESET
    at TCP.onStreamRead (node:internal/stream_base_commons:217:20) {
  errno: -104,
  code: 'ECONNRESET',
  syscall: 'read'
}
[2024-01-18T01:03:26.043] [ERROR] default - Error (getReserves(0xC8174d091c288FF78De98303c2973140Cbcf3B23)): Error: read ECONNRESET
[2024-01-18T01:03:26.044] [ERROR] default - Error: read ECONNRESET
    at TCP.onStreamRead (node:internal/stream_base_commons:217:20) {
  errno: -104,
  code: 'ECONNRESET',
  syscall: 'read'
}
[2024-01-18T01:03:26.044] [ERROR] default - Error (getReserves(0xC8174d091c288FF78De98303c2973140Cbcf3B23)): Error: read ECONNRESET
[2024-01-18T01:03:26.044] [ERROR] default - Error: read ECONNRESET
    at TCP.onStreamRead (node:internal/stream_base_commons:217:20) {
  errno: -104,
  code: 'ECONNRESET',
  syscall: 'read'
}
[2024-01-18T01:03:26.044] [ERROR] default - Error (getReserves(0xC8174d091c288FF78De98303c2973140Cbcf3B23)): Error: read ECONNRESET
[2024-01-18T01:03:26.045] [ERROR] default - Error: read ECONNRESET
    at TCP.onStreamRead (node:internal/stream_base_commons:217:20) {
  errno: -104,
  code: 'ECONNRESET',
  syscall: 'read'
}
[2024-01-18T01:03:26.045] [ERROR] default - Error (getReserves(0x101640e107C4a72DeC79826768C239F1eB48cc85)): Error: read ECONNRESET
[2024-01-18T01:03:26.045] [ERROR] default - Error: read ECONNRESET
    at TCP.onStreamRead (node:internal/stream_base_commons:217:20) {
  errno: -104,
  code: 'ECONNRESET',
  syscall: 'read'
}
[2024-01-18T01:03:26.045] [ERROR] default - Error (getReserves(0x101640e107C4a72DeC79826768C239F1eB48cc85)): Error: read ECONNRESET
[2024-01-18T01:03:26.045] [ERROR] default - Error: read ECONNRESET
    at TCP.onStreamRead (node:internal/stream_base_commons:217:20) {
  errno: -104,
  code: 'ECONNRESET',
  syscall: 'read'
}
[2024-01-18T01:03:26.046] [ERROR] default - Error (getReserves(0xA2937659873ef52Da71a399e4079EBb2a7e5fFF6)): Error: read ECONNRESET
[2024-01-18T01:03:26.046] [ERROR] default - Error: read ECONNRESET
    at TCP.onStreamRead (node:internal/stream_base_commons:217:20) {
  errno: -104,
  code: 'ECONNRESET',
  syscall: 'read'
}
[2024-01-18T01:03:26.046] [ERROR] default - Error (getReserves(0xA2937659873ef52Da71a399e4079EBb2a7e5fFF6)): Error: read ECONNRESET
[2024-01-18T01:03:26.046] [ERROR] default - Error: read ECONNRESET
    at TCP.onStreamRead (node:internal/stream_base_commons:217:20) {
  errno: -104,
  code: 'ECONNRESET',
  syscall: 'read'
}
[2024-01-18T01:03:26.046] [ERROR] default - Error (getReserves(0x101640e107C4a72DeC79826768C239F1eB48cc85)): Error: read ECONNRESET
[2024-01-18T01:03:26.046] [ERROR] default - Error: read ECONNRESET
    at TCP.onStreamRead (node:internal/stream_base_commons:217:20) {
  errno: -104,
  code: 'ECONNRESET',
  syscall: 'read'
}
[2024-01-18T01:03:26.047] [ERROR] default - Error (getReserves(0x101640e107C4a72DeC79826768C239F1eB48cc85)): Error: read ECONNRESET
[2024-01-18T01:03:26.047] [ERROR] default - Error: read ECONNRESET
    at TCP.onStreamRead (node:internal/stream_base_commons:217:20) {
  errno: -104,
  code: 'ECONNRESET',
  syscall: 'read'
}
[2024-01-18T01:03:26.047] [ERROR] default - Error (getReserves(0xA2937659873ef52Da71a399e4079EBb2a7e5fFF6)): Error: read ECONNRESET
[2024-01-18T01:03:26.047] [ERROR] default - Error: read ECONNRESET
    at TCP.onStreamRead (node:internal/stream_base_commons:217:20) {
  errno: -104,
  code: 'ECONNRESET',
  syscall: 'read'
}
[2024-01-18T01:03:26.047] [ERROR] default - Error (getReserves(0xA2937659873ef52Da71a399e4079EBb2a7e5fFF6)): Error: read ECONNRESET
[2024-01-18T01:03:26.048] [ERROR] default - Error: read ECONNRESET
    at TCP.onStreamRead (node:internal/stream_base_commons:217:20) {
  errno: -104,
  code: 'ECONNRESET',
  syscall: 'read'
}
[2024-01-18T01:03:26.048] [ERROR] default - Error (getReserves(0xd32f3139A214034A0f9777c87eE0a064c1FF6AE2)): Error: read ECONNRESET
[2024-01-18T01:03:26.049] [ERROR] default - Error: read ECONNRESET
    at TCP.onStreamRead (node:internal/stream_base_commons:217:20) {
  errno: -104,
  code: 'ECONNRESET',
  syscall: 'read'
}
[2024-01-18T01:03:26.050] [ERROR] default - Error (getReserves(0xd32f3139A214034A0f9777c87eE0a064c1FF6AE2)): Error: read ECONNRESET
[2024-01-18T01:03:26.050] [ERROR] default - Error: read ECONNRESET
    at TCP.onStreamRead (node:internal/stream_base_commons:217:20) {
  errno: -104,
  code: 'ECONNRESET',
  syscall: 'read'
}
[2024-01-18T01:03:26.050] [ERROR] default - Error (getReserves(0x97B4f2797cC903D76F9b8ff41A94286F0B16198e)): Error: read ECONNRESET
[2024-01-18T01:03:26.051] [ERROR] default - Error: read ECONNRESET
    at TCP.onStreamRead (node:internal/stream_base_commons:217:20) {
  errno: -104,
  code: 'ECONNRESET',
  syscall: 'read'
}
[2024-01-18T01:03:26.052] [ERROR] default - Error (getReserves(0x97B4f2797cC903D76F9b8ff41A94286F0B16198e)): Error: read ECONNRESET
[2024-01-18T01:03:26.052] [ERROR] default - Error: read ECONNRESET
    at TCP.onStreamRead (node:internal/stream_base_commons:217:20) {
  errno: -104,
  code: 'ECONNRESET',
  syscall: 'read'
}
[2024-01-18T01:03:26.053] [ERROR] default - Error (getReserves(0x853Ee4b2A13f8a742d64C8F088bE7bA2131f670d)): Error: read ECONNRESET
[2024-01-18T01:03:26.053] [ERROR] default - Error: read ECONNRESET
    at TCP.onStreamRead (node:internal/stream_base_commons:217:20) {
  errno: -104,
  code: 'ECONNRESET',
  syscall: 'read'
}
[2024-01-18T01:03:26.054] [ERROR] default - Error (getReserves(0x853Ee4b2A13f8a742d64C8F088bE7bA2131f670d)): Error: read ECONNRESET
[2024-01-18T01:03:26.055] [ERROR] default - Error: read ECONNRESET
    at TCP.onStreamRead (node:internal/stream_base_commons:217:20) {
  errno: -104,
  code: 'ECONNRESET',
  syscall: 'read'
}
[2024-01-18T01:03:26.055] [ERROR] default - Error (getReserves(0x65D43B64E3B31965Cd5EA367D4c2b94c03084797)): Error: read ECONNRESET
[2024-01-18T01:03:26.055] [ERROR] default - Error: read ECONNRESET
    at TCP.onStreamRead (node:internal/stream_base_commons:217:20) {
  errno: -104,
  code: 'ECONNRESET',
  syscall: 'read'
}
[2024-01-18T01:03:26.055] [ERROR] default - Error (getReserves(0x65D43B64E3B31965Cd5EA367D4c2b94c03084797)): Error: read ECONNRESET
[2024-01-18T01:03:26.056] [ERROR] default - Error: read ECONNRESET
    at TCP.onStreamRead (node:internal/stream_base_commons:217:20) {
  errno: -104,
  code: 'ECONNRESET',
  syscall: 'read'
}
[2024-01-18T01:03:26.056] [ERROR] default - Error (getReserves(0xd32f3139A214034A0f9777c87eE0a064c1FF6AE2)): Error: read ECONNRESET
[2024-01-18T01:03:26.056] [ERROR] default - Error: read ECONNRESET
    at TCP.onStreamRead (node:internal/stream_base_commons:217:20) {
  errno: -104,
  code: 'ECONNRESET',
  syscall: 'read'
}
[2024-01-18T01:03:26.056] [ERROR] default - Error (getReserves(0xd32f3139A214034A0f9777c87eE0a064c1FF6AE2)): Error: read ECONNRESET
[2024-01-18T01:03:26.056] [ERROR] default - Error: read ECONNRESET
    at TCP.onStreamRead (node:internal/stream_base_commons:217:20) {
  errno: -104,
  code: 'ECONNRESET',
  syscall: 'read'
}
[2024-01-18T01:03:26.057] [ERROR] default - Error (getReserves(0xd32f3139A214034A0f9777c87eE0a064c1FF6AE2)): Error: read ECONNRESET
[2024-01-18T01:03:26.057] [ERROR] default - Error: read ECONNRESET
    at TCP.onStreamRead (node:internal/stream_base_commons:217:20) {
  errno: -104,
  code: 'ECONNRESET',
  syscall: 'read'
}
[2024-01-18T01:03:26.058] [ERROR] default - Error (getReserves(0xd32f3139A214034A0f9777c87eE0a064c1FF6AE2)): Error: read ECONNRESET
[2024-01-18T01:03:26.059] [ERROR] default - Error: read ECONNRESET
    at TCP.onStreamRead (node:internal/stream_base_commons:217:20) {
  errno: -104,
  code: 'ECONNRESET',
  syscall: 'read'
}
[2024-01-18T01:03:26.059] [ERROR] default - Error (getReserves(0xd32f3139A214034A0f9777c87eE0a064c1FF6AE2)): Error: read ECONNRESET
[2024-01-18T01:03:26.060] [ERROR] default - Error: read ECONNRESET
    at TCP.onStreamRead (node:internal/stream_base_commons:217:20) {
  errno: -104,
  code: 'ECONNRESET',
  syscall: 'read'
}
[2024-01-18T01:03:26.060] [ERROR] default - Error (getReserves(0xd32f3139A214034A0f9777c87eE0a064c1FF6AE2)): Error: read ECONNRESET
[2024-01-18T01:03:26.060] [ERROR] default - Error: read ECONNRESET
    at TCP.onStreamRead (node:internal/stream_base_commons:217:20) {
  errno: -104,
  code: 'ECONNRESET',
  syscall: 'read'
}
[2024-01-18T01:03:26.061] [ERROR] default - Error (getReserves(0x9cE65ae286e74f1268D19aB9b25f102C25DbDCb4)): Error: read ECONNRESET
[2024-01-18T01:03:26.061] [ERROR] default - Error: read ECONNRESET
    at TCP.onStreamRead (node:internal/stream_base_commons:217:20) {
  errno: -104,
  code: 'ECONNRESET',
  syscall: 'read'
}
[2024-01-18T01:03:26.061] [ERROR] default - Error (getReserves(0x9cE65ae286e74f1268D19aB9b25f102C25DbDCb4)): Error: read ECONNRESET
[2024-01-18T01:03:26.062] [ERROR] default - Error: read ECONNRESET
    at TCP.onStreamRead (node:internal/stream_base_commons:217:20) {
  errno: -104,
  code: 'ECONNRESET',
  syscall: 'read'
}
[2024-01-18T01:03:26.062] [ERROR] default - Error (getReserves(0xd32f3139A214034A0f9777c87eE0a064c1FF6AE2)): Error: read ECONNRESET
[2024-01-18T01:03:26.062] [ERROR] default - Error: read ECONNRESET
    at TCP.onStreamRead (node:internal/stream_base_commons:217:20) {
  errno: -104,
  code: 'ECONNRESET',
  syscall: 'read'
}
[2024-01-18T01:03:26.062] [ERROR] default - Error (getReserves(0xd32f3139A214034A0f9777c87eE0a064c1FF6AE2)): Error: read ECONNRESET
[2024-01-18T01:03:26.063] [ERROR] default - Error: read ECONNRESET
    at TCP.onStreamRead (node:internal/stream_base_commons:217:20) {
  errno: -104,
  code: 'ECONNRESET',
  syscall: 'read'
}
[2024-01-18T01:03:26.063] [ERROR] default - Error (getReserves(0xC8174d091c288FF78De98303c2973140Cbcf3B23)): Error: read ECONNRESET
[2024-01-18T01:03:26.063] [ERROR] default - Error: read ECONNRESET
    at TCP.onStreamRead (node:internal/stream_base_commons:217:20) {
  errno: -104,
  code: 'ECONNRESET',
  syscall: 'read'
}
[2024-01-18T01:03:26.063] [ERROR] default - Error (getReserves(0xC8174d091c288FF78De98303c2973140Cbcf3B23)): Error: read ECONNRESET
[2024-01-18T01:03:26.063] [ERROR] default - Error: read ECONNRESET
    at TCP.onStreamRead (node:internal/stream_base_commons:217:20) {
  errno: -104,
  code: 'ECONNRESET',
  syscall: 'read'
}
[2024-01-18T01:03:26.064] [ERROR] default - Error (getReserves(0x101640e107C4a72DeC79826768C239F1eB48cc85)): Error: read ECONNRESET
[2024-01-18T01:03:26.064] [ERROR] default - Error: read ECONNRESET
    at TCP.onStreamRead (node:internal/stream_base_commons:217:20) {
  errno: -104,
  code: 'ECONNRESET',
  syscall: 'read'
}
[2024-01-18T01:03:26.064] [ERROR] default - Error (getReserves(0x101640e107C4a72DeC79826768C239F1eB48cc85)): Error: read ECONNRESET
[2024-01-18T01:03:26.064] [ERROR] default - Error: read ECONNRESET
    at TCP.onStreamRead (node:internal/stream_base_commons:217:20) {
  errno: -104,
  code: 'ECONNRESET',
  syscall: 'read'
}
[2024-01-18T01:03:26.064] [ERROR] default - Error (getReserves(0x101640e107C4a72DeC79826768C239F1eB48cc85)): Error: read ECONNRESET
[2024-01-18T01:03:26.064] [ERROR] default - Error: read ECONNRESET
    at TCP.onStreamRead (node:internal/stream_base_commons:217:20) {
  errno: -104,
  code: 'ECONNRESET',
  syscall: 'read'
}
[2024-01-18T01:03:26.065] [ERROR] default - Error (getReserves(0x101640e107C4a72DeC79826768C239F1eB48cc85)): Error: read ECONNRESET
[2024-01-18T01:03:26.065] [ERROR] default - Error: read ECONNRESET
    at TCP.onStreamRead (node:internal/stream_base_commons:217:20) {
  errno: -104,
  code: 'ECONNRESET',
  syscall: 'read'
}
[2024-01-18T01:03:26.065] [ERROR] default - Error (getReserves(0xb965c131f1C48d89B1760860b782D2aCDF87273b)): Error: read ECONNRESET
[2024-01-18T01:03:26.065] [ERROR] default - Error: read ECONNRESET
    at TCP.onStreamRead (node:internal/stream_base_commons:217:20) {
  errno: -104,
  code: 'ECONNRESET',
  syscall: 'read'
}
[2024-01-18T01:03:26.066] [ERROR] default - Error (getReserves(0xb965c131f1C48d89B1760860b782D2aCDF87273b)): Error: read ECONNRESET
[2024-01-18T01:03:26.066] [ERROR] default - Error: read ECONNRESET
    at TCP.onStreamRead (node:internal/stream_base_commons:217:20) {
  errno: -104,
  code: 'ECONNRESET',
  syscall: 'read'
}
[2024-01-18T01:03:26.066] [ERROR] default - Error (getReserves(0xb965c131f1C48d89B1760860b782D2aCDF87273b)): Error: read ECONNRESET
[2024-01-18T01:03:26.066] [ERROR] default - Error: read ECONNRESET
    at TCP.onStreamRead (node:internal/stream_base_commons:217:20) {
  errno: -104,
  code: 'ECONNRESET',
  syscall: 'read'
}
[2024-01-18T01:03:26.066] [ERROR] default - Error (getReserves(0xb965c131f1C48d89B1760860b782D2aCDF87273b)): Error: read ECONNRESET
[2024-01-18T01:03:26.067] [ERROR] default - Error: read ECONNRESET
    at TCP.onStreamRead (node:internal/stream_base_commons:217:20) {
  errno: -104,
  code: 'ECONNRESET',
  syscall: 'read'
}
[2024-01-18T01:03:26.067] [ERROR] default - Error (getReserves(0xb965c131f1C48d89B1760860b782D2aCDF87273b)): Error: read ECONNRESET
[2024-01-18T01:03:26.067] [ERROR] default - Error: read ECONNRESET
    at TCP.onStreamRead (node:internal/stream_base_commons:217:20) {
  errno: -104,
  code: 'ECONNRESET',
  syscall: 'read'
}
[2024-01-18T01:03:26.068] [ERROR] default - Error (getReserves(0xb965c131f1C48d89B1760860b782D2aCDF87273b)): Error: read ECONNRESET
[2024-01-18T01:03:26.068] [ERROR] default - Error: read ECONNRESET
    at TCP.onStreamRead (node:internal/stream_base_commons:217:20) {
  errno: -104,
  code: 'ECONNRESET',
  syscall: 'read'
}
[2024-01-18T01:03:26.068] [ERROR] default - Error (getReserves(0xC8174d091c288FF78De98303c2973140Cbcf3B23)): Error: read ECONNRESET
[2024-01-18T01:03:26.068] [ERROR] default - Error: read ECONNRESET
    at TCP.onStreamRead (node:internal/stream_base_commons:217:20) {
  errno: -104,
  code: 'ECONNRESET',
  syscall: 'read'
}
[2024-01-18T01:03:26.068] [ERROR] default - Error (getReserves(0xC8174d091c288FF78De98303c2973140Cbcf3B23)): Error: read ECONNRESET
[2024-01-18T01:03:26.068] [ERROR] default - Error: read ECONNRESET
    at TCP.onStreamRead (node:internal/stream_base_commons:217:20) {
  errno: -104,
  code: 'ECONNRESET',
  syscall: 'read'
}
[2024-01-18T01:03:26.068] [ERROR] default - Error (getReserves(0xC8174d091c288FF78De98303c2973140Cbcf3B23)): Error: read ECONNRESET
[2024-01-18T01:03:26.069] [ERROR] default - Error: read ECONNRESET
    at TCP.onStreamRead (node:internal/stream_base_commons:217:20) {
  errno: -104,
  code: 'ECONNRESET',
  syscall: 'read'
}
[2024-01-18T01:03:26.069] [ERROR] default - Error (getReserves(0xC8174d091c288FF78De98303c2973140Cbcf3B23)): Error: read ECONNRESET
[2024-01-18T01:03:26.069] [ERROR] default - Error: read ECONNRESET
    at TCP.onStreamRead (node:internal/stream_base_commons:217:20) {
  errno: -104,
  code: 'ECONNRESET',
  syscall: 'read'
}
[2024-01-18T01:03:26.070] [ERROR] default - Error (getReserves(0x101640e107C4a72DeC79826768C239F1eB48cc85)): Error: read ECONNRESET
[2024-01-18T01:03:26.070] [ERROR] default - Error: read ECONNRESET
    at TCP.onStreamRead (node:internal/stream_base_commons:217:20) {
  errno: -104,
  code: 'ECONNRESET',
  syscall: 'read'
}
[2024-01-18T01:03:26.071] [ERROR] default - Error (getReserves(0x101640e107C4a72DeC79826768C239F1eB48cc85)): Error: read ECONNRESET
[2024-01-18T01:03:26.071] [ERROR] default - Error: read ECONNRESET
    at TCP.onStreamRead (node:internal/stream_base_commons:217:20) {
  errno: -104,
  code: 'ECONNRESET',
  syscall: 'read'
}
[2024-01-18T01:03:26.072] [ERROR] default - Error (getReserves(0xA2937659873ef52Da71a399e4079EBb2a7e5fFF6)): Error: read ECONNRESET
[2024-01-18T01:03:26.072] [ERROR] default - Error: read ECONNRESET
    at TCP.onStreamRead (node:internal/stream_base_commons:217:20) {
  errno: -104,
  code: 'ECONNRESET',
  syscall: 'read'
}
[2024-01-18T01:03:26.073] [ERROR] default - Error (getReserves(0xA2937659873ef52Da71a399e4079EBb2a7e5fFF6)): Error: read ECONNRESET
[2024-01-18T01:03:26.074] [ERROR] default - Error: read ECONNRESET
    at TCP.onStreamRead (node:internal/stream_base_commons:217:20) {
  errno: -104,
  code: 'ECONNRESET',
  syscall: 'read'
}
[2024-01-18T01:03:26.074] [ERROR] default - Error (getReserves(0x101640e107C4a72DeC79826768C239F1eB48cc85)): Error: read ECONNRESET
[2024-01-18T01:03:26.075] [ERROR] default - Error: read ECONNRESET
    at TCP.onStreamRead (node:internal/stream_base_commons:217:20) {
  errno: -104,
  code: 'ECONNRESET',
  syscall: 'read'
}
[2024-01-18T01:03:26.080] [ERROR] default - Error (getReserves(0x101640e107C4a72DeC79826768C239F1eB48cc85)): Error: read ECONNRESET
[2024-01-18T01:03:26.080] [ERROR] default - Error: read ECONNRESET
    at TCP.onStreamRead (node:internal/stream_base_commons:217:20) {
  errno: -104,
  code: 'ECONNRESET',
  syscall: 'read'
}
[2024-01-18T01:03:26.081] [ERROR] default - Error (getReserves(0xA2937659873ef52Da71a399e4079EBb2a7e5fFF6)): Error: read ECONNRESET
[2024-01-18T01:03:26.081] [ERROR] default - Error: read ECONNRESET
    at TCP.onStreamRead (node:internal/stream_base_commons:217:20) {
  errno: -104,
  code: 'ECONNRESET',
  syscall: 'read'
}
[2024-01-18T01:03:26.083] [ERROR] default - Error (getReserves(0xA2937659873ef52Da71a399e4079EBb2a7e5fFF6)): Error: read ECONNRESET
[2024-01-18T01:03:26.083] [ERROR] default - Error: read ECONNRESET
    at TCP.onStreamRead (node:internal/stream_base_commons:217:20) {
  errno: -104,
  code: 'ECONNRESET',
  syscall: 'read'
}
[2024-01-18T01:03:26.084] [ERROR] default - Error (getReserves(0xd32f3139A214034A0f9777c87eE0a064c1FF6AE2)): Error: read ECONNRESET
[2024-01-18T01:03:26.084] [ERROR] default - Error: read ECONNRESET
    at TCP.onStreamRead (node:internal/stream_base_commons:217:20) {
  errno: -104,
  code: 'ECONNRESET',
  syscall: 'read'
}
[2024-01-18T01:03:26.084] [ERROR] default - Error (getReserves(0xd32f3139A214034A0f9777c87eE0a064c1FF6AE2)): Error: read ECONNRESET
[2024-01-18T01:03:26.084] [ERROR] default - Error: read ECONNRESET
    at TCP.onStreamRead (node:internal/stream_base_commons:217:20) {
  errno: -104,
  code: 'ECONNRESET',
  syscall: 'read'
}
[2024-01-18T01:03:26.084] [ERROR] default - Error (getReserves(0x97B4f2797cC903D76F9b8ff41A94286F0B16198e)): Error: read ECONNRESET
[2024-01-18T01:03:26.084] [ERROR] default - Error: read ECONNRESET
    at TCP.onStreamRead (node:internal/stream_base_commons:217:20) {
  errno: -104,
  code: 'ECONNRESET',
  syscall: 'read'
}
[2024-01-18T01:03:26.084] [ERROR] default - Error (getReserves(0x97B4f2797cC903D76F9b8ff41A94286F0B16198e)): Error: read ECONNRESET
[2024-01-18T01:03:26.085] [ERROR] default - Error: read ECONNRESET
    at TCP.onStreamRead (node:internal/stream_base_commons:217:20) {
  errno: -104,
  code: 'ECONNRESET',
  syscall: 'read'
}
[2024-01-18T01:03:26.085] [ERROR] default - Error (getReserves(0x853Ee4b2A13f8a742d64C8F088bE7bA2131f670d)): Error: read ECONNRESET
[2024-01-18T01:03:26.085] [ERROR] default - Error: read ECONNRESET
    at TCP.onStreamRead (node:internal/stream_base_commons:217:20) {
  errno: -104,
  code: 'ECONNRESET',
  syscall: 'read'
}
[2024-01-18T01:03:26.085] [ERROR] default - Error (getReserves(0x853Ee4b2A13f8a742d64C8F088bE7bA2131f670d)): Error: read ECONNRESET
[2024-01-18T01:03:26.085] [ERROR] default - Error: read ECONNRESET
    at TCP.onStreamRead (node:internal/stream_base_commons:217:20) {
  errno: -104,
  code: 'ECONNRESET',
  syscall: 'read'
}
[2024-01-18T01:03:26.265] [INFO] default - New block received: Block # 51501527
[2024-01-18T01:03:29.502] [ERROR] default - PROVIDER ERROR: Error: Reserves is undefined
    at new Prices (/mnt/c/code/polybotv3/scripts/v2/modules/prices.ts:15:10)
    at control (/mnt/c/code/polybotv3/scripts/v2/control.ts:44:16)
    at processTicksAndRejections (node:internal/process/task_queues:95:5)
    at async /mnt/c/code/polybotv3/index.ts:44:5
    at async Promise.all (index 0)
    at async JsonRpcProvider.<anonymous> (/mnt/c/code/polybotv3/index.ts:43:4)
[2024-01-18T01:03:29.502] [ERROR] default - PROVIDER ERROR: Error: Reserves is undefined
    at new Prices (/mnt/c/code/polybotv3/scripts/v2/modules/prices.ts:15:10)
    at control (/mnt/c/code/polybotv3/scripts/v2/control.ts:44:16)
    at processTicksAndRejections (node:internal/process/task_queues:95:5)
    at async /mnt/c/code/polybotv3/index.ts:44:5
    at async Promise.all (index 0)
    at async JsonRpcProvider.<anonymous> (/mnt/c/code/polybotv3/index.ts:43:4)
[2024-01-18T01:03:31.324] [INFO] default - New block received: Block # 51501528
[2024-01-18T01:03:32.915] [ERROR] default - PROVIDER ERROR: Error: Invalid argument
    at pu (/mnt/c/code/polybotv3/scripts/modules/convertBN.ts:20:15)
    at AmountConverter.tradeToPrice (/mnt/c/code/polybotv3/scripts/v2/modules/amountConverter.ts:42:25)
    at processTicksAndRejections (node:internal/process/task_queues:95:5)
    at async Trade.getSize (/mnt/c/code/polybotv3/scripts/v2/getTrade.ts:69:19)
    at async Trade.getTrade (/mnt/c/code/polybotv3/scripts/v2/getTrade.ts:85:65)
    at async control (/mnt/c/code/polybotv3/scripts/v2/control.ts:47:19)
    at async /mnt/c/code/polybotv3/index.ts:44:5
    at async Promise.all (index 0)
    at async JsonRpcProvider.<anonymous> (/mnt/c/code/polybotv3/index.ts:43:4)
[2024-01-18T01:03:36.441] [ERROR] default - PROVIDER ERROR: Error: Invalid argument
    at pu (/mnt/c/code/polybotv3/scripts/modules/convertBN.ts:20:15)
    at AmountConverter.tradeToPrice (/mnt/c/code/polybotv3/scripts/v2/modules/amountConverter.ts:42:25)
    at processTicksAndRejections (node:internal/process/task_queues:95:5)
    at async Trade.getSize (/mnt/c/code/polybotv3/scripts/v2/getTrade.ts:69:19)
    at async Trade.getTrade (/mnt/c/code/polybotv3/scripts/v2/getTrade.ts:85:65)
    at async control (/mnt/c/code/polybotv3/scripts/v2/control.ts:47:19)
    at async /mnt/c/code/polybotv3/index.ts:44:5
    at async Promise.all (index 0)
    at async JsonRpcProvider.<anonymous> (/mnt/c/code/polybotv3/index.ts:43:4)
[2024-01-18T01:03:36.529] [INFO] default - New block received: Block # 51501529
[2024-01-18T01:03:36.533] [INFO] default - New block received: Block # 51501530
[2024-01-18T01:03:44.111] [INFO] default - New block received: Block # 51501531
[2024-01-18T01:03:44.146] [ERROR] default - PROVIDER ERROR: Error: Invalid argument
    at pu (/mnt/c/code/polybotv3/scripts/modules/convertBN.ts:20:15)
    at AmountConverter.tradeToPrice (/mnt/c/code/polybotv3/scripts/v2/modules/amountConverter.ts:42:25)
    at processTicksAndRejections (node:internal/process/task_queues:95:5)
    at async Trade.getSize (/mnt/c/code/polybotv3/scripts/v2/getTrade.ts:69:19)
    at async Trade.getTrade (/mnt/c/code/polybotv3/scripts/v2/getTrade.ts:85:65)
    at async control (/mnt/c/code/polybotv3/scripts/v2/control.ts:47:19)
    at async /mnt/c/code/polybotv3/index.ts:44:5
    at async Promise.all (index 0)
    at async JsonRpcProvider.<anonymous> (/mnt/c/code/polybotv3/index.ts:43:4)
[2024-01-18T01:03:44.157] [ERROR] default - PROVIDER ERROR: Error: Invalid argument
    at pu (/mnt/c/code/polybotv3/scripts/modules/convertBN.ts:20:15)
    at AmountConverter.tradeToPrice (/mnt/c/code/polybotv3/scripts/v2/modules/amountConverter.ts:42:25)
    at processTicksAndRejections (node:internal/process/task_queues:95:5)
    at async Trade.getSize (/mnt/c/code/polybotv3/scripts/v2/getTrade.ts:69:19)
    at async Trade.getTrade (/mnt/c/code/polybotv3/scripts/v2/getTrade.ts:85:65)
    at async control (/mnt/c/code/polybotv3/scripts/v2/control.ts:47:19)
    at async /mnt/c/code/polybotv3/index.ts:44:5
    at async Promise.all (index 0)
    at async JsonRpcProvider.<anonymous> (/mnt/c/code/polybotv3/index.ts:43:4)
[2024-01-18T01:03:47.733] [ERROR] default - PROVIDER ERROR: Error: Invalid argument
    at pu (/mnt/c/code/polybotv3/scripts/modules/convertBN.ts:20:15)
    at AmountConverter.tradeToPrice (/mnt/c/code/polybotv3/scripts/v2/modules/amountConverter.ts:42:25)
    at processTicksAndRejections (node:internal/process/task_queues:95:5)
    at async Trade.getSize (/mnt/c/code/polybotv3/scripts/v2/getTrade.ts:69:19)
    at async Trade.getTrade (/mnt/c/code/polybotv3/scripts/v2/getTrade.ts:85:65)
    at async control (/mnt/c/code/polybotv3/scripts/v2/control.ts:47:19)
    at async /mnt/c/code/polybotv3/index.ts:44:5
    at async Promise.all (index 0)
    at async JsonRpcProvider.<anonymous> (/mnt/c/code/polybotv3/index.ts:43:4)
[2024-01-18T01:03:48.131] [INFO] default - New block received: Block # 51501532
[2024-01-18T01:03:48.132] [INFO] default - New block received: Block # 51501533
[2024-01-18T01:03:53.598] [INFO] default - New block received: Block # 51501534
[2024-01-18T01:03:53.602] [INFO] default - New block received: Block # 51501535
[2024-01-18T01:03:57.474] [ERROR] default - PROVIDER ERROR: Error: Invalid argument
    at pu (/mnt/c/code/polybotv3/scripts/modules/convertBN.ts:20:15)
    at AmountConverter.tradeToPrice (/mnt/c/code/polybotv3/scripts/v2/modules/amountConverter.ts:42:25)
    at processTicksAndRejections (node:internal/process/task_queues:95:5)
    at async Trade.getSize (/mnt/c/code/polybotv3/scripts/v2/getTrade.ts:69:19)
    at async Trade.getTrade (/mnt/c/code/polybotv3/scripts/v2/getTrade.ts:85:65)
    at async control (/mnt/c/code/polybotv3/scripts/v2/control.ts:47:19)
    at async /mnt/c/code/polybotv3/index.ts:44:5
    at async Promise.all (index 0)
    at async JsonRpcProvider.<anonymous> (/mnt/c/code/polybotv3/index.ts:43:4)
[2024-01-18T01:03:57.476] [ERROR] default - PROVIDER ERROR: Error: Invalid argument
    at pu (/mnt/c/code/polybotv3/scripts/modules/convertBN.ts:20:15)
    at AmountConverter.tradeToPrice (/mnt/c/code/polybotv3/scripts/v2/modules/amountConverter.ts:42:25)
    at processTicksAndRejections (node:internal/process/task_queues:95:5)
    at async Trade.getSize (/mnt/c/code/polybotv3/scripts/v2/getTrade.ts:69:19)
    at async Trade.getTrade (/mnt/c/code/polybotv3/scripts/v2/getTrade.ts:85:65)
    at async control (/mnt/c/code/polybotv3/scripts/v2/control.ts:47:19)
    at async /mnt/c/code/polybotv3/index.ts:44:5
    at async Promise.all (index 0)
    at async JsonRpcProvider.<anonymous> (/mnt/c/code/polybotv3/index.ts:43:4)
[2024-01-18T01:04:01.974] [INFO] default - New block received: Block # 51501536
[2024-01-18T01:04:01.979] [INFO] default - New block received: Block # 51501537
[2024-01-18T01:04:08.007] [ERROR] default - PROVIDER ERROR: Error: Invalid argument
    at pu (/mnt/c/code/polybotv3/scripts/modules/convertBN.ts:20:15)
    at AmountConverter.tradeToPrice (/mnt/c/code/polybotv3/scripts/v2/modules/amountConverter.ts:42:25)
    at processTicksAndRejections (node:internal/process/task_queues:95:5)
    at async Trade.getSize (/mnt/c/code/polybotv3/scripts/v2/getTrade.ts:69:19)
    at async Trade.getTrade (/mnt/c/code/polybotv3/scripts/v2/getTrade.ts:85:65)
    at async control (/mnt/c/code/polybotv3/scripts/v2/control.ts:47:19)
    at async /mnt/c/code/polybotv3/index.ts:44:5
    at async Promise.all (index 0)
    at async JsonRpcProvider.<anonymous> (/mnt/c/code/polybotv3/index.ts:43:4)
[2024-01-18T01:04:08.008] [ERROR] default - PROVIDER ERROR: Error: Invalid argument
    at pu (/mnt/c/code/polybotv3/scripts/modules/convertBN.ts:20:15)
    at AmountConverter.tradeToPrice (/mnt/c/code/polybotv3/scripts/v2/modules/amountConverter.ts:42:25)
    at processTicksAndRejections (node:internal/process/task_queues:95:5)
    at async Trade.getSize (/mnt/c/code/polybotv3/scripts/v2/getTrade.ts:69:19)
    at async Trade.getTrade (/mnt/c/code/polybotv3/scripts/v2/getTrade.ts:85:65)
    at async control (/mnt/c/code/polybotv3/scripts/v2/control.ts:47:19)
    at async /mnt/c/code/polybotv3/index.ts:44:5
    at async Promise.all (index 0)
    at async JsonRpcProvider.<anonymous> (/mnt/c/code/polybotv3/index.ts:43:4)
[2024-01-18T01:04:08.013] [ERROR] default - Error (getReserves(0x65D43B64E3B31965Cd5EA367D4c2b94c03084797)): Error: read ECONNRESET
[2024-01-18T01:04:08.013] [ERROR] default - Error: read ECONNRESET
    at TCP.onStreamRead (node:internal/stream_base_commons:217:20) {
  errno: -104,
  code: 'ECONNRESET',
  syscall: 'read'
}
[2024-01-18T01:04:08.014] [ERROR] default - Error (getReserves(0x65D43B64E3B31965Cd5EA367D4c2b94c03084797)): Error: read ECONNRESET
[2024-01-18T01:04:08.015] [ERROR] default - Error: read ECONNRESET
    at TCP.onStreamRead (node:internal/stream_base_commons:217:20) {
  errno: -104,
  code: 'ECONNRESET',
  syscall: 'read'
}
[2024-01-18T01:04:08.016] [ERROR] default - Error (getReserves(0xd32f3139A214034A0f9777c87eE0a064c1FF6AE2)): Error: read ECONNRESET
[2024-01-18T01:04:08.016] [ERROR] default - Error: read ECONNRESET
    at TCP.onStreamRead (node:internal/stream_base_commons:217:20) {
  errno: -104,
  code: 'ECONNRESET',
  syscall: 'read'
}
[2024-01-18T01:04:08.017] [ERROR] default - Error (getReserves(0xd32f3139A214034A0f9777c87eE0a064c1FF6AE2)): Error: read ECONNRESET
[2024-01-18T01:04:08.018] [ERROR] default - Error: read ECONNRESET
    at TCP.onStreamRead (node:internal/stream_base_commons:217:20) {
  errno: -104,
  code: 'ECONNRESET',
  syscall: 'read'
}
[2024-01-18T01:04:08.019] [ERROR] default - Error (getReserves(0xd32f3139A214034A0f9777c87eE0a064c1FF6AE2)): Error: read ECONNRESET
[2024-01-18T01:04:08.019] [ERROR] default - Error: read ECONNRESET
    at TCP.onStreamRead (node:internal/stream_base_commons:217:20) {
  errno: -104,
  code: 'ECONNRESET',
  syscall: 'read'
}
[2024-01-18T01:04:08.020] [ERROR] default - Error (getReserves(0xd32f3139A214034A0f9777c87eE0a064c1FF6AE2)): Error: read ECONNRESET
[2024-01-18T01:04:08.021] [ERROR] default - Error: read ECONNRESET
    at TCP.onStreamRead (node:internal/stream_base_commons:217:20) {
  errno: -104,
  code: 'ECONNRESET',
  syscall: 'read'
}
[2024-01-18T01:04:08.023] [ERROR] default - Error (getReserves(0xd32f3139A214034A0f9777c87eE0a064c1FF6AE2)): Error: read ECONNRESET
[2024-01-18T01:04:08.023] [ERROR] default - Error: read ECONNRESET
    at TCP.onStreamRead (node:internal/stream_base_commons:217:20) {
  errno: -104,
  code: 'ECONNRESET',
  syscall: 'read'
}
[2024-01-18T01:04:08.024] [ERROR] default - Error (getReserves(0xd32f3139A214034A0f9777c87eE0a064c1FF6AE2)): Error: read ECONNRESET
[2024-01-18T01:04:08.024] [ERROR] default - Error: read ECONNRESET
    at TCP.onStreamRead (node:internal/stream_base_commons:217:20) {
  errno: -104,
  code: 'ECONNRESET',
  syscall: 'read'
}
[2024-01-18T01:04:08.024] [ERROR] default - Error (getReserves(0x9cE65ae286e74f1268D19aB9b25f102C25DbDCb4)): Error: read ECONNRESET
[2024-01-18T01:04:08.024] [ERROR] default - Error: read ECONNRESET
    at TCP.onStreamRead (node:internal/stream_base_commons:217:20) {
  errno: -104,
  code: 'ECONNRESET',
  syscall: 'read'
}
[2024-01-18T01:04:08.025] [ERROR] default - Error (getReserves(0x9cE65ae286e74f1268D19aB9b25f102C25DbDCb4)): Error: read ECONNRESET
[2024-01-18T01:04:08.025] [ERROR] default - Error: read ECONNRESET
    at TCP.onStreamRead (node:internal/stream_base_commons:217:20) {
  errno: -104,
  code: 'ECONNRESET',
  syscall: 'read'
}
[2024-01-18T01:04:08.025] [ERROR] default - Error (getReserves(0xd32f3139A214034A0f9777c87eE0a064c1FF6AE2)): Error: read ECONNRESET
[2024-01-18T01:04:08.026] [ERROR] default - Error: read ECONNRESET
    at TCP.onStreamRead (node:internal/stream_base_commons:217:20) {
  errno: -104,
  code: 'ECONNRESET',
  syscall: 'read'
}
[2024-01-18T01:04:08.026] [ERROR] default - Error (getReserves(0xd32f3139A214034A0f9777c87eE0a064c1FF6AE2)): Error: read ECONNRESET
[2024-01-18T01:04:08.026] [ERROR] default - Error: read ECONNRESET
    at TCP.onStreamRead (node:internal/stream_base_commons:217:20) {
  errno: -104,
  code: 'ECONNRESET',
  syscall: 'read'
}
[2024-01-18T01:04:08.026] [ERROR] default - Error (getReserves(0xC8174d091c288FF78De98303c2973140Cbcf3B23)): Error: read ECONNRESET
[2024-01-18T01:04:08.027] [ERROR] default - Error: read ECONNRESET
    at TCP.onStreamRead (node:internal/stream_base_commons:217:20) {
  errno: -104,
  code: 'ECONNRESET',
  syscall: 'read'
}
[2024-01-18T01:04:08.028] [ERROR] default - Error (getReserves(0xC8174d091c288FF78De98303c2973140Cbcf3B23)): Error: read ECONNRESET
[2024-01-18T01:04:08.029] [ERROR] default - Error: read ECONNRESET
    at TCP.onStreamRead (node:internal/stream_base_commons:217:20) {
  errno: -104,
  code: 'ECONNRESET',
  syscall: 'read'
}
[2024-01-18T01:04:08.029] [ERROR] default - Error (getReserves(0x101640e107C4a72DeC79826768C239F1eB48cc85)): Error: read ECONNRESET
[2024-01-18T01:04:08.030] [ERROR] default - Error: read ECONNRESET
    at TCP.onStreamRead (node:internal/stream_base_commons:217:20) {
  errno: -104,
  code: 'ECONNRESET',
  syscall: 'read'
}
[2024-01-18T01:04:08.030] [ERROR] default - Error (getReserves(0x101640e107C4a72DeC79826768C239F1eB48cc85)): Error: read ECONNRESET
[2024-01-18T01:04:08.030] [ERROR] default - Error: read ECONNRESET
    at TCP.onStreamRead (node:internal/stream_base_commons:217:20) {
  errno: -104,
  code: 'ECONNRESET',
  syscall: 'read'
}
[2024-01-18T01:04:08.030] [ERROR] default - Error (getReserves(0x101640e107C4a72DeC79826768C239F1eB48cc85)): Error: read ECONNRESET
[2024-01-18T01:04:08.030] [ERROR] default - Error: read ECONNRESET
    at TCP.onStreamRead (node:internal/stream_base_commons:217:20) {
  errno: -104,
  code: 'ECONNRESET',
  syscall: 'read'
}
[2024-01-18T01:04:08.030] [ERROR] default - Error (getReserves(0x101640e107C4a72DeC79826768C239F1eB48cc85)): Error: read ECONNRESET
[2024-01-18T01:04:08.030] [ERROR] default - Error: read ECONNRESET
    at TCP.onStreamRead (node:internal/stream_base_commons:217:20) {
  errno: -104,
  code: 'ECONNRESET',
  syscall: 'read'
}
[2024-01-18T01:04:08.031] [ERROR] default - Error (getReserves(0xb965c131f1C48d89B1760860b782D2aCDF87273b)): Error: read ECONNRESET
[2024-01-18T01:04:08.031] [ERROR] default - Error: read ECONNRESET
    at TCP.onStreamRead (node:internal/stream_base_commons:217:20) {
  errno: -104,
  code: 'ECONNRESET',
  syscall: 'read'
}
[2024-01-18T01:04:08.032] [ERROR] default - Error (getReserves(0xb965c131f1C48d89B1760860b782D2aCDF87273b)): Error: read ECONNRESET
[2024-01-18T01:04:08.032] [ERROR] default - Error: read ECONNRESET
    at TCP.onStreamRead (node:internal/stream_base_commons:217:20) {
  errno: -104,
  code: 'ECONNRESET',
  syscall: 'read'
}
[2024-01-18T01:04:08.032] [ERROR] default - Error (getReserves(0xb965c131f1C48d89B1760860b782D2aCDF87273b)): Error: read ECONNRESET
[2024-01-18T01:04:08.032] [ERROR] default - Error: read ECONNRESET
    at TCP.onStreamRead (node:internal/stream_base_commons:217:20) {
  errno: -104,
  code: 'ECONNRESET',
  syscall: 'read'
}
[2024-01-18T01:04:08.032] [ERROR] default - Error (getReserves(0xb965c131f1C48d89B1760860b782D2aCDF87273b)): Error: read ECONNRESET
[2024-01-18T01:04:08.033] [ERROR] default - Error: read ECONNRESET
    at TCP.onStreamRead (node:internal/stream_base_commons:217:20) {
  errno: -104,
  code: 'ECONNRESET',
  syscall: 'read'
}
[2024-01-18T01:04:08.033] [ERROR] default - Error (getReserves(0xb965c131f1C48d89B1760860b782D2aCDF87273b)): Error: read ECONNRESET
[2024-01-18T01:04:08.033] [ERROR] default - Error: read ECONNRESET
    at TCP.onStreamRead (node:internal/stream_base_commons:217:20) {
  errno: -104,
  code: 'ECONNRESET',
  syscall: 'read'
}
[2024-01-18T01:04:08.033] [ERROR] default - Error (getReserves(0xb965c131f1C48d89B1760860b782D2aCDF87273b)): Error: read ECONNRESET
[2024-01-18T01:04:08.033] [ERROR] default - Error: read ECONNRESET
    at TCP.onStreamRead (node:internal/stream_base_commons:217:20) {
  errno: -104,
  code: 'ECONNRESET',
  syscall: 'read'
}
[2024-01-18T01:04:08.034] [ERROR] default - Error (getReserves(0xC8174d091c288FF78De98303c2973140Cbcf3B23)): Error: read ECONNRESET
[2024-01-18T01:04:08.034] [ERROR] default - Error: read ECONNRESET
    at TCP.onStreamRead (node:internal/stream_base_commons:217:20) {
  errno: -104,
  code: 'ECONNRESET',
  syscall: 'read'
}
[2024-01-18T01:04:08.034] [ERROR] default - Error (getReserves(0xC8174d091c288FF78De98303c2973140Cbcf3B23)): Error: read ECONNRESET
[2024-01-18T01:04:08.034] [ERROR] default - Error: read ECONNRESET
    at TCP.onStreamRead (node:internal/stream_base_commons:217:20) {
  errno: -104,
  code: 'ECONNRESET',
  syscall: 'read'
}
[2024-01-18T01:04:08.035] [ERROR] default - Error (getReserves(0xC8174d091c288FF78De98303c2973140Cbcf3B23)): Error: read ECONNRESET
[2024-01-18T01:04:08.035] [ERROR] default - Error: read ECONNRESET
    at TCP.onStreamRead (node:internal/stream_base_commons:217:20) {
  errno: -104,
  code: 'ECONNRESET',
  syscall: 'read'
}
[2024-01-18T01:04:08.035] [ERROR] default - Error (getReserves(0xC8174d091c288FF78De98303c2973140Cbcf3B23)): Error: read ECONNRESET
[2024-01-18T01:04:08.036] [ERROR] default - Error: read ECONNRESET
    at TCP.onStreamRead (node:internal/stream_base_commons:217:20) {
  errno: -104,
  code: 'ECONNRESET',
  syscall: 'read'
}
[2024-01-18T01:04:08.037] [ERROR] default - Error (getReserves(0x101640e107C4a72DeC79826768C239F1eB48cc85)): Error: read ECONNRESET
[2024-01-18T01:04:08.037] [ERROR] default - Error: read ECONNRESET
    at TCP.onStreamRead (node:internal/stream_base_commons:217:20) {
  errno: -104,
  code: 'ECONNRESET',
  syscall: 'read'
}
[2024-01-18T01:04:08.037] [ERROR] default - Error (getReserves(0x101640e107C4a72DeC79826768C239F1eB48cc85)): Error: read ECONNRESET
[2024-01-18T01:04:08.037] [ERROR] default - Error: read ECONNRESET
    at TCP.onStreamRead (node:internal/stream_base_commons:217:20) {
  errno: -104,
  code: 'ECONNRESET',
  syscall: 'read'
}
[2024-01-18T01:04:08.038] [ERROR] default - Error (getReserves(0xA2937659873ef52Da71a399e4079EBb2a7e5fFF6)): Error: read ECONNRESET
[2024-01-18T01:04:08.038] [ERROR] default - Error: read ECONNRESET
    at TCP.onStreamRead (node:internal/stream_base_commons:217:20) {
  errno: -104,
  code: 'ECONNRESET',
  syscall: 'read'
}
[2024-01-18T01:04:08.038] [ERROR] default - Error (getReserves(0xA2937659873ef52Da71a399e4079EBb2a7e5fFF6)): Error: read ECONNRESET
[2024-01-18T01:04:08.038] [ERROR] default - Error: read ECONNRESET
    at TCP.onStreamRead (node:internal/stream_base_commons:217:20) {
  errno: -104,
  code: 'ECONNRESET',
  syscall: 'read'
}
[2024-01-18T01:04:08.039] [ERROR] default - Error (getReserves(0x101640e107C4a72DeC79826768C239F1eB48cc85)): Error: read ECONNRESET
[2024-01-18T01:04:08.039] [ERROR] default - Error: read ECONNRESET
    at TCP.onStreamRead (node:internal/stream_base_commons:217:20) {
  errno: -104,
  code: 'ECONNRESET',
  syscall: 'read'
}
[2024-01-18T01:04:08.039] [ERROR] default - Error (getReserves(0x101640e107C4a72DeC79826768C239F1eB48cc85)): Error: read ECONNRESET
[2024-01-18T01:04:08.039] [ERROR] default - Error: read ECONNRESET
    at TCP.onStreamRead (node:internal/stream_base_commons:217:20) {
  errno: -104,
  code: 'ECONNRESET',
  syscall: 'read'
}
[2024-01-18T01:04:08.039] [ERROR] default - Error (getReserves(0xA2937659873ef52Da71a399e4079EBb2a7e5fFF6)): Error: read ECONNRESET
[2024-01-18T01:04:08.040] [ERROR] default - Error: read ECONNRESET
    at TCP.onStreamRead (node:internal/stream_base_commons:217:20) {
  errno: -104,
  code: 'ECONNRESET',
  syscall: 'read'
}
[2024-01-18T01:04:08.040] [ERROR] default - Error (getReserves(0xA2937659873ef52Da71a399e4079EBb2a7e5fFF6)): Error: read ECONNRESET
[2024-01-18T01:04:08.040] [ERROR] default - Error: read ECONNRESET
    at TCP.onStreamRead (node:internal/stream_base_commons:217:20) {
  errno: -104,
  code: 'ECONNRESET',
  syscall: 'read'
}
[2024-01-18T01:04:08.040] [ERROR] default - Error (getReserves(0xd32f3139A214034A0f9777c87eE0a064c1FF6AE2)): Error: read ECONNRESET
[2024-01-18T01:04:08.041] [ERROR] default - Error: read ECONNRESET
    at TCP.onStreamRead (node:internal/stream_base_commons:217:20) {
  errno: -104,
  code: 'ECONNRESET',
  syscall: 'read'
}
[2024-01-18T01:04:08.041] [ERROR] default - Error (getReserves(0xd32f3139A214034A0f9777c87eE0a064c1FF6AE2)): Error: read ECONNRESET
[2024-01-18T01:04:08.041] [ERROR] default - Error: read ECONNRESET
    at TCP.onStreamRead (node:internal/stream_base_commons:217:20) {
  errno: -104,
  code: 'ECONNRESET',
  syscall: 'read'
}
[2024-01-18T01:04:08.041] [ERROR] default - Error (getReserves(0x97B4f2797cC903D76F9b8ff41A94286F0B16198e)): Error: read ECONNRESET
[2024-01-18T01:04:08.041] [ERROR] default - Error: read ECONNRESET
    at TCP.onStreamRead (node:internal/stream_base_commons:217:20) {
  errno: -104,
  code: 'ECONNRESET',
  syscall: 'read'
}
[2024-01-18T01:04:08.041] [ERROR] default - Error (getReserves(0x97B4f2797cC903D76F9b8ff41A94286F0B16198e)): Error: read ECONNRESET
[2024-01-18T01:04:08.041] [ERROR] default - Error: read ECONNRESET
    at TCP.onStreamRead (node:internal/stream_base_commons:217:20) {
  errno: -104,
  code: 'ECONNRESET',
  syscall: 'read'
}
[2024-01-18T01:04:08.042] [ERROR] default - Error (getReserves(0x853Ee4b2A13f8a742d64C8F088bE7bA2131f670d)): Error: read ECONNRESET
[2024-01-18T01:04:08.043] [ERROR] default - Error: read ECONNRESET
    at TCP.onStreamRead (node:internal/stream_base_commons:217:20) {
  errno: -104,
  code: 'ECONNRESET',
  syscall: 'read'
}
[2024-01-18T01:04:08.044] [ERROR] default - Error (getReserves(0x853Ee4b2A13f8a742d64C8F088bE7bA2131f670d)): Error: read ECONNRESET
[2024-01-18T01:04:08.044] [ERROR] default - Error: read ECONNRESET
    at TCP.onStreamRead (node:internal/stream_base_commons:217:20) {
  errno: -104,
  code: 'ECONNRESET',
  syscall: 'read'
}
[2024-01-18T01:04:08.044] [ERROR] default - Error (getReserves(0x65D43B64E3B31965Cd5EA367D4c2b94c03084797)): Error: read ECONNRESET
[2024-01-18T01:04:08.045] [ERROR] default - Error: read ECONNRESET
    at TCP.onStreamRead (node:internal/stream_base_commons:217:20) {
  errno: -104,
  code: 'ECONNRESET',
  syscall: 'read'
}
[2024-01-18T01:04:08.045] [ERROR] default - Error (getReserves(0x65D43B64E3B31965Cd5EA367D4c2b94c03084797)): Error: read ECONNRESET
[2024-01-18T01:04:08.045] [ERROR] default - Error: read ECONNRESET
    at TCP.onStreamRead (node:internal/stream_base_commons:217:20) {
  errno: -104,
  code: 'ECONNRESET',
  syscall: 'read'
}
[2024-01-18T01:04:08.046] [ERROR] default - Error (getReserves(0xd32f3139A214034A0f9777c87eE0a064c1FF6AE2)): Error: read ECONNRESET
[2024-01-18T01:04:08.046] [ERROR] default - Error: read ECONNRESET
    at TCP.onStreamRead (node:internal/stream_base_commons:217:20) {
  errno: -104,
  code: 'ECONNRESET',
  syscall: 'read'
}
[2024-01-18T01:04:08.046] [ERROR] default - Error (getReserves(0xd32f3139A214034A0f9777c87eE0a064c1FF6AE2)): Error: read ECONNRESET
[2024-01-18T01:04:08.046] [ERROR] default - Error: read ECONNRESET
    at TCP.onStreamRead (node:internal/stream_base_commons:217:20) {
  errno: -104,
  code: 'ECONNRESET',
  syscall: 'read'
}
[2024-01-18T01:04:08.046] [ERROR] default - Error (getReserves(0xd32f3139A214034A0f9777c87eE0a064c1FF6AE2)): Error: read ECONNRESET
[2024-01-18T01:04:08.047] [ERROR] default - Error: read ECONNRESET
    at TCP.onStreamRead (node:internal/stream_base_commons:217:20) {
  errno: -104,
  code: 'ECONNRESET',
  syscall: 'read'
}
[2024-01-18T01:04:08.047] [ERROR] default - Error (getReserves(0xd32f3139A214034A0f9777c87eE0a064c1FF6AE2)): Error: read ECONNRESET
[2024-01-18T01:04:08.047] [ERROR] default - Error: read ECONNRESET
    at TCP.onStreamRead (node:internal/stream_base_commons:217:20) {
  errno: -104,
  code: 'ECONNRESET',
  syscall: 'read'
}
[2024-01-18T01:04:08.047] [ERROR] default - Error (getReserves(0xd32f3139A214034A0f9777c87eE0a064c1FF6AE2)): Error: read ECONNRESET
[2024-01-18T01:04:08.047] [ERROR] default - Error: read ECONNRESET
    at TCP.onStreamRead (node:internal/stream_base_commons:217:20) {
  errno: -104,
  code: 'ECONNRESET',
  syscall: 'read'
}
[2024-01-18T01:04:08.048] [ERROR] default - Error (getReserves(0xd32f3139A214034A0f9777c87eE0a064c1FF6AE2)): Error: read ECONNRESET
[2024-01-18T01:04:08.048] [ERROR] default - Error: read ECONNRESET
    at TCP.onStreamRead (node:internal/stream_base_commons:217:20) {
  errno: -104,
  code: 'ECONNRESET',
  syscall: 'read'
}
[2024-01-18T01:04:08.048] [ERROR] default - Error (getReserves(0x9cE65ae286e74f1268D19aB9b25f102C25DbDCb4)): Error: read ECONNRESET
[2024-01-18T01:04:08.048] [ERROR] default - Error: read ECONNRESET
    at TCP.onStreamRead (node:internal/stream_base_commons:217:20) {
  errno: -104,
  code: 'ECONNRESET',
  syscall: 'read'
}
[2024-01-18T01:04:08.049] [ERROR] default - Error (getReserves(0x9cE65ae286e74f1268D19aB9b25f102C25DbDCb4)): Error: read ECONNRESET
[2024-01-18T01:04:08.049] [ERROR] default - Error: read ECONNRESET
    at TCP.onStreamRead (node:internal/stream_base_commons:217:20) {
  errno: -104,
  code: 'ECONNRESET',
  syscall: 'read'
}
[2024-01-18T01:04:08.053] [ERROR] default - Error (getReserves(0xd32f3139A214034A0f9777c87eE0a064c1FF6AE2)): Error: read ECONNRESET
[2024-01-18T01:04:08.054] [ERROR] default - Error: read ECONNRESET
    at TCP.onStreamRead (node:internal/stream_base_commons:217:20) {
  errno: -104,
  code: 'ECONNRESET',
  syscall: 'read'
}
[2024-01-18T01:04:08.055] [ERROR] default - Error (getReserves(0xd32f3139A214034A0f9777c87eE0a064c1FF6AE2)): Error: read ECONNRESET
[2024-01-18T01:04:08.055] [ERROR] default - Error: read ECONNRESET
    at TCP.onStreamRead (node:internal/stream_base_commons:217:20) {
  errno: -104,
  code: 'ECONNRESET',
  syscall: 'read'
}
[2024-01-18T01:04:08.056] [ERROR] default - Error (getReserves(0xC8174d091c288FF78De98303c2973140Cbcf3B23)): Error: read ECONNRESET
[2024-01-18T01:04:08.056] [ERROR] default - Error: read ECONNRESET
    at TCP.onStreamRead (node:internal/stream_base_commons:217:20) {
  errno: -104,
  code: 'ECONNRESET',
  syscall: 'read'
}
[2024-01-18T01:04:08.057] [ERROR] default - Error (getReserves(0xC8174d091c288FF78De98303c2973140Cbcf3B23)): Error: read ECONNRESET
[2024-01-18T01:04:08.057] [ERROR] default - Error: read ECONNRESET
    at TCP.onStreamRead (node:internal/stream_base_commons:217:20) {
  errno: -104,
  code: 'ECONNRESET',
  syscall: 'read'
}
[2024-01-18T01:04:08.058] [ERROR] default - Error (getReserves(0x101640e107C4a72DeC79826768C239F1eB48cc85)): Error: read ECONNRESET
[2024-01-18T01:04:08.058] [ERROR] default - Error: read ECONNRESET
    at TCP.onStreamRead (node:internal/stream_base_commons:217:20) {
  errno: -104,
  code: 'ECONNRESET',
  syscall: 'read'
}
[2024-01-18T01:04:08.059] [ERROR] default - Error (getReserves(0x101640e107C4a72DeC79826768C239F1eB48cc85)): Error: read ECONNRESET
[2024-01-18T01:04:08.059] [ERROR] default - Error: read ECONNRESET
    at TCP.onStreamRead (node:internal/stream_base_commons:217:20) {
  errno: -104,
  code: 'ECONNRESET',
  syscall: 'read'
}
[2024-01-18T01:04:08.059] [ERROR] default - Error (getReserves(0x101640e107C4a72DeC79826768C239F1eB48cc85)): Error: read ECONNRESET
[2024-01-18T01:04:08.060] [ERROR] default - Error: read ECONNRESET
    at TCP.onStreamRead (node:internal/stream_base_commons:217:20) {
  errno: -104,
  code: 'ECONNRESET',
  syscall: 'read'
}
[2024-01-18T01:04:08.060] [ERROR] default - Error (getReserves(0x101640e107C4a72DeC79826768C239F1eB48cc85)): Error: read ECONNRESET
[2024-01-18T01:04:08.060] [ERROR] default - Error: read ECONNRESET
    at TCP.onStreamRead (node:internal/stream_base_commons:217:20) {
  errno: -104,
  code: 'ECONNRESET',
  syscall: 'read'
}
[2024-01-18T01:04:08.061] [ERROR] default - Error (getReserves(0xb965c131f1C48d89B1760860b782D2aCDF87273b)): Error: read ECONNRESET
[2024-01-18T01:04:08.061] [ERROR] default - Error: read ECONNRESET
    at TCP.onStreamRead (node:internal/stream_base_commons:217:20) {
  errno: -104,
  code: 'ECONNRESET',
  syscall: 'read'
}
[2024-01-18T01:04:08.061] [ERROR] default - Error (getReserves(0xb965c131f1C48d89B1760860b782D2aCDF87273b)): Error: read ECONNRESET
[2024-01-18T01:04:08.061] [ERROR] default - Error: read ECONNRESET
    at TCP.onStreamRead (node:internal/stream_base_commons:217:20) {
  errno: -104,
  code: 'ECONNRESET',
  syscall: 'read'
}
[2024-01-18T01:04:08.062] [ERROR] default - Error (getReserves(0xb965c131f1C48d89B1760860b782D2aCDF87273b)): Error: read ECONNRESET
[2024-01-18T01:04:08.062] [ERROR] default - Error: read ECONNRESET
    at TCP.onStreamRead (node:internal/stream_base_commons:217:20) {
  errno: -104,
  code: 'ECONNRESET',
  syscall: 'read'
}
[2024-01-18T01:04:08.062] [ERROR] default - Error (getReserves(0xb965c131f1C48d89B1760860b782D2aCDF87273b)): Error: read ECONNRESET
[2024-01-18T01:04:08.062] [ERROR] default - Error: read ECONNRESET
    at TCP.onStreamRead (node:internal/stream_base_commons:217:20) {
  errno: -104,
  code: 'ECONNRESET',
  syscall: 'read'
}
[2024-01-18T01:04:08.063] [ERROR] default - Error (getReserves(0xb965c131f1C48d89B1760860b782D2aCDF87273b)): Error: read ECONNRESET
[2024-01-18T01:04:08.063] [ERROR] default - Error: read ECONNRESET
    at TCP.onStreamRead (node:internal/stream_base_commons:217:20) {
  errno: -104,
  code: 'ECONNRESET',
  syscall: 'read'
}
[2024-01-18T01:04:08.063] [ERROR] default - Error (getReserves(0xb965c131f1C48d89B1760860b782D2aCDF87273b)): Error: read ECONNRESET
[2024-01-18T01:04:08.064] [ERROR] default - Error: read ECONNRESET
    at TCP.onStreamRead (node:internal/stream_base_commons:217:20) {
  errno: -104,
  code: 'ECONNRESET',
  syscall: 'read'
}
[2024-01-18T01:04:08.064] [ERROR] default - Error (getReserves(0xC8174d091c288FF78De98303c2973140Cbcf3B23)): Error: read ECONNRESET
[2024-01-18T01:04:08.064] [ERROR] default - Error: read ECONNRESET
    at TCP.onStreamRead (node:internal/stream_base_commons:217:20) {
  errno: -104,
  code: 'ECONNRESET',
  syscall: 'read'
}
[2024-01-18T01:04:08.064] [ERROR] default - Error (getReserves(0xC8174d091c288FF78De98303c2973140Cbcf3B23)): Error: read ECONNRESET
[2024-01-18T01:04:08.065] [ERROR] default - Error: read ECONNRESET
    at TCP.onStreamRead (node:internal/stream_base_commons:217:20) {
  errno: -104,
  code: 'ECONNRESET',
  syscall: 'read'
}
[2024-01-18T01:04:08.065] [ERROR] default - Error (getReserves(0xC8174d091c288FF78De98303c2973140Cbcf3B23)): Error: read ECONNRESET
[2024-01-18T01:04:08.065] [ERROR] default - Error: read ECONNRESET
    at TCP.onStreamRead (node:internal/stream_base_commons:217:20) {
  errno: -104,
  code: 'ECONNRESET',
  syscall: 'read'
}
[2024-01-18T01:04:08.066] [ERROR] default - Error (getReserves(0xC8174d091c288FF78De98303c2973140Cbcf3B23)): Error: read ECONNRESET
[2024-01-18T01:04:08.066] [ERROR] default - Error: read ECONNRESET
    at TCP.onStreamRead (node:internal/stream_base_commons:217:20) {
  errno: -104,
  code: 'ECONNRESET',
  syscall: 'read'
}
[2024-01-18T01:04:08.067] [ERROR] default - Error (getReserves(0x101640e107C4a72DeC79826768C239F1eB48cc85)): Error: read ECONNRESET
[2024-01-18T01:04:08.068] [ERROR] default - Error: read ECONNRESET
    at TCP.onStreamRead (node:internal/stream_base_commons:217:20) {
  errno: -104,
  code: 'ECONNRESET',
  syscall: 'read'
}
[2024-01-18T01:04:08.069] [ERROR] default - Error (getReserves(0x101640e107C4a72DeC79826768C239F1eB48cc85)): Error: read ECONNRESET
[2024-01-18T01:04:08.069] [ERROR] default - Error: read ECONNRESET
    at TCP.onStreamRead (node:internal/stream_base_commons:217:20) {
  errno: -104,
  code: 'ECONNRESET',
  syscall: 'read'
}
[2024-01-18T01:04:08.069] [ERROR] default - Error (getReserves(0xA2937659873ef52Da71a399e4079EBb2a7e5fFF6)): Error: read ECONNRESET
[2024-01-18T01:04:08.069] [ERROR] default - Error: read ECONNRESET
    at TCP.onStreamRead (node:internal/stream_base_commons:217:20) {
  errno: -104,
  code: 'ECONNRESET',
  syscall: 'read'
}
[2024-01-18T01:04:08.070] [ERROR] default - Error (getReserves(0xA2937659873ef52Da71a399e4079EBb2a7e5fFF6)): Error: read ECONNRESET
[2024-01-18T01:04:08.070] [ERROR] default - Error: read ECONNRESET
    at TCP.onStreamRead (node:internal/stream_base_commons:217:20) {
  errno: -104,
  code: 'ECONNRESET',
  syscall: 'read'
}
[2024-01-18T01:04:08.071] [ERROR] default - Error (getReserves(0x101640e107C4a72DeC79826768C239F1eB48cc85)): Error: read ECONNRESET
[2024-01-18T01:04:08.071] [ERROR] default - Error: read ECONNRESET
    at TCP.onStreamRead (node:internal/stream_base_commons:217:20) {
  errno: -104,
  code: 'ECONNRESET',
  syscall: 'read'
}
[2024-01-18T01:04:08.071] [ERROR] default - Error (getReserves(0x101640e107C4a72DeC79826768C239F1eB48cc85)): Error: read ECONNRESET
[2024-01-18T01:04:08.071] [ERROR] default - Error: read ECONNRESET
    at TCP.onStreamRead (node:internal/stream_base_commons:217:20) {
  errno: -104,
  code: 'ECONNRESET',
  syscall: 'read'
}
[2024-01-18T01:04:08.071] [ERROR] default - Error (getReserves(0xA2937659873ef52Da71a399e4079EBb2a7e5fFF6)): Error: read ECONNRESET
[2024-01-18T01:04:08.072] [ERROR] default - Error: read ECONNRESET
    at TCP.onStreamRead (node:internal/stream_base_commons:217:20) {
  errno: -104,
  code: 'ECONNRESET',
  syscall: 'read'
}
[2024-01-18T01:04:08.072] [ERROR] default - Error (getReserves(0xA2937659873ef52Da71a399e4079EBb2a7e5fFF6)): Error: read ECONNRESET
[2024-01-18T01:04:08.072] [ERROR] default - Error: read ECONNRESET
    at TCP.onStreamRead (node:internal/stream_base_commons:217:20) {
  errno: -104,
  code: 'ECONNRESET',
  syscall: 'read'
}
[2024-01-18T01:04:08.072] [ERROR] default - Error (getReserves(0xd32f3139A214034A0f9777c87eE0a064c1FF6AE2)): Error: read ECONNRESET
[2024-01-18T01:04:08.072] [ERROR] default - Error: read ECONNRESET
    at TCP.onStreamRead (node:internal/stream_base_commons:217:20) {
  errno: -104,
  code: 'ECONNRESET',
  syscall: 'read'
}
[2024-01-18T01:04:08.072] [ERROR] default - Error (getReserves(0xd32f3139A214034A0f9777c87eE0a064c1FF6AE2)): Error: read ECONNRESET
[2024-01-18T01:04:08.072] [ERROR] default - Error: read ECONNRESET
    at TCP.onStreamRead (node:internal/stream_base_commons:217:20) {
  errno: -104,
  code: 'ECONNRESET',
  syscall: 'read'
}
[2024-01-18T01:04:08.073] [ERROR] default - Error (getReserves(0x97B4f2797cC903D76F9b8ff41A94286F0B16198e)): Error: read ECONNRESET
[2024-01-18T01:04:08.073] [ERROR] default - Error: read ECONNRESET
    at TCP.onStreamRead (node:internal/stream_base_commons:217:20) {
  errno: -104,
  code: 'ECONNRESET',
  syscall: 'read'
}
[2024-01-18T01:04:08.073] [ERROR] default - Error (getReserves(0x97B4f2797cC903D76F9b8ff41A94286F0B16198e)): Error: read ECONNRESET
[2024-01-18T01:04:08.073] [ERROR] default - Error: read ECONNRESET
    at TCP.onStreamRead (node:internal/stream_base_commons:217:20) {
  errno: -104,
  code: 'ECONNRESET',
  syscall: 'read'
}
[2024-01-18T01:04:08.074] [ERROR] default - Error (getReserves(0x853Ee4b2A13f8a742d64C8F088bE7bA2131f670d)): Error: read ECONNRESET
[2024-01-18T01:04:08.074] [ERROR] default - Error: read ECONNRESET
    at TCP.onStreamRead (node:internal/stream_base_commons:217:20) {
  errno: -104,
  code: 'ECONNRESET',
  syscall: 'read'
}
[2024-01-18T01:04:08.074] [ERROR] default - Error (getReserves(0x853Ee4b2A13f8a742d64C8F088bE7bA2131f670d)): Error: read ECONNRESET
[2024-01-18T01:04:08.074] [ERROR] default - Error: read ECONNRESET
    at TCP.onStreamRead (node:internal/stream_base_commons:217:20) {
  errno: -104,
  code: 'ECONNRESET',
  syscall: 'read'
}
[2024-01-18T01:04:08.257] [INFO] default - New block received: Block # 51501538
[2024-01-18T01:04:11.974] [ERROR] default - PROVIDER ERROR: Error: Reserves is undefined
    at new Prices (/mnt/c/code/polybotv3/scripts/v2/modules/prices.ts:15:10)
    at control (/mnt/c/code/polybotv3/scripts/v2/control.ts:44:16)
    at processTicksAndRejections (node:internal/process/task_queues:95:5)
    at async /mnt/c/code/polybotv3/index.ts:44:5
    at async Promise.all (index 0)
    at async JsonRpcProvider.<anonymous> (/mnt/c/code/polybotv3/index.ts:43:4)
[2024-01-18T01:04:11.978] [ERROR] default - PROVIDER ERROR: Error: Reserves is undefined
    at new Prices (/mnt/c/code/polybotv3/scripts/v2/modules/prices.ts:15:10)
    at control (/mnt/c/code/polybotv3/scripts/v2/control.ts:44:16)
    at processTicksAndRejections (node:internal/process/task_queues:95:5)
    at async /mnt/c/code/polybotv3/index.ts:44:5
    at async Promise.all (index 0)
    at async JsonRpcProvider.<anonymous> (/mnt/c/code/polybotv3/index.ts:43:4)
[2024-01-18T01:04:14.906] [INFO] default - New block received: Block # 51501539
[2024-01-18T01:04:14.911] [INFO] default - New block received: Block # 51501540
[2024-01-18T01:04:18.632] [ERROR] default - PROVIDER ERROR: Error: Invalid argument
    at pu (/mnt/c/code/polybotv3/scripts/modules/convertBN.ts:20:15)
    at AmountConverter.tradeToPrice (/mnt/c/code/polybotv3/scripts/v2/modules/amountConverter.ts:42:25)
    at processTicksAndRejections (node:internal/process/task_queues:95:5)
    at async Trade.getSize (/mnt/c/code/polybotv3/scripts/v2/getTrade.ts:69:19)
    at async Trade.getTrade (/mnt/c/code/polybotv3/scripts/v2/getTrade.ts:85:65)
    at async control (/mnt/c/code/polybotv3/scripts/v2/control.ts:47:19)
    at async /mnt/c/code/polybotv3/index.ts:44:5
    at async Promise.all (index 0)
    at async JsonRpcProvider.<anonymous> (/mnt/c/code/polybotv3/index.ts:43:4)
[2024-01-18T01:04:30.021] [ERROR] default - PROVIDER ERROR: Error: Invalid argument
    at pu (/mnt/c/code/polybotv3/scripts/modules/convertBN.ts:20:15)
    at AmountConverter.tradeToPrice (/mnt/c/code/polybotv3/scripts/v2/modules/amountConverter.ts:42:25)
    at processTicksAndRejections (node:internal/process/task_queues:95:5)
    at async Trade.getSize (/mnt/c/code/polybotv3/scripts/v2/getTrade.ts:69:19)
    at async Trade.getTrade (/mnt/c/code/polybotv3/scripts/v2/getTrade.ts:85:65)
    at async control (/mnt/c/code/polybotv3/scripts/v2/control.ts:47:19)
    at async /mnt/c/code/polybotv3/index.ts:44:5
    at async Promise.all (index 0)
    at async JsonRpcProvider.<anonymous> (/mnt/c/code/polybotv3/index.ts:43:4)
[2024-01-18T01:04:30.023] [ERROR] default - PROVIDER ERROR: Error: Invalid argument
    at pu (/mnt/c/code/polybotv3/scripts/modules/convertBN.ts:20:15)
    at AmountConverter.tradeToPrice (/mnt/c/code/polybotv3/scripts/v2/modules/amountConverter.ts:42:25)
    at processTicksAndRejections (node:internal/process/task_queues:95:5)
    at async Trade.getSize (/mnt/c/code/polybotv3/scripts/v2/getTrade.ts:69:19)
    at async Trade.getTrade (/mnt/c/code/polybotv3/scripts/v2/getTrade.ts:85:65)
    at async control (/mnt/c/code/polybotv3/scripts/v2/control.ts:47:19)
    at async /mnt/c/code/polybotv3/index.ts:44:5
    at async Promise.all (index 0)
    at async JsonRpcProvider.<anonymous> (/mnt/c/code/polybotv3/index.ts:43:4)
[2024-01-18T01:04:30.026] [INFO] default - New block received: Block # 51501541
[2024-01-18T01:04:30.030] [INFO] default - New block received: Block # 51501542
[2024-01-18T01:04:30.034] [INFO] default - New block received: Block # 51501543
[2024-01-18T01:04:36.748] [ERROR] default - Error (getReserves(0x65D43B64E3B31965Cd5EA367D4c2b94c03084797)): Error: read ECONNRESET
[2024-01-18T01:04:36.749] [ERROR] default - Error: read ECONNRESET
    at TCP.onStreamRead (node:internal/stream_base_commons:217:20) {
  errno: -104,
  code: 'ECONNRESET',
  syscall: 'read'
}
[2024-01-18T01:04:36.751] [ERROR] default - Error (getReserves(0x65D43B64E3B31965Cd5EA367D4c2b94c03084797)): Error: read ECONNRESET
[2024-01-18T01:04:36.753] [ERROR] default - Error: read ECONNRESET
    at TCP.onStreamRead (node:internal/stream_base_commons:217:20) {
  errno: -104,
  code: 'ECONNRESET',
  syscall: 'read'
}
[2024-01-18T01:04:36.754] [ERROR] default - Error (getReserves(0xd32f3139A214034A0f9777c87eE0a064c1FF6AE2)): Error: read ECONNRESET
[2024-01-18T01:04:36.754] [ERROR] default - Error: read ECONNRESET
    at TCP.onStreamRead (node:internal/stream_base_commons:217:20) {
  errno: -104,
  code: 'ECONNRESET',
  syscall: 'read'
}
[2024-01-18T01:04:36.755] [ERROR] default - Error (getReserves(0xd32f3139A214034A0f9777c87eE0a064c1FF6AE2)): Error: read ECONNRESET
[2024-01-18T01:04:36.755] [ERROR] default - Error: read ECONNRESET
    at TCP.onStreamRead (node:internal/stream_base_commons:217:20) {
  errno: -104,
  code: 'ECONNRESET',
  syscall: 'read'
}
[2024-01-18T01:04:36.755] [ERROR] default - Error (getReserves(0xd32f3139A214034A0f9777c87eE0a064c1FF6AE2)): Error: read ECONNRESET
[2024-01-18T01:04:36.756] [ERROR] default - Error: read ECONNRESET
    at TCP.onStreamRead (node:internal/stream_base_commons:217:20) {
  errno: -104,
  code: 'ECONNRESET',
  syscall: 'read'
}
[2024-01-18T01:04:36.756] [ERROR] default - Error (getReserves(0xd32f3139A214034A0f9777c87eE0a064c1FF6AE2)): Error: read ECONNRESET
[2024-01-18T01:04:36.756] [ERROR] default - Error: read ECONNRESET
    at TCP.onStreamRead (node:internal/stream_base_commons:217:20) {
  errno: -104,
  code: 'ECONNRESET',
  syscall: 'read'
}
[2024-01-18T01:04:36.757] [ERROR] default - Error (getReserves(0xd32f3139A214034A0f9777c87eE0a064c1FF6AE2)): Error: read ECONNRESET
[2024-01-18T01:04:36.757] [ERROR] default - Error: read ECONNRESET
    at TCP.onStreamRead (node:internal/stream_base_commons:217:20) {
  errno: -104,
  code: 'ECONNRESET',
  syscall: 'read'
}
[2024-01-18T01:04:36.757] [ERROR] default - Error (getReserves(0xd32f3139A214034A0f9777c87eE0a064c1FF6AE2)): Error: read ECONNRESET
[2024-01-18T01:04:36.757] [ERROR] default - Error: read ECONNRESET
    at TCP.onStreamRead (node:internal/stream_base_commons:217:20) {
  errno: -104,
  code: 'ECONNRESET',
  syscall: 'read'
}
[2024-01-18T01:04:36.758] [ERROR] default - Error (getReserves(0x9cE65ae286e74f1268D19aB9b25f102C25DbDCb4)): Error: read ECONNRESET
[2024-01-18T01:04:36.758] [ERROR] default - Error: read ECONNRESET
    at TCP.onStreamRead (node:internal/stream_base_commons:217:20) {
  errno: -104,
  code: 'ECONNRESET',
  syscall: 'read'
}
[2024-01-18T01:04:36.759] [ERROR] default - Error (getReserves(0x9cE65ae286e74f1268D19aB9b25f102C25DbDCb4)): Error: read ECONNRESET
[2024-01-18T01:04:36.759] [ERROR] default - Error: read ECONNRESET
    at TCP.onStreamRead (node:internal/stream_base_commons:217:20) {
  errno: -104,
  code: 'ECONNRESET',
  syscall: 'read'
}
[2024-01-18T01:04:36.759] [ERROR] default - Error (getReserves(0xd32f3139A214034A0f9777c87eE0a064c1FF6AE2)): Error: read ECONNRESET
[2024-01-18T01:04:36.759] [ERROR] default - Error: read ECONNRESET
    at TCP.onStreamRead (node:internal/stream_base_commons:217:20) {
  errno: -104,
  code: 'ECONNRESET',
  syscall: 'read'
}
[2024-01-18T01:04:36.760] [ERROR] default - Error (getReserves(0xd32f3139A214034A0f9777c87eE0a064c1FF6AE2)): Error: read ECONNRESET
[2024-01-18T01:04:36.760] [ERROR] default - Error: read ECONNRESET
    at TCP.onStreamRead (node:internal/stream_base_commons:217:20) {
  errno: -104,
  code: 'ECONNRESET',
  syscall: 'read'
}
[2024-01-18T01:04:36.760] [ERROR] default - Error (getReserves(0xC8174d091c288FF78De98303c2973140Cbcf3B23)): Error: read ECONNRESET
[2024-01-18T01:04:36.760] [ERROR] default - Error: read ECONNRESET
    at TCP.onStreamRead (node:internal/stream_base_commons:217:20) {
  errno: -104,
  code: 'ECONNRESET',
  syscall: 'read'
}
[2024-01-18T01:04:36.760] [ERROR] default - Error (getReserves(0xC8174d091c288FF78De98303c2973140Cbcf3B23)): Error: read ECONNRESET
[2024-01-18T01:04:36.761] [ERROR] default - Error: read ECONNRESET
    at TCP.onStreamRead (node:internal/stream_base_commons:217:20) {
  errno: -104,
  code: 'ECONNRESET',
  syscall: 'read'
}
[2024-01-18T01:04:36.761] [ERROR] default - Error (getReserves(0x101640e107C4a72DeC79826768C239F1eB48cc85)): Error: read ECONNRESET
[2024-01-18T01:04:36.761] [ERROR] default - Error: read ECONNRESET
    at TCP.onStreamRead (node:internal/stream_base_commons:217:20) {
  errno: -104,
  code: 'ECONNRESET',
  syscall: 'read'
}
[2024-01-18T01:04:36.761] [ERROR] default - Error (getReserves(0x101640e107C4a72DeC79826768C239F1eB48cc85)): Error: read ECONNRESET
[2024-01-18T01:04:36.762] [ERROR] default - Error: read ECONNRESET
    at TCP.onStreamRead (node:internal/stream_base_commons:217:20) {
  errno: -104,
  code: 'ECONNRESET',
  syscall: 'read'
}
[2024-01-18T01:04:36.762] [ERROR] default - Error (getReserves(0x101640e107C4a72DeC79826768C239F1eB48cc85)): Error: read ECONNRESET
[2024-01-18T01:04:36.762] [ERROR] default - Error: read ECONNRESET
    at TCP.onStreamRead (node:internal/stream_base_commons:217:20) {
  errno: -104,
  code: 'ECONNRESET',
  syscall: 'read'
}
[2024-01-18T01:04:36.762] [ERROR] default - Error (getReserves(0x101640e107C4a72DeC79826768C239F1eB48cc85)): Error: read ECONNRESET
[2024-01-18T01:04:36.762] [ERROR] default - Error: read ECONNRESET
    at TCP.onStreamRead (node:internal/stream_base_commons:217:20) {
  errno: -104,
  code: 'ECONNRESET',
  syscall: 'read'
}
[2024-01-18T01:04:36.763] [ERROR] default - Error (getReserves(0xb965c131f1C48d89B1760860b782D2aCDF87273b)): Error: read ECONNRESET
[2024-01-18T01:04:36.763] [ERROR] default - Error: read ECONNRESET
    at TCP.onStreamRead (node:internal/stream_base_commons:217:20) {
  errno: -104,
  code: 'ECONNRESET',
  syscall: 'read'
}
[2024-01-18T01:04:36.763] [ERROR] default - Error (getReserves(0xb965c131f1C48d89B1760860b782D2aCDF87273b)): Error: read ECONNRESET
[2024-01-18T01:04:36.763] [ERROR] default - Error: read ECONNRESET
    at TCP.onStreamRead (node:internal/stream_base_commons:217:20) {
  errno: -104,
  code: 'ECONNRESET',
  syscall: 'read'
}
[2024-01-18T01:04:36.764] [ERROR] default - Error (getReserves(0xb965c131f1C48d89B1760860b782D2aCDF87273b)): Error: read ECONNRESET
[2024-01-18T01:04:36.764] [ERROR] default - Error: read ECONNRESET
    at TCP.onStreamRead (node:internal/stream_base_commons:217:20) {
  errno: -104,
  code: 'ECONNRESET',
  syscall: 'read'
}
[2024-01-18T01:04:36.764] [ERROR] default - Error (getReserves(0xb965c131f1C48d89B1760860b782D2aCDF87273b)): Error: read ECONNRESET
[2024-01-18T01:04:36.764] [ERROR] default - Error: read ECONNRESET
    at TCP.onStreamRead (node:internal/stream_base_commons:217:20) {
  errno: -104,
  code: 'ECONNRESET',
  syscall: 'read'
}
[2024-01-18T01:04:36.765] [ERROR] default - Error (getReserves(0xb965c131f1C48d89B1760860b782D2aCDF87273b)): Error: read ECONNRESET
[2024-01-18T01:04:36.765] [ERROR] default - Error: read ECONNRESET
    at TCP.onStreamRead (node:internal/stream_base_commons:217:20) {
  errno: -104,
  code: 'ECONNRESET',
  syscall: 'read'
}
[2024-01-18T01:04:36.765] [ERROR] default - Error (getReserves(0xb965c131f1C48d89B1760860b782D2aCDF87273b)): Error: read ECONNRESET
[2024-01-18T01:04:36.765] [ERROR] default - Error: read ECONNRESET
    at TCP.onStreamRead (node:internal/stream_base_commons:217:20) {
  errno: -104,
  code: 'ECONNRESET',
  syscall: 'read'
}
[2024-01-18T01:04:36.772] [ERROR] default - Error (getReserves(0xC8174d091c288FF78De98303c2973140Cbcf3B23)): Error: read ECONNRESET
[2024-01-18T01:04:36.776] [ERROR] default - Error: read ECONNRESET
    at TCP.onStreamRead (node:internal/stream_base_commons:217:20) {
  errno: -104,
  code: 'ECONNRESET',
  syscall: 'read'
}
[2024-01-18T01:04:36.778] [ERROR] default - Error (getReserves(0xC8174d091c288FF78De98303c2973140Cbcf3B23)): Error: read ECONNRESET
[2024-01-18T01:04:36.780] [ERROR] default - Error: read ECONNRESET
    at TCP.onStreamRead (node:internal/stream_base_commons:217:20) {
  errno: -104,
  code: 'ECONNRESET',
  syscall: 'read'
}
[2024-01-18T01:04:36.782] [ERROR] default - Error (getReserves(0xC8174d091c288FF78De98303c2973140Cbcf3B23)): Error: read ECONNRESET
[2024-01-18T01:04:36.783] [ERROR] default - Error: read ECONNRESET
    at TCP.onStreamRead (node:internal/stream_base_commons:217:20) {
  errno: -104,
  code: 'ECONNRESET',
  syscall: 'read'
}
[2024-01-18T01:04:36.784] [ERROR] default - Error (getReserves(0xC8174d091c288FF78De98303c2973140Cbcf3B23)): Error: read ECONNRESET
[2024-01-18T01:04:36.785] [ERROR] default - Error: read ECONNRESET
    at TCP.onStreamRead (node:internal/stream_base_commons:217:20) {
  errno: -104,
  code: 'ECONNRESET',
  syscall: 'read'
}
[2024-01-18T01:04:36.785] [ERROR] default - Error (getReserves(0x101640e107C4a72DeC79826768C239F1eB48cc85)): Error: read ECONNRESET
[2024-01-18T01:04:36.786] [ERROR] default - Error: read ECONNRESET
    at TCP.onStreamRead (node:internal/stream_base_commons:217:20) {
  errno: -104,
  code: 'ECONNRESET',
  syscall: 'read'
}
[2024-01-18T01:04:36.798] [ERROR] default - Error (getReserves(0x101640e107C4a72DeC79826768C239F1eB48cc85)): Error: read ECONNRESET
[2024-01-18T01:04:36.798] [ERROR] default - Error: read ECONNRESET
    at TCP.onStreamRead (node:internal/stream_base_commons:217:20) {
  errno: -104,
  code: 'ECONNRESET',
  syscall: 'read'
}
[2024-01-18T01:04:36.798] [ERROR] default - Error (getReserves(0xA2937659873ef52Da71a399e4079EBb2a7e5fFF6)): Error: read ECONNRESET
[2024-01-18T01:04:36.798] [ERROR] default - Error: read ECONNRESET
    at TCP.onStreamRead (node:internal/stream_base_commons:217:20) {
  errno: -104,
  code: 'ECONNRESET',
  syscall: 'read'
}
[2024-01-18T01:04:36.799] [ERROR] default - Error (getReserves(0xA2937659873ef52Da71a399e4079EBb2a7e5fFF6)): Error: read ECONNRESET
[2024-01-18T01:04:36.799] [ERROR] default - Error: read ECONNRESET
    at TCP.onStreamRead (node:internal/stream_base_commons:217:20) {
  errno: -104,
  code: 'ECONNRESET',
  syscall: 'read'
}
[2024-01-18T01:04:36.799] [ERROR] default - Error (getReserves(0x101640e107C4a72DeC79826768C239F1eB48cc85)): Error: read ECONNRESET
[2024-01-18T01:04:36.799] [ERROR] default - Error: read ECONNRESET
    at TCP.onStreamRead (node:internal/stream_base_commons:217:20) {
  errno: -104,
  code: 'ECONNRESET',
  syscall: 'read'
}
[2024-01-18T01:04:36.799] [ERROR] default - Error (getReserves(0x101640e107C4a72DeC79826768C239F1eB48cc85)): Error: read ECONNRESET
[2024-01-18T01:04:36.800] [ERROR] default - Error: read ECONNRESET
    at TCP.onStreamRead (node:internal/stream_base_commons:217:20) {
  errno: -104,
  code: 'ECONNRESET',
  syscall: 'read'
}
[2024-01-18T01:04:36.800] [ERROR] default - Error (getReserves(0xA2937659873ef52Da71a399e4079EBb2a7e5fFF6)): Error: read ECONNRESET
[2024-01-18T01:04:36.801] [ERROR] default - Error: read ECONNRESET
    at TCP.onStreamRead (node:internal/stream_base_commons:217:20) {
  errno: -104,
  code: 'ECONNRESET',
  syscall: 'read'
}
[2024-01-18T01:04:36.801] [ERROR] default - Error (getReserves(0xA2937659873ef52Da71a399e4079EBb2a7e5fFF6)): Error: read ECONNRESET
[2024-01-18T01:04:36.802] [ERROR] default - Error: read ECONNRESET
    at TCP.onStreamRead (node:internal/stream_base_commons:217:20) {
  errno: -104,
  code: 'ECONNRESET',
  syscall: 'read'
}
[2024-01-18T01:04:36.802] [ERROR] default - Error (getReserves(0xd32f3139A214034A0f9777c87eE0a064c1FF6AE2)): Error: read ECONNRESET
[2024-01-18T01:04:36.803] [ERROR] default - Error: read ECONNRESET
    at TCP.onStreamRead (node:internal/stream_base_commons:217:20) {
  errno: -104,
  code: 'ECONNRESET',
  syscall: 'read'
}
[2024-01-18T01:04:36.803] [ERROR] default - Error (getReserves(0xd32f3139A214034A0f9777c87eE0a064c1FF6AE2)): Error: read ECONNRESET
[2024-01-18T01:04:36.803] [ERROR] default - Error: read ECONNRESET
    at TCP.onStreamRead (node:internal/stream_base_commons:217:20) {
  errno: -104,
  code: 'ECONNRESET',
  syscall: 'read'
}
[2024-01-18T01:04:36.803] [ERROR] default - Error (getReserves(0x97B4f2797cC903D76F9b8ff41A94286F0B16198e)): Error: read ECONNRESET
[2024-01-18T01:04:36.803] [ERROR] default - Error: read ECONNRESET
    at TCP.onStreamRead (node:internal/stream_base_commons:217:20) {
  errno: -104,
  code: 'ECONNRESET',
  syscall: 'read'
}
[2024-01-18T01:04:36.804] [ERROR] default - Error (getReserves(0x97B4f2797cC903D76F9b8ff41A94286F0B16198e)): Error: read ECONNRESET
[2024-01-18T01:04:36.816] [ERROR] default - Error: read ECONNRESET
    at TCP.onStreamRead (node:internal/stream_base_commons:217:20) {
  errno: -104,
  code: 'ECONNRESET',
  syscall: 'read'
}
[2024-01-18T01:04:36.837] [ERROR] default - Error (getReserves(0x853Ee4b2A13f8a742d64C8F088bE7bA2131f670d)): Error: read ECONNRESET
[2024-01-18T01:04:36.837] [ERROR] default - Error: read ECONNRESET
    at TCP.onStreamRead (node:internal/stream_base_commons:217:20) {
  errno: -104,
  code: 'ECONNRESET',
  syscall: 'read'
}
[2024-01-18T01:04:36.838] [ERROR] default - Error (getReserves(0x853Ee4b2A13f8a742d64C8F088bE7bA2131f670d)): Error: read ECONNRESET
[2024-01-18T01:04:36.838] [ERROR] default - Error: read ECONNRESET
    at TCP.onStreamRead (node:internal/stream_base_commons:217:20) {
  errno: -104,
  code: 'ECONNRESET',
  syscall: 'read'
}
[2024-01-18T01:04:36.947] [INFO] default - New block received: Block # 51501544
[2024-01-18T01:04:41.633] [ERROR] default - PROVIDER ERROR: Error: Reserves is undefined
    at new Prices (/mnt/c/code/polybotv3/scripts/v2/modules/prices.ts:15:10)
    at control (/mnt/c/code/polybotv3/scripts/v2/control.ts:44:16)
    at processTicksAndRejections (node:internal/process/task_queues:95:5)
    at async /mnt/c/code/polybotv3/index.ts:44:5
    at async Promise.all (index 0)
    at async JsonRpcProvider.<anonymous> (/mnt/c/code/polybotv3/index.ts:43:4)
[2024-01-18T01:07:20.153] [ERROR] default - TELEGRAM ERROR: Telegram bot token not found in environment variables
[2024-01-18T01:07:24.219] [INFO] default - New block received: Block # 51501623
[2024-01-18T01:07:24.303] [INFO] default - New block received: Block # 51501624
[2024-01-18T01:07:30.416] [ERROR] default - PROVIDER ERROR: Error: Invalid argument
    at pu (/mnt/c/code/polybotv3/scripts/modules/convertBN.ts:20:15)
    at AmountConverter.tradeToPrice (/mnt/c/code/polybotv3/scripts/v2/modules/amountConverter.ts:42:25)
    at processTicksAndRejections (node:internal/process/task_queues:95:5)
    at async Trade.getSize (/mnt/c/code/polybotv3/scripts/v2/getTrade.ts:69:19)
    at async Trade.getTrade (/mnt/c/code/polybotv3/scripts/v2/getTrade.ts:85:65)
    at async control (/mnt/c/code/polybotv3/scripts/v2/control.ts:47:19)
    at async /mnt/c/code/polybotv3/index.ts:44:5
    at async Promise.all (index 0)
    at async JsonRpcProvider.<anonymous> (/mnt/c/code/polybotv3/index.ts:43:4)
[2024-01-18T01:07:30.418] [ERROR] default - PROVIDER ERROR: Error: Invalid argument
    at pu (/mnt/c/code/polybotv3/scripts/modules/convertBN.ts:20:15)
    at AmountConverter.tradeToPrice (/mnt/c/code/polybotv3/scripts/v2/modules/amountConverter.ts:42:25)
    at processTicksAndRejections (node:internal/process/task_queues:95:5)
    at async Trade.getSize (/mnt/c/code/polybotv3/scripts/v2/getTrade.ts:69:19)
    at async Trade.getTrade (/mnt/c/code/polybotv3/scripts/v2/getTrade.ts:85:65)
    at async control (/mnt/c/code/polybotv3/scripts/v2/control.ts:47:19)
    at async /mnt/c/code/polybotv3/index.ts:44:5
    at async Promise.all (index 0)
    at async JsonRpcProvider.<anonymous> (/mnt/c/code/polybotv3/index.ts:43:4)
[2024-01-18T01:07:30.421] [INFO] default - New block received: Block # 51501625
[2024-01-18T01:07:30.430] [INFO] default - New block received: Block # 51501626
[2024-01-18T01:07:30.438] [INFO] default - New block received: Block # 51501627
[2024-01-18T13:42:14.996] [ERROR] default - TELEGRAM ERROR: Telegram bot token not found in environment variables
[2024-01-18T13:42:19.427] [INFO] default - New block received: Block # 51500232
[2024-01-18T13:42:24.020] [ERROR] default - PROVIDER ERROR: Error: Invalid argument
    at pu (/mnt/c/code/polybotv3/scripts/modules/convertBN.ts:20:15)
    at AmountConverter.tradeToPrice (/mnt/c/code/polybotv3/scripts/v2/modules/amountConverter.ts:100:25)
    at processTicksAndRejections (node:internal/process/task_queues:95:5)
    at async Trade.getSize (/mnt/c/code/polybotv3/scripts/v2/getTrade.ts:69:19)
    at async Trade.getTrade (/mnt/c/code/polybotv3/scripts/v2/getTrade.ts:85:65)
    at async control (/mnt/c/code/polybotv3/scripts/v2/control.ts:47:19)
    at async /mnt/c/code/polybotv3/index.ts:44:5
    at async Promise.all (index 0)
    at async JsonRpcProvider.<anonymous> (/mnt/c/code/polybotv3/index.ts:43:4)
[2024-01-18T13:42:24.024] [INFO] default - New block received: Block # 51500233
[2024-01-18T13:42:24.030] [INFO] default - New block received: Block # 51500234
[2024-01-18T13:42:29.215] [ERROR] default - PROVIDER ERROR: Error: Invalid argument
    at pu (/mnt/c/code/polybotv3/scripts/modules/convertBN.ts:20:15)
    at AmountConverter.tradeToPrice (/mnt/c/code/polybotv3/scripts/v2/modules/amountConverter.ts:100:25)
    at processTicksAndRejections (node:internal/process/task_queues:95:5)
    at async Trade.getSize (/mnt/c/code/polybotv3/scripts/v2/getTrade.ts:69:19)
    at async Trade.getTrade (/mnt/c/code/polybotv3/scripts/v2/getTrade.ts:85:65)
    at async control (/mnt/c/code/polybotv3/scripts/v2/control.ts:47:19)
    at async /mnt/c/code/polybotv3/index.ts:44:5
    at async Promise.all (index 0)
    at async JsonRpcProvider.<anonymous> (/mnt/c/code/polybotv3/index.ts:43:4)
[2024-01-18T13:42:30.402] [INFO] default - New block received: Block # 51500235
[2024-01-18T13:42:30.411] [INFO] default - New block received: Block # 51500236
[2024-01-18T13:42:30.421] [ERROR] default - PROVIDER ERROR: Error: Invalid argument
    at pu (/mnt/c/code/polybotv3/scripts/modules/convertBN.ts:20:15)
    at AmountConverter.tradeToPrice (/mnt/c/code/polybotv3/scripts/v2/modules/amountConverter.ts:100:25)
    at processTicksAndRejections (node:internal/process/task_queues:95:5)
    at async Trade.getSize (/mnt/c/code/polybotv3/scripts/v2/getTrade.ts:69:19)
    at async Trade.getTrade (/mnt/c/code/polybotv3/scripts/v2/getTrade.ts:85:65)
    at async control (/mnt/c/code/polybotv3/scripts/v2/control.ts:47:19)
    at async /mnt/c/code/polybotv3/index.ts:44:5
    at async Promise.all (index 0)
    at async JsonRpcProvider.<anonymous> (/mnt/c/code/polybotv3/index.ts:43:4)
[2024-01-18T13:42:38.242] [INFO] default - New block received: Block # 51500237
[2024-01-18T13:42:40.746] [ERROR] default - PROVIDER ERROR: Error: Invalid argument
    at pu (/mnt/c/code/polybotv3/scripts/modules/convertBN.ts:20:15)
    at AmountConverter.tradeToPrice (/mnt/c/code/polybotv3/scripts/v2/modules/amountConverter.ts:100:25)
    at processTicksAndRejections (node:internal/process/task_queues:95:5)
    at async Trade.getSize (/mnt/c/code/polybotv3/scripts/v2/getTrade.ts:69:19)
    at async Trade.getTrade (/mnt/c/code/polybotv3/scripts/v2/getTrade.ts:85:65)
    at async control (/mnt/c/code/polybotv3/scripts/v2/control.ts:47:19)
    at async /mnt/c/code/polybotv3/index.ts:44:5
    at async Promise.all (index 0)
    at async JsonRpcProvider.<anonymous> (/mnt/c/code/polybotv3/index.ts:43:4)
[2024-01-18T13:42:40.747] [ERROR] default - PROVIDER ERROR: Error: Invalid argument
    at pu (/mnt/c/code/polybotv3/scripts/modules/convertBN.ts:20:15)
    at AmountConverter.tradeToPrice (/mnt/c/code/polybotv3/scripts/v2/modules/amountConverter.ts:100:25)
    at processTicksAndRejections (node:internal/process/task_queues:95:5)
    at async Trade.getSize (/mnt/c/code/polybotv3/scripts/v2/getTrade.ts:69:19)
    at async Trade.getTrade (/mnt/c/code/polybotv3/scripts/v2/getTrade.ts:85:65)
    at async control (/mnt/c/code/polybotv3/scripts/v2/control.ts:47:19)
    at async /mnt/c/code/polybotv3/index.ts:44:5
    at async Promise.all (index 0)
    at async JsonRpcProvider.<anonymous> (/mnt/c/code/polybotv3/index.ts:43:4)
[2024-01-18T13:42:43.221] [ERROR] default - PROVIDER ERROR: Error: Invalid argument
    at pu (/mnt/c/code/polybotv3/scripts/modules/convertBN.ts:20:15)
    at AmountConverter.tradeToPrice (/mnt/c/code/polybotv3/scripts/v2/modules/amountConverter.ts:100:25)
    at processTicksAndRejections (node:internal/process/task_queues:95:5)
    at async Trade.getSize (/mnt/c/code/polybotv3/scripts/v2/getTrade.ts:69:19)
    at async Trade.getTrade (/mnt/c/code/polybotv3/scripts/v2/getTrade.ts:85:65)
    at async control (/mnt/c/code/polybotv3/scripts/v2/control.ts:47:19)
    at async /mnt/c/code/polybotv3/index.ts:44:5
    at async Promise.all (index 0)
    at async JsonRpcProvider.<anonymous> (/mnt/c/code/polybotv3/index.ts:43:4)
[2024-01-18T13:42:43.223] [INFO] default - New block received: Block # 51500238
[2024-01-18T13:42:43.224] [INFO] default - New block received: Block # 51500239
[2024-01-18T13:42:48.187] [INFO] default - New block received: Block # 51500240
[2024-01-18T13:42:51.552] [ERROR] default - PROVIDER ERROR: Error: Invalid argument
    at pu (/mnt/c/code/polybotv3/scripts/modules/convertBN.ts:20:15)
    at AmountConverter.tradeToPrice (/mnt/c/code/polybotv3/scripts/v2/modules/amountConverter.ts:100:25)
    at processTicksAndRejections (node:internal/process/task_queues:95:5)
    at async Trade.getSize (/mnt/c/code/polybotv3/scripts/v2/getTrade.ts:69:19)
    at async Trade.getTrade (/mnt/c/code/polybotv3/scripts/v2/getTrade.ts:85:65)
    at async control (/mnt/c/code/polybotv3/scripts/v2/control.ts:47:19)
    at async /mnt/c/code/polybotv3/index.ts:44:5
    at async Promise.all (index 0)
    at async JsonRpcProvider.<anonymous> (/mnt/c/code/polybotv3/index.ts:43:4)
[2024-01-18T13:42:51.554] [ERROR] default - PROVIDER ERROR: Error: Invalid argument
    at pu (/mnt/c/code/polybotv3/scripts/modules/convertBN.ts:20:15)
    at AmountConverter.tradeToPrice (/mnt/c/code/polybotv3/scripts/v2/modules/amountConverter.ts:100:25)
    at processTicksAndRejections (node:internal/process/task_queues:95:5)
    at async Trade.getSize (/mnt/c/code/polybotv3/scripts/v2/getTrade.ts:69:19)
    at async Trade.getTrade (/mnt/c/code/polybotv3/scripts/v2/getTrade.ts:85:65)
    at async control (/mnt/c/code/polybotv3/scripts/v2/control.ts:47:19)
    at async /mnt/c/code/polybotv3/index.ts:44:5
    at async Promise.all (index 0)
    at async JsonRpcProvider.<anonymous> (/mnt/c/code/polybotv3/index.ts:43:4)
[2024-01-18T13:42:52.800] [INFO] default - New block received: Block # 51500241
[2024-01-18T13:42:54.032] [ERROR] default - PROVIDER ERROR: Error: Invalid argument
    at pu (/mnt/c/code/polybotv3/scripts/modules/convertBN.ts:20:15)
    at AmountConverter.tradeToPrice (/mnt/c/code/polybotv3/scripts/v2/modules/amountConverter.ts:100:25)
    at processTicksAndRejections (node:internal/process/task_queues:95:5)
    at async Trade.getSize (/mnt/c/code/polybotv3/scripts/v2/getTrade.ts:69:19)
    at async Trade.getTrade (/mnt/c/code/polybotv3/scripts/v2/getTrade.ts:85:65)
    at async control (/mnt/c/code/polybotv3/scripts/v2/control.ts:47:19)
    at async /mnt/c/code/polybotv3/index.ts:44:5
    at async Promise.all (index 0)
    at async JsonRpcProvider.<anonymous> (/mnt/c/code/polybotv3/index.ts:43:4)
[2024-01-18T13:42:56.263] [ERROR] default - PROVIDER ERROR: Error: Invalid argument
    at pu (/mnt/c/code/polybotv3/scripts/modules/convertBN.ts:20:15)
    at AmountConverter.tradeToPrice (/mnt/c/code/polybotv3/scripts/v2/modules/amountConverter.ts:100:25)
    at processTicksAndRejections (node:internal/process/task_queues:95:5)
    at async Trade.getSize (/mnt/c/code/polybotv3/scripts/v2/getTrade.ts:69:19)
    at async Trade.getTrade (/mnt/c/code/polybotv3/scripts/v2/getTrade.ts:85:65)
    at async control (/mnt/c/code/polybotv3/scripts/v2/control.ts:47:19)
    at async /mnt/c/code/polybotv3/index.ts:44:5
    at async Promise.all (index 0)
    at async JsonRpcProvider.<anonymous> (/mnt/c/code/polybotv3/index.ts:43:4)
[2024-01-18T13:42:56.822] [INFO] default - New block received: Block # 51500242
[2024-01-18T13:42:56.826] [INFO] default - New block received: Block # 51500243
[2024-01-18T13:43:01.857] [ERROR] default - PROVIDER ERROR: Error: Invalid argument
    at pu (/mnt/c/code/polybotv3/scripts/modules/convertBN.ts:20:15)
    at AmountConverter.tradeToPrice (/mnt/c/code/polybotv3/scripts/v2/modules/amountConverter.ts:100:25)
    at processTicksAndRejections (node:internal/process/task_queues:95:5)
    at async Trade.getSize (/mnt/c/code/polybotv3/scripts/v2/getTrade.ts:69:19)
    at async Trade.getTrade (/mnt/c/code/polybotv3/scripts/v2/getTrade.ts:85:65)
    at async control (/mnt/c/code/polybotv3/scripts/v2/control.ts:47:19)
    at async /mnt/c/code/polybotv3/index.ts:44:5
    at async Promise.all (index 0)
    at async JsonRpcProvider.<anonymous> (/mnt/c/code/polybotv3/index.ts:43:4)
[2024-01-18T13:43:01.858] [ERROR] default - PROVIDER ERROR: Error: Invalid argument
    at pu (/mnt/c/code/polybotv3/scripts/modules/convertBN.ts:20:15)
    at AmountConverter.tradeToPrice (/mnt/c/code/polybotv3/scripts/v2/modules/amountConverter.ts:100:25)
    at processTicksAndRejections (node:internal/process/task_queues:95:5)
    at async Trade.getSize (/mnt/c/code/polybotv3/scripts/v2/getTrade.ts:69:19)
    at async Trade.getTrade (/mnt/c/code/polybotv3/scripts/v2/getTrade.ts:85:65)
    at async control (/mnt/c/code/polybotv3/scripts/v2/control.ts:47:19)
    at async /mnt/c/code/polybotv3/index.ts:44:5
    at async Promise.all (index 0)
    at async JsonRpcProvider.<anonymous> (/mnt/c/code/polybotv3/index.ts:43:4)
[2024-01-18T13:43:01.859] [INFO] default - New block received: Block # 51500244
[2024-01-18T13:43:01.860] [INFO] default - New block received: Block # 51500245
[2024-01-18T13:43:06.386] [ERROR] default - PROVIDER ERROR: Error: Invalid argument
    at pu (/mnt/c/code/polybotv3/scripts/modules/convertBN.ts:20:15)
    at AmountConverter.tradeToPrice (/mnt/c/code/polybotv3/scripts/v2/modules/amountConverter.ts:100:25)
    at processTicksAndRejections (node:internal/process/task_queues:95:5)
    at async Trade.getSize (/mnt/c/code/polybotv3/scripts/v2/getTrade.ts:69:19)
    at async Trade.getTrade (/mnt/c/code/polybotv3/scripts/v2/getTrade.ts:85:65)
    at async control (/mnt/c/code/polybotv3/scripts/v2/control.ts:47:19)
    at async /mnt/c/code/polybotv3/index.ts:44:5
    at async Promise.all (index 0)
    at async JsonRpcProvider.<anonymous> (/mnt/c/code/polybotv3/index.ts:43:4)
[2024-01-18T13:43:06.386] [ERROR] default - PROVIDER ERROR: Error: Invalid argument
    at pu (/mnt/c/code/polybotv3/scripts/modules/convertBN.ts:20:15)
    at AmountConverter.tradeToPrice (/mnt/c/code/polybotv3/scripts/v2/modules/amountConverter.ts:100:25)
    at processTicksAndRejections (node:internal/process/task_queues:95:5)
    at async Trade.getSize (/mnt/c/code/polybotv3/scripts/v2/getTrade.ts:69:19)
    at async Trade.getTrade (/mnt/c/code/polybotv3/scripts/v2/getTrade.ts:85:65)
    at async control (/mnt/c/code/polybotv3/scripts/v2/control.ts:47:19)
    at async /mnt/c/code/polybotv3/index.ts:44:5
    at async Promise.all (index 0)
    at async JsonRpcProvider.<anonymous> (/mnt/c/code/polybotv3/index.ts:43:4)
[2024-01-18T13:43:06.388] [INFO] default - New block received: Block # 51500246
[2024-01-18T13:43:06.389] [INFO] default - New block received: Block # 51500247
[2024-01-18T15:07:11.355] [ERROR] default - TELEGRAM ERROR: Telegram bot token not found in environment variables
[2024-01-18T15:10:27.494] [INFO] default - New block received: Block # 51500249
[2024-01-18T15:10:27.586] [INFO] default - New block received: Block # 51500250
[2024-01-18T15:10:34.855] [INFO] default - New block received: Block # 51500251
[2024-01-18T15:10:34.952] [ERROR] default - PROVIDER ERROR: Error: Invalid argument
    at pu (/mnt/c/code/polybotv3/scripts/modules/convertBN.ts:20:15)
    at AmountConverter.tradeToPrice (/mnt/c/code/polybotv3/scripts/v2/modules/amountConverter.ts:105:25)
    at processTicksAndRejections (node:internal/process/task_queues:95:5)
    at async Trade.getSize (/mnt/c/code/polybotv3/scripts/v2/getTrade.ts:69:19)
    at async Trade.getTrade (/mnt/c/code/polybotv3/scripts/v2/getTrade.ts:85:65)
    at async control (/mnt/c/code/polybotv3/scripts/v2/control.ts:47:19)
    at async /mnt/c/code/polybotv3/index.ts:44:5
    at async Promise.all (index 0)
    at async JsonRpcProvider.<anonymous> (/mnt/c/code/polybotv3/index.ts:43:4)
[2024-01-18T15:10:34.953] [ERROR] default - PROVIDER ERROR: Error: Invalid argument
    at pu (/mnt/c/code/polybotv3/scripts/modules/convertBN.ts:20:15)
    at AmountConverter.tradeToPrice (/mnt/c/code/polybotv3/scripts/v2/modules/amountConverter.ts:105:25)
    at processTicksAndRejections (node:internal/process/task_queues:95:5)
    at async Trade.getSize (/mnt/c/code/polybotv3/scripts/v2/getTrade.ts:69:19)
    at async Trade.getTrade (/mnt/c/code/polybotv3/scripts/v2/getTrade.ts:85:65)
    at async control (/mnt/c/code/polybotv3/scripts/v2/control.ts:47:19)
    at async /mnt/c/code/polybotv3/index.ts:44:5
    at async Promise.all (index 0)
    at async JsonRpcProvider.<anonymous> (/mnt/c/code/polybotv3/index.ts:43:4)
[2024-01-18T15:10:38.956] [ERROR] default - PROVIDER ERROR: Error: Invalid argument
    at pu (/mnt/c/code/polybotv3/scripts/modules/convertBN.ts:20:15)
    at AmountConverter.tradeToPrice (/mnt/c/code/polybotv3/scripts/v2/modules/amountConverter.ts:105:25)
    at processTicksAndRejections (node:internal/process/task_queues:95:5)
    at async Trade.getSize (/mnt/c/code/polybotv3/scripts/v2/getTrade.ts:69:19)
    at async Trade.getTrade (/mnt/c/code/polybotv3/scripts/v2/getTrade.ts:85:65)
    at async control (/mnt/c/code/polybotv3/scripts/v2/control.ts:47:19)
    at async /mnt/c/code/polybotv3/index.ts:44:5
    at async Promise.all (index 0)
    at async JsonRpcProvider.<anonymous> (/mnt/c/code/polybotv3/index.ts:43:4)
[2024-01-18T15:10:38.958] [INFO] default - New block received: Block # 51500252
[2024-01-18T15:10:38.960] [INFO] default - New block received: Block # 51500253
[2024-01-18T15:10:44.036] [ERROR] default - PROVIDER ERROR: Error: Invalid argument
    at pu (/mnt/c/code/polybotv3/scripts/modules/convertBN.ts:20:15)
    at AmountConverter.tradeToPrice (/mnt/c/code/polybotv3/scripts/v2/modules/amountConverter.ts:105:25)
    at processTicksAndRejections (node:internal/process/task_queues:95:5)
    at async Trade.getSize (/mnt/c/code/polybotv3/scripts/v2/getTrade.ts:69:19)
    at async Trade.getTrade (/mnt/c/code/polybotv3/scripts/v2/getTrade.ts:85:65)
    at async control (/mnt/c/code/polybotv3/scripts/v2/control.ts:47:19)
    at async /mnt/c/code/polybotv3/index.ts:44:5
    at async Promise.all (index 0)
    at async JsonRpcProvider.<anonymous> (/mnt/c/code/polybotv3/index.ts:43:4)
[2024-01-18T15:10:45.594] [ERROR] default - PROVIDER ERROR: Error: Invalid argument
    at pu (/mnt/c/code/polybotv3/scripts/modules/convertBN.ts:20:15)
    at AmountConverter.tradeToPrice (/mnt/c/code/polybotv3/scripts/v2/modules/amountConverter.ts:105:25)
    at processTicksAndRejections (node:internal/process/task_queues:95:5)
    at async Trade.getSize (/mnt/c/code/polybotv3/scripts/v2/getTrade.ts:69:19)
    at async Trade.getTrade (/mnt/c/code/polybotv3/scripts/v2/getTrade.ts:85:65)
    at async control (/mnt/c/code/polybotv3/scripts/v2/control.ts:47:19)
    at async /mnt/c/code/polybotv3/index.ts:44:5
    at async Promise.all (index 0)
    at async JsonRpcProvider.<anonymous> (/mnt/c/code/polybotv3/index.ts:43:4)
[2024-01-18T15:10:45.596] [INFO] default - New block received: Block # 51500254
[2024-01-18T15:10:45.603] [INFO] default - New block received: Block # 51500255
[2024-01-18T15:10:45.611] [INFO] default - New block received: Block # 51500256
[2024-01-18T15:31:17.843] [ERROR] default - TELEGRAM ERROR: Telegram bot token not found in environment variables
[2024-01-18T15:31:21.990] [INFO] default - New block received: Block # 51500858
[2024-01-18T15:31:22.067] [INFO] default - New block received: Block # 51500859
[2024-01-18T15:31:29.342] [INFO] default - New block received: Block # 51500860
[2024-01-18T15:31:29.373] [INFO] default - New block received: Block # 51500861
[2024-01-18T15:31:29.462] [ERROR] default - PROVIDER ERROR: Error: Invalid argument
    at pu (/mnt/c/code/polybotv3/scripts/modules/convertBN.ts:20:15)
    at AmountConverter.tradeToPrice (/mnt/c/code/polybotv3/scripts/v2/modules/amountConverter.ts:105:25)
    at processTicksAndRejections (node:internal/process/task_queues:95:5)
    at async Trade.getSize (/mnt/c/code/polybotv3/scripts/v2/getTrade.ts:69:19)
    at async Trade.getTrade (/mnt/c/code/polybotv3/scripts/v2/getTrade.ts:85:65)
    at async control (/mnt/c/code/polybotv3/scripts/v2/control.ts:47:19)
    at async /mnt/c/code/polybotv3/index.ts:44:5
    at async Promise.all (index 0)
    at async JsonRpcProvider.<anonymous> (/mnt/c/code/polybotv3/index.ts:43:4)
[2024-01-18T15:31:29.463] [ERROR] default - PROVIDER ERROR: Error: Invalid argument
    at pu (/mnt/c/code/polybotv3/scripts/modules/convertBN.ts:20:15)
    at AmountConverter.tradeToPrice (/mnt/c/code/polybotv3/scripts/v2/modules/amountConverter.ts:105:25)
    at processTicksAndRejections (node:internal/process/task_queues:95:5)
    at async Trade.getSize (/mnt/c/code/polybotv3/scripts/v2/getTrade.ts:69:19)
    at async Trade.getTrade (/mnt/c/code/polybotv3/scripts/v2/getTrade.ts:85:65)
    at async control (/mnt/c/code/polybotv3/scripts/v2/control.ts:47:19)
    at async /mnt/c/code/polybotv3/index.ts:44:5
    at async Promise.all (index 0)
    at async JsonRpcProvider.<anonymous> (/mnt/c/code/polybotv3/index.ts:43:4)
[2024-01-18T15:31:34.515] [INFO] default - New block received: Block # 51500862
[2024-01-18T15:31:34.519] [INFO] default - New block received: Block # 51500863
[2024-01-18T15:31:36.840] [ERROR] default - PROVIDER ERROR: Error: Invalid argument
    at pu (/mnt/c/code/polybotv3/scripts/modules/convertBN.ts:20:15)
    at AmountConverter.tradeToPrice (/mnt/c/code/polybotv3/scripts/v2/modules/amountConverter.ts:105:25)
    at processTicksAndRejections (node:internal/process/task_queues:95:5)
    at async Trade.getSize (/mnt/c/code/polybotv3/scripts/v2/getTrade.ts:69:19)
    at async Trade.getTrade (/mnt/c/code/polybotv3/scripts/v2/getTrade.ts:85:65)
    at async control (/mnt/c/code/polybotv3/scripts/v2/control.ts:47:19)
    at async /mnt/c/code/polybotv3/index.ts:44:5
    at async Promise.all (index 0)
    at async JsonRpcProvider.<anonymous> (/mnt/c/code/polybotv3/index.ts:43:4)
[2024-01-18T15:31:36.841] [ERROR] default - PROVIDER ERROR: Error: Invalid argument
    at pu (/mnt/c/code/polybotv3/scripts/modules/convertBN.ts:20:15)
    at AmountConverter.tradeToPrice (/mnt/c/code/polybotv3/scripts/v2/modules/amountConverter.ts:105:25)
    at processTicksAndRejections (node:internal/process/task_queues:95:5)
    at async Trade.getSize (/mnt/c/code/polybotv3/scripts/v2/getTrade.ts:69:19)
    at async Trade.getTrade (/mnt/c/code/polybotv3/scripts/v2/getTrade.ts:85:65)
    at async control (/mnt/c/code/polybotv3/scripts/v2/control.ts:47:19)
    at async /mnt/c/code/polybotv3/index.ts:44:5
    at async Promise.all (index 0)
    at async JsonRpcProvider.<anonymous> (/mnt/c/code/polybotv3/index.ts:43:4)
[2024-01-18T15:31:39.526] [INFO] default - New block received: Block # 51500864
[2024-01-18T15:31:39.527] [INFO] default - New block received: Block # 51500865
[2024-01-18T15:31:41.846] [ERROR] default - PROVIDER ERROR: Error: Invalid argument
    at pu (/mnt/c/code/polybotv3/scripts/modules/convertBN.ts:20:15)
    at AmountConverter.tradeToPrice (/mnt/c/code/polybotv3/scripts/v2/modules/amountConverter.ts:105:25)
    at processTicksAndRejections (node:internal/process/task_queues:95:5)
    at async Trade.getSize (/mnt/c/code/polybotv3/scripts/v2/getTrade.ts:69:19)
    at async Trade.getTrade (/mnt/c/code/polybotv3/scripts/v2/getTrade.ts:85:65)
    at async control (/mnt/c/code/polybotv3/scripts/v2/control.ts:47:19)
    at async /mnt/c/code/polybotv3/index.ts:44:5
    at async Promise.all (index 0)
    at async JsonRpcProvider.<anonymous> (/mnt/c/code/polybotv3/index.ts:43:4)
[2024-01-18T15:31:41.850] [ERROR] default - PROVIDER ERROR: Error: Invalid argument
    at pu (/mnt/c/code/polybotv3/scripts/modules/convertBN.ts:20:15)
    at AmountConverter.tradeToPrice (/mnt/c/code/polybotv3/scripts/v2/modules/amountConverter.ts:105:25)
    at processTicksAndRejections (node:internal/process/task_queues:95:5)
    at async Trade.getSize (/mnt/c/code/polybotv3/scripts/v2/getTrade.ts:69:19)
    at async Trade.getTrade (/mnt/c/code/polybotv3/scripts/v2/getTrade.ts:85:65)
    at async control (/mnt/c/code/polybotv3/scripts/v2/control.ts:47:19)
    at async /mnt/c/code/polybotv3/index.ts:44:5
    at async Promise.all (index 0)
    at async JsonRpcProvider.<anonymous> (/mnt/c/code/polybotv3/index.ts:43:4)
[2024-01-18T15:31:44.396] [INFO] default - New block received: Block # 51500866
[2024-01-18T15:31:44.399] [INFO] default - New block received: Block # 51500867
[2024-01-18T15:31:46.759] [ERROR] default - PROVIDER ERROR: Error: Invalid argument
    at pu (/mnt/c/code/polybotv3/scripts/modules/convertBN.ts:20:15)
    at AmountConverter.tradeToPrice (/mnt/c/code/polybotv3/scripts/v2/modules/amountConverter.ts:105:25)
    at processTicksAndRejections (node:internal/process/task_queues:95:5)
    at async Trade.getSize (/mnt/c/code/polybotv3/scripts/v2/getTrade.ts:69:19)
    at async Trade.getTrade (/mnt/c/code/polybotv3/scripts/v2/getTrade.ts:85:65)
    at async control (/mnt/c/code/polybotv3/scripts/v2/control.ts:47:19)
    at async /mnt/c/code/polybotv3/index.ts:44:5
    at async Promise.all (index 0)
    at async JsonRpcProvider.<anonymous> (/mnt/c/code/polybotv3/index.ts:43:4)
[2024-01-18T15:31:46.762] [ERROR] default - PROVIDER ERROR: Error: Invalid argument
    at pu (/mnt/c/code/polybotv3/scripts/modules/convertBN.ts:20:15)
    at AmountConverter.tradeToPrice (/mnt/c/code/polybotv3/scripts/v2/modules/amountConverter.ts:105:25)
    at processTicksAndRejections (node:internal/process/task_queues:95:5)
    at async Trade.getSize (/mnt/c/code/polybotv3/scripts/v2/getTrade.ts:69:19)
    at async Trade.getTrade (/mnt/c/code/polybotv3/scripts/v2/getTrade.ts:85:65)
    at async control (/mnt/c/code/polybotv3/scripts/v2/control.ts:47:19)
    at async /mnt/c/code/polybotv3/index.ts:44:5
    at async Promise.all (index 0)
    at async JsonRpcProvider.<anonymous> (/mnt/c/code/polybotv3/index.ts:43:4)
[2024-01-18T15:31:49.626] [INFO] default - New block received: Block # 51500868
[2024-01-18T15:31:49.627] [INFO] default - New block received: Block # 51500869
[2024-01-18T15:31:52.185] [ERROR] default - PROVIDER ERROR: Error: Invalid argument
    at pu (/mnt/c/code/polybotv3/scripts/modules/convertBN.ts:20:15)
    at AmountConverter.tradeToPrice (/mnt/c/code/polybotv3/scripts/v2/modules/amountConverter.ts:105:25)
    at processTicksAndRejections (node:internal/process/task_queues:95:5)
    at async Trade.getSize (/mnt/c/code/polybotv3/scripts/v2/getTrade.ts:69:19)
    at async Trade.getTrade (/mnt/c/code/polybotv3/scripts/v2/getTrade.ts:85:65)
    at async control (/mnt/c/code/polybotv3/scripts/v2/control.ts:47:19)
    at async /mnt/c/code/polybotv3/index.ts:44:5
    at async Promise.all (index 0)
    at async JsonRpcProvider.<anonymous> (/mnt/c/code/polybotv3/index.ts:43:4)
[2024-01-18T15:31:52.186] [ERROR] default - PROVIDER ERROR: Error: Invalid argument
    at pu (/mnt/c/code/polybotv3/scripts/modules/convertBN.ts:20:15)
    at AmountConverter.tradeToPrice (/mnt/c/code/polybotv3/scripts/v2/modules/amountConverter.ts:105:25)
    at processTicksAndRejections (node:internal/process/task_queues:95:5)
    at async Trade.getSize (/mnt/c/code/polybotv3/scripts/v2/getTrade.ts:69:19)
    at async Trade.getTrade (/mnt/c/code/polybotv3/scripts/v2/getTrade.ts:85:65)
    at async control (/mnt/c/code/polybotv3/scripts/v2/control.ts:47:19)
    at async /mnt/c/code/polybotv3/index.ts:44:5
    at async Promise.all (index 0)
    at async JsonRpcProvider.<anonymous> (/mnt/c/code/polybotv3/index.ts:43:4)
[2024-01-18T15:31:55.354] [ERROR] default - PROVIDER ERROR: Error: Invalid argument
    at pu (/mnt/c/code/polybotv3/scripts/modules/convertBN.ts:20:15)
    at AmountConverter.tradeToPrice (/mnt/c/code/polybotv3/scripts/v2/modules/amountConverter.ts:105:25)
    at processTicksAndRejections (node:internal/process/task_queues:95:5)
    at async Trade.getSize (/mnt/c/code/polybotv3/scripts/v2/getTrade.ts:69:19)
    at async Trade.getTrade (/mnt/c/code/polybotv3/scripts/v2/getTrade.ts:85:65)
    at async control (/mnt/c/code/polybotv3/scripts/v2/control.ts:47:19)
    at async /mnt/c/code/polybotv3/index.ts:44:5
    at async Promise.all (index 0)
    at async JsonRpcProvider.<anonymous> (/mnt/c/code/polybotv3/index.ts:43:4)
[2024-01-18T15:31:55.356] [INFO] default - New block received: Block # 51500870
[2024-01-18T15:31:55.368] [INFO] default - New block received: Block # 51500871
[2024-01-18T15:31:56.814] [ERROR] default - PROVIDER ERROR: Error: Invalid argument
    at pu (/mnt/c/code/polybotv3/scripts/modules/convertBN.ts:20:15)
    at AmountConverter.tradeToPrice (/mnt/c/code/polybotv3/scripts/v2/modules/amountConverter.ts:105:25)
    at processTicksAndRejections (node:internal/process/task_queues:95:5)
    at async Trade.getSize (/mnt/c/code/polybotv3/scripts/v2/getTrade.ts:69:19)
    at async Trade.getTrade (/mnt/c/code/polybotv3/scripts/v2/getTrade.ts:85:65)
    at async control (/mnt/c/code/polybotv3/scripts/v2/control.ts:47:19)
    at async /mnt/c/code/polybotv3/index.ts:44:5
    at async Promise.all (index 0)
    at async JsonRpcProvider.<anonymous> (/mnt/c/code/polybotv3/index.ts:43:4)
[2024-01-18T15:32:00.120] [INFO] default - New block received: Block # 51500872
[2024-01-18T15:32:00.124] [INFO] default - New block received: Block # 51500873
[2024-01-18T15:32:02.474] [ERROR] default - PROVIDER ERROR: Error: Invalid argument
    at pu (/mnt/c/code/polybotv3/scripts/modules/convertBN.ts:20:15)
    at AmountConverter.tradeToPrice (/mnt/c/code/polybotv3/scripts/v2/modules/amountConverter.ts:105:25)
    at processTicksAndRejections (node:internal/process/task_queues:95:5)
    at async Trade.getSize (/mnt/c/code/polybotv3/scripts/v2/getTrade.ts:69:19)
    at async Trade.getTrade (/mnt/c/code/polybotv3/scripts/v2/getTrade.ts:85:65)
    at async control (/mnt/c/code/polybotv3/scripts/v2/control.ts:47:19)
    at async /mnt/c/code/polybotv3/index.ts:44:5
    at async Promise.all (index 0)
    at async JsonRpcProvider.<anonymous> (/mnt/c/code/polybotv3/index.ts:43:4)
[2024-01-18T15:32:02.476] [ERROR] default - PROVIDER ERROR: Error: Invalid argument
    at pu (/mnt/c/code/polybotv3/scripts/modules/convertBN.ts:20:15)
    at AmountConverter.tradeToPrice (/mnt/c/code/polybotv3/scripts/v2/modules/amountConverter.ts:105:25)
    at processTicksAndRejections (node:internal/process/task_queues:95:5)
    at async Trade.getSize (/mnt/c/code/polybotv3/scripts/v2/getTrade.ts:69:19)
    at async Trade.getTrade (/mnt/c/code/polybotv3/scripts/v2/getTrade.ts:85:65)
    at async control (/mnt/c/code/polybotv3/scripts/v2/control.ts:47:19)
    at async /mnt/c/code/polybotv3/index.ts:44:5
    at async Promise.all (index 0)
    at async JsonRpcProvider.<anonymous> (/mnt/c/code/polybotv3/index.ts:43:4)
[2024-01-18T15:32:02.483] [ERROR] default - Error (getReserves(0xd32f3139A214034A0f9777c87eE0a064c1FF6AE2)): Error: read ECONNRESET
[2024-01-18T15:32:02.483] [ERROR] default - Error: read ECONNRESET
    at TCP.onStreamRead (node:internal/stream_base_commons:217:20) {
  errno: -104,
  code: 'ECONNRESET',
  syscall: 'read'
}
[2024-01-18T15:32:02.485] [ERROR] default - Error (getReserves(0xd32f3139A214034A0f9777c87eE0a064c1FF6AE2)): Error: read ECONNRESET
[2024-01-18T15:32:02.485] [ERROR] default - Error: read ECONNRESET
    at TCP.onStreamRead (node:internal/stream_base_commons:217:20) {
  errno: -104,
  code: 'ECONNRESET',
  syscall: 'read'
}
[2024-01-18T15:32:02.485] [ERROR] default - Error (getReserves(0x65D43B64E3B31965Cd5EA367D4c2b94c03084797)): Error: read ECONNRESET
[2024-01-18T15:32:02.485] [ERROR] default - Error: read ECONNRESET
    at TCP.onStreamRead (node:internal/stream_base_commons:217:20) {
  errno: -104,
  code: 'ECONNRESET',
  syscall: 'read'
}
[2024-01-18T15:32:02.486] [ERROR] default - Error (getReserves(0x65D43B64E3B31965Cd5EA367D4c2b94c03084797)): Error: read ECONNRESET
[2024-01-18T15:32:02.486] [ERROR] default - Error: read ECONNRESET
    at TCP.onStreamRead (node:internal/stream_base_commons:217:20) {
  errno: -104,
  code: 'ECONNRESET',
  syscall: 'read'
}
[2024-01-18T15:32:02.486] [ERROR] default - Error (getReserves(0xd32f3139A214034A0f9777c87eE0a064c1FF6AE2)): Error: read ECONNRESET
[2024-01-18T15:32:02.486] [ERROR] default - Error: read ECONNRESET
    at TCP.onStreamRead (node:internal/stream_base_commons:217:20) {
  errno: -104,
  code: 'ECONNRESET',
  syscall: 'read'
}
[2024-01-18T15:32:02.487] [ERROR] default - Error (getReserves(0xd32f3139A214034A0f9777c87eE0a064c1FF6AE2)): Error: read ECONNRESET
[2024-01-18T15:32:02.487] [ERROR] default - Error: read ECONNRESET
    at TCP.onStreamRead (node:internal/stream_base_commons:217:20) {
  errno: -104,
  code: 'ECONNRESET',
  syscall: 'read'
}
[2024-01-18T15:32:02.487] [ERROR] default - Error (getReserves(0xd32f3139A214034A0f9777c87eE0a064c1FF6AE2)): Error: read ECONNRESET
[2024-01-18T15:32:02.488] [ERROR] default - Error: read ECONNRESET
    at TCP.onStreamRead (node:internal/stream_base_commons:217:20) {
  errno: -104,
  code: 'ECONNRESET',
  syscall: 'read'
}
[2024-01-18T15:32:02.488] [ERROR] default - Error (getReserves(0xd32f3139A214034A0f9777c87eE0a064c1FF6AE2)): Error: read ECONNRESET
[2024-01-18T15:32:02.488] [ERROR] default - Error: read ECONNRESET
    at TCP.onStreamRead (node:internal/stream_base_commons:217:20) {
  errno: -104,
  code: 'ECONNRESET',
  syscall: 'read'
}
[2024-01-18T15:32:02.488] [ERROR] default - Error (getReserves(0xC8174d091c288FF78De98303c2973140Cbcf3B23)): Error: read ECONNRESET
[2024-01-18T15:32:02.489] [ERROR] default - Error: read ECONNRESET
    at TCP.onStreamRead (node:internal/stream_base_commons:217:20) {
  errno: -104,
  code: 'ECONNRESET',
  syscall: 'read'
}
[2024-01-18T15:32:02.489] [ERROR] default - Error (getReserves(0xC8174d091c288FF78De98303c2973140Cbcf3B23)): Error: read ECONNRESET
[2024-01-18T15:32:02.489] [ERROR] default - Error: read ECONNRESET
    at TCP.onStreamRead (node:internal/stream_base_commons:217:20) {
  errno: -104,
  code: 'ECONNRESET',
  syscall: 'read'
}
[2024-01-18T15:32:02.489] [ERROR] default - Error (getReserves(0xd32f3139A214034A0f9777c87eE0a064c1FF6AE2)): Error: read ECONNRESET
[2024-01-18T15:32:02.489] [ERROR] default - Error: read ECONNRESET
    at TCP.onStreamRead (node:internal/stream_base_commons:217:20) {
  errno: -104,
  code: 'ECONNRESET',
  syscall: 'read'
}
[2024-01-18T15:32:02.490] [ERROR] default - Error (getReserves(0xd32f3139A214034A0f9777c87eE0a064c1FF6AE2)): Error: read ECONNRESET
[2024-01-18T15:32:02.490] [ERROR] default - Error: read ECONNRESET
    at TCP.onStreamRead (node:internal/stream_base_commons:217:20) {
  errno: -104,
  code: 'ECONNRESET',
  syscall: 'read'
}
[2024-01-18T15:32:02.491] [ERROR] default - Error (getReserves(0x97B4f2797cC903D76F9b8ff41A94286F0B16198e)): Error: read ECONNRESET
[2024-01-18T15:32:02.491] [ERROR] default - Error: read ECONNRESET
    at TCP.onStreamRead (node:internal/stream_base_commons:217:20) {
  errno: -104,
  code: 'ECONNRESET',
  syscall: 'read'
}
[2024-01-18T15:32:02.492] [ERROR] default - Error (getReserves(0x97B4f2797cC903D76F9b8ff41A94286F0B16198e)): Error: read ECONNRESET
[2024-01-18T15:32:02.493] [ERROR] default - Error: read ECONNRESET
    at TCP.onStreamRead (node:internal/stream_base_commons:217:20) {
  errno: -104,
  code: 'ECONNRESET',
  syscall: 'read'
}
[2024-01-18T15:32:02.502] [ERROR] default - Error (getReserves(0x9cE65ae286e74f1268D19aB9b25f102C25DbDCb4)): Error: read ECONNRESET
[2024-01-18T15:32:02.502] [ERROR] default - Error: read ECONNRESET
    at TCP.onStreamRead (node:internal/stream_base_commons:217:20) {
  errno: -104,
  code: 'ECONNRESET',
  syscall: 'read'
}
[2024-01-18T15:32:02.503] [ERROR] default - Error (getReserves(0x9cE65ae286e74f1268D19aB9b25f102C25DbDCb4)): Error: read ECONNRESET
[2024-01-18T15:32:02.503] [ERROR] default - Error: read ECONNRESET
    at TCP.onStreamRead (node:internal/stream_base_commons:217:20) {
  errno: -104,
  code: 'ECONNRESET',
  syscall: 'read'
}
[2024-01-18T15:32:02.503] [ERROR] default - Error (getReserves(0x101640e107C4a72DeC79826768C239F1eB48cc85)): Error: read ECONNRESET
[2024-01-18T15:32:02.503] [ERROR] default - Error: read ECONNRESET
    at TCP.onStreamRead (node:internal/stream_base_commons:217:20) {
  errno: -104,
  code: 'ECONNRESET',
  syscall: 'read'
}
[2024-01-18T15:32:02.503] [ERROR] default - Error (getReserves(0x101640e107C4a72DeC79826768C239F1eB48cc85)): Error: read ECONNRESET
[2024-01-18T15:32:02.503] [ERROR] default - Error: read ECONNRESET
    at TCP.onStreamRead (node:internal/stream_base_commons:217:20) {
  errno: -104,
  code: 'ECONNRESET',
  syscall: 'read'
}
[2024-01-18T15:32:02.505] [ERROR] default - Error (getReserves(0xC8174d091c288FF78De98303c2973140Cbcf3B23)): Error: read ECONNRESET
[2024-01-18T15:32:02.506] [ERROR] default - Error: read ECONNRESET
    at TCP.onStreamRead (node:internal/stream_base_commons:217:20) {
  errno: -104,
  code: 'ECONNRESET',
  syscall: 'read'
}
[2024-01-18T15:32:02.506] [ERROR] default - Error (getReserves(0xC8174d091c288FF78De98303c2973140Cbcf3B23)): Error: read ECONNRESET
[2024-01-18T15:32:02.506] [ERROR] default - Error: read ECONNRESET
    at TCP.onStreamRead (node:internal/stream_base_commons:217:20) {
  errno: -104,
  code: 'ECONNRESET',
  syscall: 'read'
}
[2024-01-18T15:32:02.506] [ERROR] default - Error (getReserves(0x101640e107C4a72DeC79826768C239F1eB48cc85)): Error: read ECONNRESET
[2024-01-18T15:32:02.507] [ERROR] default - Error: read ECONNRESET
    at TCP.onStreamRead (node:internal/stream_base_commons:217:20) {
  errno: -104,
  code: 'ECONNRESET',
  syscall: 'read'
}
[2024-01-18T15:32:02.507] [ERROR] default - Error (getReserves(0x101640e107C4a72DeC79826768C239F1eB48cc85)): Error: read ECONNRESET
[2024-01-18T15:32:02.507] [ERROR] default - Error: read ECONNRESET
    at TCP.onStreamRead (node:internal/stream_base_commons:217:20) {
  errno: -104,
  code: 'ECONNRESET',
  syscall: 'read'
}
[2024-01-18T15:32:02.508] [ERROR] default - Error (getReserves(0x101640e107C4a72DeC79826768C239F1eB48cc85)): Error: read ECONNRESET
[2024-01-18T15:32:02.508] [ERROR] default - Error: read ECONNRESET
    at TCP.onStreamRead (node:internal/stream_base_commons:217:20) {
  errno: -104,
  code: 'ECONNRESET',
  syscall: 'read'
}
[2024-01-18T15:32:02.508] [ERROR] default - Error (getReserves(0x101640e107C4a72DeC79826768C239F1eB48cc85)): Error: read ECONNRESET
[2024-01-18T15:32:02.514] [ERROR] default - Error: read ECONNRESET
    at TCP.onStreamRead (node:internal/stream_base_commons:217:20) {
  errno: -104,
  code: 'ECONNRESET',
  syscall: 'read'
}
[2024-01-18T15:32:02.516] [ERROR] default - Error (getReserves(0xC8174d091c288FF78De98303c2973140Cbcf3B23)): Error: read ECONNRESET
[2024-01-18T15:32:02.516] [ERROR] default - Error: read ECONNRESET
    at TCP.onStreamRead (node:internal/stream_base_commons:217:20) {
  errno: -104,
  code: 'ECONNRESET',
  syscall: 'read'
}
[2024-01-18T15:32:02.516] [ERROR] default - Error (getReserves(0xC8174d091c288FF78De98303c2973140Cbcf3B23)): Error: read ECONNRESET
[2024-01-18T15:32:02.517] [ERROR] default - Error: read ECONNRESET
    at TCP.onStreamRead (node:internal/stream_base_commons:217:20) {
  errno: -104,
  code: 'ECONNRESET',
  syscall: 'read'
}
[2024-01-18T15:32:02.517] [ERROR] default - Error (getReserves(0xb965c131f1C48d89B1760860b782D2aCDF87273b)): Error: read ECONNRESET
[2024-01-18T15:32:02.517] [ERROR] default - Error: read ECONNRESET
    at TCP.onStreamRead (node:internal/stream_base_commons:217:20) {
  errno: -104,
  code: 'ECONNRESET',
  syscall: 'read'
}
[2024-01-18T15:32:02.517] [ERROR] default - Error (getReserves(0xb965c131f1C48d89B1760860b782D2aCDF87273b)): Error: read ECONNRESET
[2024-01-18T15:32:02.517] [ERROR] default - Error: read ECONNRESET
    at TCP.onStreamRead (node:internal/stream_base_commons:217:20) {
  errno: -104,
  code: 'ECONNRESET',
  syscall: 'read'
}
[2024-01-18T15:32:02.517] [ERROR] default - Error (getReserves(0x101640e107C4a72DeC79826768C239F1eB48cc85)): Error: read ECONNRESET
[2024-01-18T15:32:02.517] [ERROR] default - Error: read ECONNRESET
    at TCP.onStreamRead (node:internal/stream_base_commons:217:20) {
  errno: -104,
  code: 'ECONNRESET',
  syscall: 'read'
}
[2024-01-18T15:32:02.518] [ERROR] default - Error (getReserves(0x101640e107C4a72DeC79826768C239F1eB48cc85)): Error: read ECONNRESET
[2024-01-18T15:32:02.518] [ERROR] default - Error: read ECONNRESET
    at TCP.onStreamRead (node:internal/stream_base_commons:217:20) {
  errno: -104,
  code: 'ECONNRESET',
  syscall: 'read'
}
[2024-01-18T15:32:02.518] [ERROR] default - Error (getReserves(0xb965c131f1C48d89B1760860b782D2aCDF87273b)): Error: read ECONNRESET
[2024-01-18T15:32:02.518] [ERROR] default - Error: read ECONNRESET
    at TCP.onStreamRead (node:internal/stream_base_commons:217:20) {
  errno: -104,
  code: 'ECONNRESET',
  syscall: 'read'
}
[2024-01-18T15:32:02.518] [ERROR] default - Error (getReserves(0xb965c131f1C48d89B1760860b782D2aCDF87273b)): Error: read ECONNRESET
[2024-01-18T15:32:02.518] [ERROR] default - Error: read ECONNRESET
    at TCP.onStreamRead (node:internal/stream_base_commons:217:20) {
  errno: -104,
  code: 'ECONNRESET',
  syscall: 'read'
}
[2024-01-18T15:32:02.518] [ERROR] default - Error (getReserves(0xA2937659873ef52Da71a399e4079EBb2a7e5fFF6)): Error: read ECONNRESET
[2024-01-18T15:32:02.518] [ERROR] default - Error: read ECONNRESET
    at TCP.onStreamRead (node:internal/stream_base_commons:217:20) {
  errno: -104,
  code: 'ECONNRESET',
  syscall: 'read'
}
[2024-01-18T15:32:02.519] [ERROR] default - Error (getReserves(0xA2937659873ef52Da71a399e4079EBb2a7e5fFF6)): Error: read ECONNRESET
[2024-01-18T15:32:02.519] [ERROR] default - Error: read ECONNRESET
    at TCP.onStreamRead (node:internal/stream_base_commons:217:20) {
  errno: -104,
  code: 'ECONNRESET',
  syscall: 'read'
}
[2024-01-18T15:32:02.519] [ERROR] default - Error (getReserves(0xd32f3139A214034A0f9777c87eE0a064c1FF6AE2)): Error: read ECONNRESET
[2024-01-18T15:32:02.519] [ERROR] default - Error: read ECONNRESET
    at TCP.onStreamRead (node:internal/stream_base_commons:217:20) {
  errno: -104,
  code: 'ECONNRESET',
  syscall: 'read'
}
[2024-01-18T15:32:02.520] [ERROR] default - Error (getReserves(0xd32f3139A214034A0f9777c87eE0a064c1FF6AE2)): Error: read ECONNRESET
[2024-01-18T15:32:02.520] [ERROR] default - Error: read ECONNRESET
    at TCP.onStreamRead (node:internal/stream_base_commons:217:20) {
  errno: -104,
  code: 'ECONNRESET',
  syscall: 'read'
}
[2024-01-18T15:32:02.521] [ERROR] default - Error (getReserves(0xA2937659873ef52Da71a399e4079EBb2a7e5fFF6)): Error: read ECONNRESET
[2024-01-18T15:32:02.521] [ERROR] default - Error: read ECONNRESET
    at TCP.onStreamRead (node:internal/stream_base_commons:217:20) {
  errno: -104,
  code: 'ECONNRESET',
  syscall: 'read'
}
[2024-01-18T15:32:02.521] [ERROR] default - Error (getReserves(0xA2937659873ef52Da71a399e4079EBb2a7e5fFF6)): Error: read ECONNRESET
[2024-01-18T15:32:02.522] [ERROR] default - Error: read ECONNRESET
    at TCP.onStreamRead (node:internal/stream_base_commons:217:20) {
  errno: -104,
  code: 'ECONNRESET',
  syscall: 'read'
}
[2024-01-18T15:32:02.522] [ERROR] default - Error (getReserves(0xb965c131f1C48d89B1760860b782D2aCDF87273b)): Error: read ECONNRESET
[2024-01-18T15:32:02.523] [ERROR] default - Error: read ECONNRESET
    at TCP.onStreamRead (node:internal/stream_base_commons:217:20) {
  errno: -104,
  code: 'ECONNRESET',
  syscall: 'read'
}
[2024-01-18T15:32:02.524] [ERROR] default - Error (getReserves(0xb965c131f1C48d89B1760860b782D2aCDF87273b)): Error: read ECONNRESET
[2024-01-18T15:32:02.524] [ERROR] default - Error: read ECONNRESET
    at TCP.onStreamRead (node:internal/stream_base_commons:217:20) {
  errno: -104,
  code: 'ECONNRESET',
  syscall: 'read'
}
[2024-01-18T15:32:02.524] [ERROR] default - Error (getReserves(0x853Ee4b2A13f8a742d64C8F088bE7bA2131f670d)): Error: read ECONNRESET
[2024-01-18T15:32:02.524] [ERROR] default - Error: read ECONNRESET
    at TCP.onStreamRead (node:internal/stream_base_commons:217:20) {
  errno: -104,
  code: 'ECONNRESET',
  syscall: 'read'
}
[2024-01-18T15:32:02.525] [ERROR] default - Error (getReserves(0x853Ee4b2A13f8a742d64C8F088bE7bA2131f670d)): Error: read ECONNRESET
[2024-01-18T15:32:02.525] [ERROR] default - Error: read ECONNRESET
    at TCP.onStreamRead (node:internal/stream_base_commons:217:20) {
  errno: -104,
  code: 'ECONNRESET',
  syscall: 'read'
}
[2024-01-18T15:36:44.980] [ERROR] default - TELEGRAM ERROR: Telegram bot token not found in environment variables
[2024-01-18T15:39:58.267] [INFO] default - New block received: Block # 51500876
[2024-01-18T15:39:58.322] [INFO] default - New block received: Block # 51500877
[2024-01-18T15:44:21.442] [ERROR] default - TELEGRAM ERROR: Telegram bot token not found in environment variables
[2024-01-18T15:44:25.491] [INFO] default - New block received: Block # 51501005
[2024-01-18T15:44:25.563] [INFO] default - New block received: Block # 51501006
[2024-01-18T15:44:32.311] [ERROR] default - PROVIDER ERROR: Error: Invalid argument
    at pu (/mnt/c/code/polybotv3/scripts/modules/convertBN.ts:20:15)
    at AmountConverter.tradeToPrice (/mnt/c/code/polybotv3/scripts/v2/modules/amountConverter.ts:105:25)
    at processTicksAndRejections (node:internal/process/task_queues:95:5)
    at async Trade.getSize (/mnt/c/code/polybotv3/scripts/v2/getTrade.ts:69:19)
    at async Trade.getTrade (/mnt/c/code/polybotv3/scripts/v2/getTrade.ts:85:65)
    at async control (/mnt/c/code/polybotv3/scripts/v2/control.ts:47:19)
    at async /mnt/c/code/polybotv3/index.ts:44:5
    at async Promise.all (index 0)
    at async JsonRpcProvider.<anonymous> (/mnt/c/code/polybotv3/index.ts:43:4)
[2024-01-18T15:44:32.313] [ERROR] default - PROVIDER ERROR: Error: Invalid argument
    at pu (/mnt/c/code/polybotv3/scripts/modules/convertBN.ts:20:15)
    at AmountConverter.tradeToPrice (/mnt/c/code/polybotv3/scripts/v2/modules/amountConverter.ts:105:25)
    at processTicksAndRejections (node:internal/process/task_queues:95:5)
    at async Trade.getSize (/mnt/c/code/polybotv3/scripts/v2/getTrade.ts:69:19)
    at async Trade.getTrade (/mnt/c/code/polybotv3/scripts/v2/getTrade.ts:85:65)
    at async control (/mnt/c/code/polybotv3/scripts/v2/control.ts:47:19)
    at async /mnt/c/code/polybotv3/index.ts:44:5
    at async Promise.all (index 0)
    at async JsonRpcProvider.<anonymous> (/mnt/c/code/polybotv3/index.ts:43:4)
[2024-01-18T15:44:32.315] [INFO] default - New block received: Block # 51501007
[2024-01-18T15:44:32.324] [INFO] default - New block received: Block # 51501008
[2024-01-18T15:44:38.734] [ERROR] default - PROVIDER ERROR: Error: Invalid argument
    at pu (/mnt/c/code/polybotv3/scripts/modules/convertBN.ts:20:15)
    at AmountConverter.tradeToPrice (/mnt/c/code/polybotv3/scripts/v2/modules/amountConverter.ts:105:25)
    at processTicksAndRejections (node:internal/process/task_queues:95:5)
    at async Trade.getSize (/mnt/c/code/polybotv3/scripts/v2/getTrade.ts:69:19)
    at async Trade.getTrade (/mnt/c/code/polybotv3/scripts/v2/getTrade.ts:85:65)
    at async control (/mnt/c/code/polybotv3/scripts/v2/control.ts:47:19)
    at async /mnt/c/code/polybotv3/index.ts:44:5
    at async Promise.all (index 0)
    at async JsonRpcProvider.<anonymous> (/mnt/c/code/polybotv3/index.ts:43:4)
[2024-01-18T15:44:38.735] [ERROR] default - PROVIDER ERROR: Error: Invalid argument
    at pu (/mnt/c/code/polybotv3/scripts/modules/convertBN.ts:20:15)
    at AmountConverter.tradeToPrice (/mnt/c/code/polybotv3/scripts/v2/modules/amountConverter.ts:105:25)
    at processTicksAndRejections (node:internal/process/task_queues:95:5)
    at async Trade.getSize (/mnt/c/code/polybotv3/scripts/v2/getTrade.ts:69:19)
    at async Trade.getTrade (/mnt/c/code/polybotv3/scripts/v2/getTrade.ts:85:65)
    at async control (/mnt/c/code/polybotv3/scripts/v2/control.ts:47:19)
    at async /mnt/c/code/polybotv3/index.ts:44:5
    at async Promise.all (index 0)
    at async JsonRpcProvider.<anonymous> (/mnt/c/code/polybotv3/index.ts:43:4)
[2024-01-18T15:44:42.765] [INFO] default - New block received: Block # 51501009
[2024-01-18T15:44:42.787] [INFO] default - New block received: Block # 51501010
[2024-01-18T15:44:42.799] [INFO] default - New block received: Block # 51501011
[2024-01-18T15:44:51.395] [ERROR] default - PROVIDER ERROR: Error: Invalid argument
    at pu (/mnt/c/code/polybotv3/scripts/modules/convertBN.ts:20:15)
    at AmountConverter.tradeToPrice (/mnt/c/code/polybotv3/scripts/v2/modules/amountConverter.ts:105:25)
    at processTicksAndRejections (node:internal/process/task_queues:95:5)
    at async Trade.getSize (/mnt/c/code/polybotv3/scripts/v2/getTrade.ts:69:19)
    at async Trade.getTrade (/mnt/c/code/polybotv3/scripts/v2/getTrade.ts:85:65)
    at async control (/mnt/c/code/polybotv3/scripts/v2/control.ts:47:19)
    at async /mnt/c/code/polybotv3/index.ts:44:5
    at async Promise.all (index 0)
    at async JsonRpcProvider.<anonymous> (/mnt/c/code/polybotv3/index.ts:43:4)
[2024-01-18T15:44:51.396] [ERROR] default - PROVIDER ERROR: Error: Invalid argument
    at pu (/mnt/c/code/polybotv3/scripts/modules/convertBN.ts:20:15)
    at AmountConverter.tradeToPrice (/mnt/c/code/polybotv3/scripts/v2/modules/amountConverter.ts:105:25)
    at processTicksAndRejections (node:internal/process/task_queues:95:5)
    at async Trade.getSize (/mnt/c/code/polybotv3/scripts/v2/getTrade.ts:69:19)
    at async Trade.getTrade (/mnt/c/code/polybotv3/scripts/v2/getTrade.ts:85:65)
    at async control (/mnt/c/code/polybotv3/scripts/v2/control.ts:47:19)
    at async /mnt/c/code/polybotv3/index.ts:44:5
    at async Promise.all (index 0)
    at async JsonRpcProvider.<anonymous> (/mnt/c/code/polybotv3/index.ts:43:4)
[2024-01-18T15:44:51.398] [ERROR] default - PROVIDER ERROR: Error: Invalid argument
    at pu (/mnt/c/code/polybotv3/scripts/modules/convertBN.ts:20:15)
    at AmountConverter.tradeToPrice (/mnt/c/code/polybotv3/scripts/v2/modules/amountConverter.ts:105:25)
    at processTicksAndRejections (node:internal/process/task_queues:95:5)
    at async Trade.getSize (/mnt/c/code/polybotv3/scripts/v2/getTrade.ts:69:19)
    at async Trade.getTrade (/mnt/c/code/polybotv3/scripts/v2/getTrade.ts:85:65)
    at async control (/mnt/c/code/polybotv3/scripts/v2/control.ts:47:19)
    at async /mnt/c/code/polybotv3/index.ts:44:5
    at async Promise.all (index 0)
    at async JsonRpcProvider.<anonymous> (/mnt/c/code/polybotv3/index.ts:43:4)
[2024-01-18T15:44:51.399] [INFO] default - New block received: Block # 51501012
[2024-01-18T15:44:51.406] [INFO] default - New block received: Block # 51501013
[2024-01-18T15:44:56.385] [INFO] default - New block received: Block # 51501014
[2024-01-18T15:44:56.387] [INFO] default - New block received: Block # 51501015
[2024-01-18T15:45:00.197] [ERROR] default - PROVIDER ERROR: Error: Invalid argument
    at pu (/mnt/c/code/polybotv3/scripts/modules/convertBN.ts:20:15)
    at AmountConverter.tradeToPrice (/mnt/c/code/polybotv3/scripts/v2/modules/amountConverter.ts:105:25)
    at processTicksAndRejections (node:internal/process/task_queues:95:5)
    at async Trade.getSize (/mnt/c/code/polybotv3/scripts/v2/getTrade.ts:69:19)
    at async Trade.getTrade (/mnt/c/code/polybotv3/scripts/v2/getTrade.ts:85:65)
    at async control (/mnt/c/code/polybotv3/scripts/v2/control.ts:47:19)
    at async /mnt/c/code/polybotv3/index.ts:44:5
    at async Promise.all (index 0)
    at async JsonRpcProvider.<anonymous> (/mnt/c/code/polybotv3/index.ts:43:4)
[2024-01-18T15:45:00.199] [ERROR] default - PROVIDER ERROR: Error: Invalid argument
    at pu (/mnt/c/code/polybotv3/scripts/modules/convertBN.ts:20:15)
    at AmountConverter.tradeToPrice (/mnt/c/code/polybotv3/scripts/v2/modules/amountConverter.ts:105:25)
    at processTicksAndRejections (node:internal/process/task_queues:95:5)
    at async Trade.getSize (/mnt/c/code/polybotv3/scripts/v2/getTrade.ts:69:19)
    at async Trade.getTrade (/mnt/c/code/polybotv3/scripts/v2/getTrade.ts:85:65)
    at async control (/mnt/c/code/polybotv3/scripts/v2/control.ts:47:19)
    at async /mnt/c/code/polybotv3/index.ts:44:5
    at async Promise.all (index 0)
    at async JsonRpcProvider.<anonymous> (/mnt/c/code/polybotv3/index.ts:43:4)
[2024-01-18T15:45:04.958] [INFO] default - New block received: Block # 51501016
[2024-01-18T15:45:04.963] [INFO] default - New block received: Block # 51501017
[2024-01-18T15:45:07.929] [ERROR] default - PROVIDER ERROR: Error: Invalid argument
    at pu (/mnt/c/code/polybotv3/scripts/modules/convertBN.ts:20:15)
    at AmountConverter.tradeToPrice (/mnt/c/code/polybotv3/scripts/v2/modules/amountConverter.ts:105:25)
    at processTicksAndRejections (node:internal/process/task_queues:95:5)
    at async Trade.getSize (/mnt/c/code/polybotv3/scripts/v2/getTrade.ts:69:19)
    at async Trade.getTrade (/mnt/c/code/polybotv3/scripts/v2/getTrade.ts:85:65)
    at async control (/mnt/c/code/polybotv3/scripts/v2/control.ts:47:19)
    at async /mnt/c/code/polybotv3/index.ts:44:5
    at async Promise.all (index 0)
    at async JsonRpcProvider.<anonymous> (/mnt/c/code/polybotv3/index.ts:43:4)
[2024-01-18T15:45:07.931] [ERROR] default - PROVIDER ERROR: Error: Invalid argument
    at pu (/mnt/c/code/polybotv3/scripts/modules/convertBN.ts:20:15)
    at AmountConverter.tradeToPrice (/mnt/c/code/polybotv3/scripts/v2/modules/amountConverter.ts:105:25)
    at processTicksAndRejections (node:internal/process/task_queues:95:5)
    at async Trade.getSize (/mnt/c/code/polybotv3/scripts/v2/getTrade.ts:69:19)
    at async Trade.getTrade (/mnt/c/code/polybotv3/scripts/v2/getTrade.ts:85:65)
    at async control (/mnt/c/code/polybotv3/scripts/v2/control.ts:47:19)
    at async /mnt/c/code/polybotv3/index.ts:44:5
    at async Promise.all (index 0)
    at async JsonRpcProvider.<anonymous> (/mnt/c/code/polybotv3/index.ts:43:4)
[2024-01-18T15:45:09.468] [INFO] default - New block received: Block # 51501018
[2024-01-18T15:45:12.532] [ERROR] default - PROVIDER ERROR: Error: Invalid argument
    at pu (/mnt/c/code/polybotv3/scripts/modules/convertBN.ts:20:15)
    at AmountConverter.tradeToPrice (/mnt/c/code/polybotv3/scripts/v2/modules/amountConverter.ts:105:25)
    at processTicksAndRejections (node:internal/process/task_queues:95:5)
    at async Trade.getSize (/mnt/c/code/polybotv3/scripts/v2/getTrade.ts:69:19)
    at async Trade.getTrade (/mnt/c/code/polybotv3/scripts/v2/getTrade.ts:85:65)
    at async control (/mnt/c/code/polybotv3/scripts/v2/control.ts:47:19)
    at async /mnt/c/code/polybotv3/index.ts:44:5
    at async Promise.all (index 0)
    at async JsonRpcProvider.<anonymous> (/mnt/c/code/polybotv3/index.ts:43:4)
[2024-01-18T15:45:14.669] [INFO] default - New block received: Block # 51501019
[2024-01-18T15:45:14.683] [INFO] default - New block received: Block # 51501020
[2024-01-18T15:45:16.204] [ERROR] default - PROVIDER ERROR: Error: Invalid argument
    at pu (/mnt/c/code/polybotv3/scripts/modules/convertBN.ts:20:15)
    at AmountConverter.tradeToPrice (/mnt/c/code/polybotv3/scripts/v2/modules/amountConverter.ts:105:25)
    at processTicksAndRejections (node:internal/process/task_queues:95:5)
    at async Trade.getSize (/mnt/c/code/polybotv3/scripts/v2/getTrade.ts:69:19)
    at async Trade.getTrade (/mnt/c/code/polybotv3/scripts/v2/getTrade.ts:85:65)
    at async control (/mnt/c/code/polybotv3/scripts/v2/control.ts:47:19)
    at async /mnt/c/code/polybotv3/index.ts:44:5
    at async Promise.all (index 0)
    at async JsonRpcProvider.<anonymous> (/mnt/c/code/polybotv3/index.ts:43:4)
[2024-01-18T15:45:17.623] [ERROR] default - PROVIDER ERROR: Error: Invalid argument
    at pu (/mnt/c/code/polybotv3/scripts/modules/convertBN.ts:20:15)
    at AmountConverter.tradeToPrice (/mnt/c/code/polybotv3/scripts/v2/modules/amountConverter.ts:105:25)
    at processTicksAndRejections (node:internal/process/task_queues:95:5)
    at async Trade.getSize (/mnt/c/code/polybotv3/scripts/v2/getTrade.ts:69:19)
    at async Trade.getTrade (/mnt/c/code/polybotv3/scripts/v2/getTrade.ts:85:65)
    at async control (/mnt/c/code/polybotv3/scripts/v2/control.ts:47:19)
    at async /mnt/c/code/polybotv3/index.ts:44:5
    at async Promise.all (index 0)
    at async JsonRpcProvider.<anonymous> (/mnt/c/code/polybotv3/index.ts:43:4)
[2024-01-18T15:45:20.681] [INFO] default - New block received: Block # 51501021
[2024-01-18T15:45:25.122] [ERROR] default - PROVIDER ERROR: Error: Invalid argument
    at pu (/mnt/c/code/polybotv3/scripts/modules/convertBN.ts:20:15)
    at AmountConverter.tradeToPrice (/mnt/c/code/polybotv3/scripts/v2/modules/amountConverter.ts:105:25)
    at processTicksAndRejections (node:internal/process/task_queues:95:5)
    at async Trade.getSize (/mnt/c/code/polybotv3/scripts/v2/getTrade.ts:69:19)
    at async Trade.getTrade (/mnt/c/code/polybotv3/scripts/v2/getTrade.ts:85:65)
    at async control (/mnt/c/code/polybotv3/scripts/v2/control.ts:47:19)
    at async /mnt/c/code/polybotv3/index.ts:44:5
    at async Promise.all (index 0)
    at async JsonRpcProvider.<anonymous> (/mnt/c/code/polybotv3/index.ts:43:4)
[2024-01-18T15:45:25.123] [ERROR] default - PROVIDER ERROR: Error: Invalid argument
    at pu (/mnt/c/code/polybotv3/scripts/modules/convertBN.ts:20:15)
    at AmountConverter.tradeToPrice (/mnt/c/code/polybotv3/scripts/v2/modules/amountConverter.ts:105:25)
    at processTicksAndRejections (node:internal/process/task_queues:95:5)
    at async Trade.getSize (/mnt/c/code/polybotv3/scripts/v2/getTrade.ts:69:19)
    at async Trade.getTrade (/mnt/c/code/polybotv3/scripts/v2/getTrade.ts:85:65)
    at async control (/mnt/c/code/polybotv3/scripts/v2/control.ts:47:19)
    at async /mnt/c/code/polybotv3/index.ts:44:5
    at async Promise.all (index 0)
    at async JsonRpcProvider.<anonymous> (/mnt/c/code/polybotv3/index.ts:43:4)
[2024-01-18T15:45:26.450] [INFO] default - New block received: Block # 51501022
[2024-01-18T15:45:28.020] [ERROR] default - PROVIDER ERROR: Error: Invalid argument
    at pu (/mnt/c/code/polybotv3/scripts/modules/convertBN.ts:20:15)
    at AmountConverter.tradeToPrice (/mnt/c/code/polybotv3/scripts/v2/modules/amountConverter.ts:105:25)
    at processTicksAndRejections (node:internal/process/task_queues:95:5)
    at async Trade.getSize (/mnt/c/code/polybotv3/scripts/v2/getTrade.ts:69:19)
    at async Trade.getTrade (/mnt/c/code/polybotv3/scripts/v2/getTrade.ts:85:65)
    at async control (/mnt/c/code/polybotv3/scripts/v2/control.ts:47:19)
    at async /mnt/c/code/polybotv3/index.ts:44:5
    at async Promise.all (index 0)
    at async JsonRpcProvider.<anonymous> (/mnt/c/code/polybotv3/index.ts:43:4)
[2024-01-18T15:45:31.152] [ERROR] default - PROVIDER ERROR: Error: Invalid argument
    at pu (/mnt/c/code/polybotv3/scripts/modules/convertBN.ts:20:15)
    at AmountConverter.tradeToPrice (/mnt/c/code/polybotv3/scripts/v2/modules/amountConverter.ts:105:25)
    at processTicksAndRejections (node:internal/process/task_queues:95:5)
    at async Trade.getSize (/mnt/c/code/polybotv3/scripts/v2/getTrade.ts:69:19)
    at async Trade.getTrade (/mnt/c/code/polybotv3/scripts/v2/getTrade.ts:85:65)
    at async control (/mnt/c/code/polybotv3/scripts/v2/control.ts:47:19)
    at async /mnt/c/code/polybotv3/index.ts:44:5
    at async Promise.all (index 0)
    at async JsonRpcProvider.<anonymous> (/mnt/c/code/polybotv3/index.ts:43:4)
[2024-01-18T15:45:31.153] [INFO] default - New block received: Block # 51501023
[2024-01-18T15:45:31.154] [INFO] default - New block received: Block # 51501024
[2024-01-18T15:45:37.018] [ERROR] default - PROVIDER ERROR: Error: Invalid argument
    at pu (/mnt/c/code/polybotv3/scripts/modules/convertBN.ts:20:15)
    at AmountConverter.tradeToPrice (/mnt/c/code/polybotv3/scripts/v2/modules/amountConverter.ts:105:25)
    at processTicksAndRejections (node:internal/process/task_queues:95:5)
    at async Trade.getSize (/mnt/c/code/polybotv3/scripts/v2/getTrade.ts:69:19)
    at async Trade.getTrade (/mnt/c/code/polybotv3/scripts/v2/getTrade.ts:85:65)
    at async control (/mnt/c/code/polybotv3/scripts/v2/control.ts:47:19)
    at async /mnt/c/code/polybotv3/index.ts:44:5
    at async Promise.all (index 0)
    at async JsonRpcProvider.<anonymous> (/mnt/c/code/polybotv3/index.ts:43:4)
[2024-01-18T15:45:37.020] [ERROR] default - PROVIDER ERROR: Error: Invalid argument
    at pu (/mnt/c/code/polybotv3/scripts/modules/convertBN.ts:20:15)
    at AmountConverter.tradeToPrice (/mnt/c/code/polybotv3/scripts/v2/modules/amountConverter.ts:105:25)
    at processTicksAndRejections (node:internal/process/task_queues:95:5)
    at async Trade.getSize (/mnt/c/code/polybotv3/scripts/v2/getTrade.ts:69:19)
    at async Trade.getTrade (/mnt/c/code/polybotv3/scripts/v2/getTrade.ts:85:65)
    at async control (/mnt/c/code/polybotv3/scripts/v2/control.ts:47:19)
    at async /mnt/c/code/polybotv3/index.ts:44:5
    at async Promise.all (index 0)
    at async JsonRpcProvider.<anonymous> (/mnt/c/code/polybotv3/index.ts:43:4)
[2024-01-18T15:45:41.114] [INFO] default - New block received: Block # 51501025
[2024-01-18T15:45:41.119] [INFO] default - New block received: Block # 51501026
[2024-01-18T15:45:41.124] [INFO] default - New block received: Block # 51501027
[2024-01-18T15:45:41.134] [INFO] default - New block received: Block # 51501028
[2024-01-18T15:52:34.977] [ERROR] default - TELEGRAM ERROR: Telegram bot token not found in environment variables
[2024-01-18T15:52:39.047] [INFO] default - New block received: Block # 51501230
[2024-01-18T15:52:39.148] [INFO] default - New block received: Block # 51501231
[2024-01-18T15:52:46.186] [INFO] default - New block received: Block # 51501232
[2024-01-18T15:52:46.279] [ERROR] default - PROVIDER ERROR: Error: Invalid argument
    at pu (/mnt/c/code/polybotv3/scripts/modules/convertBN.ts:20:15)
    at AmountConverter.tradeToPrice (/mnt/c/code/polybotv3/scripts/v2/modules/amountConverter.ts:49:25)
    at processTicksAndRejections (node:internal/process/task_queues:95:5)
    at async Trade.getSize (/mnt/c/code/polybotv3/scripts/v2/getTrade.ts:69:19)
    at async Trade.getTrade (/mnt/c/code/polybotv3/scripts/v2/getTrade.ts:85:65)
    at async control (/mnt/c/code/polybotv3/scripts/v2/control.ts:47:19)
    at async /mnt/c/code/polybotv3/index.ts:44:5
    at async Promise.all (index 0)
    at async JsonRpcProvider.<anonymous> (/mnt/c/code/polybotv3/index.ts:43:4)
[2024-01-18T15:52:46.280] [ERROR] default - PROVIDER ERROR: Error: Invalid argument
    at pu (/mnt/c/code/polybotv3/scripts/modules/convertBN.ts:20:15)
    at AmountConverter.tradeToPrice (/mnt/c/code/polybotv3/scripts/v2/modules/amountConverter.ts:49:25)
    at processTicksAndRejections (node:internal/process/task_queues:95:5)
    at async Trade.getSize (/mnt/c/code/polybotv3/scripts/v2/getTrade.ts:69:19)
    at async Trade.getTrade (/mnt/c/code/polybotv3/scripts/v2/getTrade.ts:85:65)
    at async control (/mnt/c/code/polybotv3/scripts/v2/control.ts:47:19)
    at async /mnt/c/code/polybotv3/index.ts:44:5
    at async Promise.all (index 0)
    at async JsonRpcProvider.<anonymous> (/mnt/c/code/polybotv3/index.ts:43:4)
[2024-01-18T15:52:49.547] [ERROR] default - PROVIDER ERROR: Error: Invalid argument
    at pu (/mnt/c/code/polybotv3/scripts/modules/convertBN.ts:20:15)
    at AmountConverter.tradeToPrice (/mnt/c/code/polybotv3/scripts/v2/modules/amountConverter.ts:49:25)
    at processTicksAndRejections (node:internal/process/task_queues:95:5)
    at async Trade.getSize (/mnt/c/code/polybotv3/scripts/v2/getTrade.ts:69:19)
    at async Trade.getTrade (/mnt/c/code/polybotv3/scripts/v2/getTrade.ts:85:65)
    at async control (/mnt/c/code/polybotv3/scripts/v2/control.ts:47:19)
    at async /mnt/c/code/polybotv3/index.ts:44:5
    at async Promise.all (index 0)
    at async JsonRpcProvider.<anonymous> (/mnt/c/code/polybotv3/index.ts:43:4)
[2024-01-18T15:52:50.209] [INFO] default - New block received: Block # 51501233
[2024-01-18T15:52:50.212] [INFO] default - New block received: Block # 51501234
[2024-01-18T15:52:54.672] [ERROR] default - PROVIDER ERROR: Error: Invalid argument
    at pu (/mnt/c/code/polybotv3/scripts/modules/convertBN.ts:20:15)
    at AmountConverter.tradeToPrice (/mnt/c/code/polybotv3/scripts/v2/modules/amountConverter.ts:49:25)
    at processTicksAndRejections (node:internal/process/task_queues:95:5)
    at async Trade.getSize (/mnt/c/code/polybotv3/scripts/v2/getTrade.ts:69:19)
    at async Trade.getTrade (/mnt/c/code/polybotv3/scripts/v2/getTrade.ts:85:65)
    at async control (/mnt/c/code/polybotv3/scripts/v2/control.ts:47:19)
    at async /mnt/c/code/polybotv3/index.ts:44:5
    at async Promise.all (index 0)
    at async JsonRpcProvider.<anonymous> (/mnt/c/code/polybotv3/index.ts:43:4)
[2024-01-18T15:52:56.137] [ERROR] default - PROVIDER ERROR: Error: Invalid argument
    at pu (/mnt/c/code/polybotv3/scripts/modules/convertBN.ts:20:15)
    at AmountConverter.tradeToPrice (/mnt/c/code/polybotv3/scripts/v2/modules/amountConverter.ts:49:25)
    at processTicksAndRejections (node:internal/process/task_queues:95:5)
    at async Trade.getSize (/mnt/c/code/polybotv3/scripts/v2/getTrade.ts:69:19)
    at async Trade.getTrade (/mnt/c/code/polybotv3/scripts/v2/getTrade.ts:85:65)
    at async control (/mnt/c/code/polybotv3/scripts/v2/control.ts:47:19)
    at async /mnt/c/code/polybotv3/index.ts:44:5
    at async Promise.all (index 0)
    at async JsonRpcProvider.<anonymous> (/mnt/c/code/polybotv3/index.ts:43:4)
[2024-01-18T15:52:56.139] [INFO] default - New block received: Block # 51501235
[2024-01-18T15:52:56.144] [INFO] default - New block received: Block # 51501236
[2024-01-18T15:52:56.148] [INFO] default - New block received: Block # 51501237
[2024-01-18T15:53:04.347] [ERROR] default - PROVIDER ERROR: Error: Invalid argument
    at pu (/mnt/c/code/polybotv3/scripts/modules/convertBN.ts:20:15)
    at AmountConverter.tradeToPrice (/mnt/c/code/polybotv3/scripts/v2/modules/amountConverter.ts:49:25)
    at processTicksAndRejections (node:internal/process/task_queues:95:5)
    at async Trade.getSize (/mnt/c/code/polybotv3/scripts/v2/getTrade.ts:69:19)
    at async Trade.getTrade (/mnt/c/code/polybotv3/scripts/v2/getTrade.ts:85:65)
    at async control (/mnt/c/code/polybotv3/scripts/v2/control.ts:47:19)
    at async /mnt/c/code/polybotv3/index.ts:44:5
    at async Promise.all (index 0)
    at async JsonRpcProvider.<anonymous> (/mnt/c/code/polybotv3/index.ts:43:4)
[2024-01-18T15:53:04.348] [ERROR] default - PROVIDER ERROR: Error: Invalid argument
    at pu (/mnt/c/code/polybotv3/scripts/modules/convertBN.ts:20:15)
    at AmountConverter.tradeToPrice (/mnt/c/code/polybotv3/scripts/v2/modules/amountConverter.ts:49:25)
    at processTicksAndRejections (node:internal/process/task_queues:95:5)
    at async Trade.getSize (/mnt/c/code/polybotv3/scripts/v2/getTrade.ts:69:19)
    at async Trade.getTrade (/mnt/c/code/polybotv3/scripts/v2/getTrade.ts:85:65)
    at async control (/mnt/c/code/polybotv3/scripts/v2/control.ts:47:19)
    at async /mnt/c/code/polybotv3/index.ts:44:5
    at async Promise.all (index 0)
    at async JsonRpcProvider.<anonymous> (/mnt/c/code/polybotv3/index.ts:43:4)
[2024-01-18T15:53:04.349] [ERROR] default - PROVIDER ERROR: Error: Invalid argument
    at pu (/mnt/c/code/polybotv3/scripts/modules/convertBN.ts:20:15)
    at AmountConverter.tradeToPrice (/mnt/c/code/polybotv3/scripts/v2/modules/amountConverter.ts:49:25)
    at processTicksAndRejections (node:internal/process/task_queues:95:5)
    at async Trade.getSize (/mnt/c/code/polybotv3/scripts/v2/getTrade.ts:69:19)
    at async Trade.getTrade (/mnt/c/code/polybotv3/scripts/v2/getTrade.ts:85:65)
    at async control (/mnt/c/code/polybotv3/scripts/v2/control.ts:47:19)
    at async /mnt/c/code/polybotv3/index.ts:44:5
    at async Promise.all (index 0)
    at async JsonRpcProvider.<anonymous> (/mnt/c/code/polybotv3/index.ts:43:4)
[2024-01-18T15:53:05.159] [INFO] default - New block received: Block # 51501238
[2024-01-18T15:53:05.168] [INFO] default - New block received: Block # 51501239
[2024-01-18T15:58:26.381] [ERROR] default - TELEGRAM ERROR: Telegram bot token not found in environment variables
[2024-01-18T15:58:30.419] [INFO] default - New block received: Block # 51501396
[2024-01-18T15:58:30.512] [INFO] default - New block received: Block # 51501397
[2024-01-18T15:58:36.140] [ERROR] default - PROVIDER ERROR: Error: Invalid argument
    at pu (/mnt/c/code/polybotv3/scripts/modules/convertBN.ts:20:15)
    at AmountConverter.tradeToPrice (/mnt/c/code/polybotv3/scripts/v2/modules/amountConverter.ts:49:25)
    at processTicksAndRejections (node:internal/process/task_queues:95:5)
    at async Trade.getSize (/mnt/c/code/polybotv3/scripts/v2/getTrade.ts:69:19)
    at async Trade.getTrade (/mnt/c/code/polybotv3/scripts/v2/getTrade.ts:85:65)
    at async control (/mnt/c/code/polybotv3/scripts/v2/control.ts:47:19)
    at async /mnt/c/code/polybotv3/index.ts:44:5
    at async Promise.all (index 0)
    at async JsonRpcProvider.<anonymous> (/mnt/c/code/polybotv3/index.ts:43:4)
[2024-01-18T15:58:36.141] [ERROR] default - PROVIDER ERROR: Error: Invalid argument
    at pu (/mnt/c/code/polybotv3/scripts/modules/convertBN.ts:20:15)
    at AmountConverter.tradeToPrice (/mnt/c/code/polybotv3/scripts/v2/modules/amountConverter.ts:49:25)
    at processTicksAndRejections (node:internal/process/task_queues:95:5)
    at async Trade.getSize (/mnt/c/code/polybotv3/scripts/v2/getTrade.ts:69:19)
    at async Trade.getTrade (/mnt/c/code/polybotv3/scripts/v2/getTrade.ts:85:65)
    at async control (/mnt/c/code/polybotv3/scripts/v2/control.ts:47:19)
    at async /mnt/c/code/polybotv3/index.ts:44:5
    at async Promise.all (index 0)
    at async JsonRpcProvider.<anonymous> (/mnt/c/code/polybotv3/index.ts:43:4)
[2024-01-18T15:58:36.143] [INFO] default - New block received: Block # 51501398
[2024-01-18T15:58:36.144] [INFO] default - New block received: Block # 51501399
[2024-01-18T15:58:41.201] [ERROR] default - PROVIDER ERROR: Error: Invalid argument
    at pu (/mnt/c/code/polybotv3/scripts/modules/convertBN.ts:20:15)
    at AmountConverter.tradeToPrice (/mnt/c/code/polybotv3/scripts/v2/modules/amountConverter.ts:49:25)
    at processTicksAndRejections (node:internal/process/task_queues:95:5)
    at async Trade.getSize (/mnt/c/code/polybotv3/scripts/v2/getTrade.ts:69:19)
    at async Trade.getTrade (/mnt/c/code/polybotv3/scripts/v2/getTrade.ts:85:65)
    at async control (/mnt/c/code/polybotv3/scripts/v2/control.ts:47:19)
    at async /mnt/c/code/polybotv3/index.ts:44:5
    at async Promise.all (index 0)
    at async JsonRpcProvider.<anonymous> (/mnt/c/code/polybotv3/index.ts:43:4)
[2024-01-18T15:58:41.202] [ERROR] default - PROVIDER ERROR: Error: Invalid argument
    at pu (/mnt/c/code/polybotv3/scripts/modules/convertBN.ts:20:15)
    at AmountConverter.tradeToPrice (/mnt/c/code/polybotv3/scripts/v2/modules/amountConverter.ts:49:25)
    at processTicksAndRejections (node:internal/process/task_queues:95:5)
    at async Trade.getSize (/mnt/c/code/polybotv3/scripts/v2/getTrade.ts:69:19)
    at async Trade.getTrade (/mnt/c/code/polybotv3/scripts/v2/getTrade.ts:85:65)
    at async control (/mnt/c/code/polybotv3/scripts/v2/control.ts:47:19)
    at async /mnt/c/code/polybotv3/index.ts:44:5
    at async Promise.all (index 0)
    at async JsonRpcProvider.<anonymous> (/mnt/c/code/polybotv3/index.ts:43:4)
[2024-01-18T15:58:45.222] [INFO] default - New block received: Block # 51501400
[2024-01-18T15:58:45.230] [INFO] default - New block received: Block # 51501401
[2024-01-18T15:58:45.238] [INFO] default - New block received: Block # 51501402
[2024-01-18T15:58:45.244] [INFO] default - New block received: Block # 51501403
[2024-01-18T16:02:43.839] [ERROR] default - TELEGRAM ERROR: Telegram bot token not found in environment variables
[2024-01-18T16:02:47.875] [INFO] default - New block received: Block # 51501520
[2024-01-18T16:02:47.934] [INFO] default - New block received: Block # 51501521
[2024-01-18T16:02:53.292] [INFO] default - New block received: Block # 51501522
[2024-01-18T16:02:53.297] [INFO] default - New block received: Block # 51501523
[2024-01-18T16:02:53.681] [ERROR] default - PROVIDER ERROR: Error: Invalid argument
    at pu (/mnt/c/code/polybotv3/scripts/modules/convertBN.ts:20:15)
    at Trade.getTrade (/mnt/c/code/polybotv3/scripts/v2/getTrade.ts:190:6)
    at processTicksAndRejections (node:internal/process/task_queues:95:5)
    at async control (/mnt/c/code/polybotv3/scripts/v2/control.ts:47:19)
    at async /mnt/c/code/polybotv3/index.ts:44:5
    at async Promise.all (index 0)
    at async JsonRpcProvider.<anonymous> (/mnt/c/code/polybotv3/index.ts:43:4)
[2024-01-18T16:02:53.682] [ERROR] default - PROVIDER ERROR: Error: Invalid argument
    at pu (/mnt/c/code/polybotv3/scripts/modules/convertBN.ts:20:15)
    at Trade.getTrade (/mnt/c/code/polybotv3/scripts/v2/getTrade.ts:190:6)
    at processTicksAndRejections (node:internal/process/task_queues:95:5)
    at async control (/mnt/c/code/polybotv3/scripts/v2/control.ts:47:19)
    at async /mnt/c/code/polybotv3/index.ts:44:5
    at async Promise.all (index 0)
    at async JsonRpcProvider.<anonymous> (/mnt/c/code/polybotv3/index.ts:43:4)
[2024-01-18T16:02:59.426] [INFO] default - New block received: Block # 51501524
[2024-01-18T16:02:59.432] [INFO] default - New block received: Block # 51501525
[2024-01-18T16:03:00.446] [ERROR] default - PROVIDER ERROR: Error: Invalid argument
    at pu (/mnt/c/code/polybotv3/scripts/modules/convertBN.ts:20:15)
    at Trade.getTrade (/mnt/c/code/polybotv3/scripts/v2/getTrade.ts:190:6)
    at processTicksAndRejections (node:internal/process/task_queues:95:5)
    at async control (/mnt/c/code/polybotv3/scripts/v2/control.ts:47:19)
    at async /mnt/c/code/polybotv3/index.ts:44:5
    at async Promise.all (index 0)
    at async JsonRpcProvider.<anonymous> (/mnt/c/code/polybotv3/index.ts:43:4)
[2024-01-18T16:03:00.447] [ERROR] default - PROVIDER ERROR: Error: Invalid argument
    at pu (/mnt/c/code/polybotv3/scripts/modules/convertBN.ts:20:15)
    at Trade.getTrade (/mnt/c/code/polybotv3/scripts/v2/getTrade.ts:190:6)
    at processTicksAndRejections (node:internal/process/task_queues:95:5)
    at async control (/mnt/c/code/polybotv3/scripts/v2/control.ts:47:19)
    at async /mnt/c/code/polybotv3/index.ts:44:5
    at async Promise.all (index 0)
    at async JsonRpcProvider.<anonymous> (/mnt/c/code/polybotv3/index.ts:43:4)
[2024-01-18T16:03:05.915] [INFO] default - New block received: Block # 51501526
[2024-01-18T16:03:05.928] [INFO] default - New block received: Block # 51501527
[2024-01-18T16:03:06.505] [ERROR] default - PROVIDER ERROR: Error: Invalid argument
    at pu (/mnt/c/code/polybotv3/scripts/modules/convertBN.ts:20:15)
    at Trade.getTrade (/mnt/c/code/polybotv3/scripts/v2/getTrade.ts:190:6)
    at processTicksAndRejections (node:internal/process/task_queues:95:5)
    at async control (/mnt/c/code/polybotv3/scripts/v2/control.ts:47:19)
    at async /mnt/c/code/polybotv3/index.ts:44:5
    at async Promise.all (index 0)
    at async JsonRpcProvider.<anonymous> (/mnt/c/code/polybotv3/index.ts:43:4)
[2024-01-18T16:03:06.505] [ERROR] default - PROVIDER ERROR: Error: Invalid argument
    at pu (/mnt/c/code/polybotv3/scripts/modules/convertBN.ts:20:15)
    at Trade.getTrade (/mnt/c/code/polybotv3/scripts/v2/getTrade.ts:190:6)
    at processTicksAndRejections (node:internal/process/task_queues:95:5)
    at async control (/mnt/c/code/polybotv3/scripts/v2/control.ts:47:19)
    at async /mnt/c/code/polybotv3/index.ts:44:5
    at async Promise.all (index 0)
    at async JsonRpcProvider.<anonymous> (/mnt/c/code/polybotv3/index.ts:43:4)
[2024-01-18T16:06:12.868] [ERROR] default - TELEGRAM ERROR: Telegram bot token not found in environment variables
[2024-01-18T16:07:27.664] [ERROR] default - TELEGRAM ERROR: Telegram bot token not found in environment variables
[2024-01-18T16:08:56.518] [INFO] default - New block received: Block # 51501530
[2024-01-18T16:08:56.593] [INFO] default - New block received: Block # 51501531
[2024-01-18T16:09:01.844] [INFO] default - New block received: Block # 51501532
[2024-01-18T16:09:08.018] [INFO] default - New block received: Block # 51501533
[2024-01-18T16:09:08.126] [ERROR] default - PROVIDER ERROR: Error: Invalid argument
    at pu (/mnt/c/code/polybotv3/scripts/modules/convertBN.ts:20:15)
    at Trade.getTrade (/mnt/c/code/polybotv3/scripts/v2/getTrade.ts:190:6)
    at processTicksAndRejections (node:internal/process/task_queues:95:5)
    at async control (/mnt/c/code/polybotv3/scripts/v2/control.ts:47:19)
    at async /mnt/c/code/polybotv3/index.ts:44:5
    at async Promise.all (index 0)
    at async JsonRpcProvider.<anonymous> (/mnt/c/code/polybotv3/index.ts:43:4)
[2024-01-18T16:09:08.129] [ERROR] default - PROVIDER ERROR: Error: Invalid argument
    at pu (/mnt/c/code/polybotv3/scripts/modules/convertBN.ts:20:15)
    at Trade.getTrade (/mnt/c/code/polybotv3/scripts/v2/getTrade.ts:190:6)
    at processTicksAndRejections (node:internal/process/task_queues:95:5)
    at async control (/mnt/c/code/polybotv3/scripts/v2/control.ts:47:19)
    at async /mnt/c/code/polybotv3/index.ts:44:5
    at async Promise.all (index 0)
    at async JsonRpcProvider.<anonymous> (/mnt/c/code/polybotv3/index.ts:43:4)
[2024-01-18T16:09:12.050] [ERROR] default - PROVIDER ERROR: Error: Invalid argument
    at pu (/mnt/c/code/polybotv3/scripts/modules/convertBN.ts:20:15)
    at Trade.getTrade (/mnt/c/code/polybotv3/scripts/v2/getTrade.ts:190:6)
    at processTicksAndRejections (node:internal/process/task_queues:95:5)
    at async control (/mnt/c/code/polybotv3/scripts/v2/control.ts:47:19)
    at async /mnt/c/code/polybotv3/index.ts:44:5
    at async Promise.all (index 0)
    at async JsonRpcProvider.<anonymous> (/mnt/c/code/polybotv3/index.ts:43:4)
[2024-01-18T16:09:13.229] [INFO] default - New block received: Block # 51501534
[2024-01-18T16:09:13.245] [INFO] default - New block received: Block # 51501535
[2024-01-18T16:09:13.271] [INFO] default - New block received: Block # 51501536
[2024-01-18T16:09:13.466] [ERROR] default - PROVIDER ERROR: Error: Invalid argument
    at pu (/mnt/c/code/polybotv3/scripts/modules/convertBN.ts:20:15)
    at Trade.getTrade (/mnt/c/code/polybotv3/scripts/v2/getTrade.ts:190:6)
    at processTicksAndRejections (node:internal/process/task_queues:95:5)
    at async control (/mnt/c/code/polybotv3/scripts/v2/control.ts:47:19)
    at async /mnt/c/code/polybotv3/index.ts:44:5
    at async Promise.all (index 0)
    at async JsonRpcProvider.<anonymous> (/mnt/c/code/polybotv3/index.ts:43:4)
[2024-01-18T16:09:21.895] [ERROR] default - PROVIDER ERROR: Error: Invalid argument
    at pu (/mnt/c/code/polybotv3/scripts/modules/convertBN.ts:20:15)
    at Trade.getTrade (/mnt/c/code/polybotv3/scripts/v2/getTrade.ts:190:6)
    at processTicksAndRejections (node:internal/process/task_queues:95:5)
    at async control (/mnt/c/code/polybotv3/scripts/v2/control.ts:47:19)
    at async /mnt/c/code/polybotv3/index.ts:44:5
    at async Promise.all (index 0)
    at async JsonRpcProvider.<anonymous> (/mnt/c/code/polybotv3/index.ts:43:4)
[2024-01-18T16:09:23.073] [INFO] default - New block received: Block # 51501537
[2024-01-18T16:09:23.077] [INFO] default - New block received: Block # 51501538
[2024-01-18T16:09:23.083] [INFO] default - New block received: Block # 51501539
[2024-01-18T16:09:25.505] [ERROR] default - PROVIDER ERROR: Error: Invalid argument
    at pu (/mnt/c/code/polybotv3/scripts/modules/convertBN.ts:20:15)
    at Trade.getTrade (/mnt/c/code/polybotv3/scripts/v2/getTrade.ts:190:6)
    at processTicksAndRejections (node:internal/process/task_queues:95:5)
    at async control (/mnt/c/code/polybotv3/scripts/v2/control.ts:47:19)
    at async /mnt/c/code/polybotv3/index.ts:44:5
    at async Promise.all (index 0)
    at async JsonRpcProvider.<anonymous> (/mnt/c/code/polybotv3/index.ts:43:4)
[2024-01-18T16:09:29.851] [INFO] default - New block received: Block # 51501540
[2024-01-18T16:09:29.857] [INFO] default - New block received: Block # 51501541
[2024-01-18T16:09:33.618] [ERROR] default - PROVIDER ERROR: Error: Invalid argument
    at pu (/mnt/c/code/polybotv3/scripts/modules/convertBN.ts:20:15)
    at Trade.getTrade (/mnt/c/code/polybotv3/scripts/v2/getTrade.ts:190:6)
    at processTicksAndRejections (node:internal/process/task_queues:95:5)
    at async control (/mnt/c/code/polybotv3/scripts/v2/control.ts:47:19)
    at async /mnt/c/code/polybotv3/index.ts:44:5
    at async Promise.all (index 0)
    at async JsonRpcProvider.<anonymous> (/mnt/c/code/polybotv3/index.ts:43:4)
[2024-01-18T16:09:37.808] [ERROR] default - PROVIDER ERROR: Error: Invalid argument
    at pu (/mnt/c/code/polybotv3/scripts/modules/convertBN.ts:20:15)
    at Trade.getTrade (/mnt/c/code/polybotv3/scripts/v2/getTrade.ts:190:6)
    at processTicksAndRejections (node:internal/process/task_queues:95:5)
    at async control (/mnt/c/code/polybotv3/scripts/v2/control.ts:47:19)
    at async /mnt/c/code/polybotv3/index.ts:44:5
    at async Promise.all (index 0)
    at async JsonRpcProvider.<anonymous> (/mnt/c/code/polybotv3/index.ts:43:4)
[2024-01-18T16:09:38.366] [ERROR] default - PROVIDER ERROR: Error: Invalid argument
    at pu (/mnt/c/code/polybotv3/scripts/modules/convertBN.ts:20:15)
    at Trade.getTrade (/mnt/c/code/polybotv3/scripts/v2/getTrade.ts:190:6)
    at processTicksAndRejections (node:internal/process/task_queues:95:5)
    at async control (/mnt/c/code/polybotv3/scripts/v2/control.ts:47:19)
    at async /mnt/c/code/polybotv3/index.ts:44:5
    at async Promise.all (index 0)
    at async JsonRpcProvider.<anonymous> (/mnt/c/code/polybotv3/index.ts:43:4)
[2024-01-18T16:09:38.368] [ERROR] default - PROVIDER ERROR: Error: Invalid argument
    at pu (/mnt/c/code/polybotv3/scripts/modules/convertBN.ts:20:15)
    at Trade.getTrade (/mnt/c/code/polybotv3/scripts/v2/getTrade.ts:190:6)
    at processTicksAndRejections (node:internal/process/task_queues:95:5)
    at async control (/mnt/c/code/polybotv3/scripts/v2/control.ts:47:19)
    at async /mnt/c/code/polybotv3/index.ts:44:5
    at async Promise.all (index 0)
    at async JsonRpcProvider.<anonymous> (/mnt/c/code/polybotv3/index.ts:43:4)
[2024-01-18T16:09:38.371] [INFO] default - New block received: Block # 51501542
[2024-01-18T16:09:38.374] [INFO] default - New block received: Block # 51501543
[2024-01-18T16:09:46.290] [ERROR] default - PROVIDER ERROR: Error: Invalid argument
    at pu (/mnt/c/code/polybotv3/scripts/modules/convertBN.ts:20:15)
    at Trade.getTrade (/mnt/c/code/polybotv3/scripts/v2/getTrade.ts:190:6)
    at processTicksAndRejections (node:internal/process/task_queues:95:5)
    at async control (/mnt/c/code/polybotv3/scripts/v2/control.ts:47:19)
    at async /mnt/c/code/polybotv3/index.ts:44:5
    at async Promise.all (index 0)
    at async JsonRpcProvider.<anonymous> (/mnt/c/code/polybotv3/index.ts:43:4)
[2024-01-18T16:09:46.291] [ERROR] default - PROVIDER ERROR: Error: Invalid argument
    at pu (/mnt/c/code/polybotv3/scripts/modules/convertBN.ts:20:15)
    at Trade.getTrade (/mnt/c/code/polybotv3/scripts/v2/getTrade.ts:190:6)
    at processTicksAndRejections (node:internal/process/task_queues:95:5)
    at async control (/mnt/c/code/polybotv3/scripts/v2/control.ts:47:19)
    at async /mnt/c/code/polybotv3/index.ts:44:5
    at async Promise.all (index 0)
    at async JsonRpcProvider.<anonymous> (/mnt/c/code/polybotv3/index.ts:43:4)
[2024-01-18T16:09:46.296] [INFO] default - New block received: Block # 51501544
[2024-01-18T16:09:46.299] [INFO] default - New block received: Block # 51501545
[2024-01-18T16:09:50.013] [ERROR] default - Error (getReserves(0xd32f3139A214034A0f9777c87eE0a064c1FF6AE2)): Error: read ECONNRESET
[2024-01-18T16:09:50.014] [ERROR] default - Error: read ECONNRESET
    at TCP.onStreamRead (node:internal/stream_base_commons:217:20) {
  errno: -104,
  code: 'ECONNRESET',
  syscall: 'read'
}
[2024-01-18T16:09:50.015] [ERROR] default - Error (getReserves(0xd32f3139A214034A0f9777c87eE0a064c1FF6AE2)): Error: read ECONNRESET
[2024-01-18T16:09:50.016] [ERROR] default - Error: read ECONNRESET
    at TCP.onStreamRead (node:internal/stream_base_commons:217:20) {
  errno: -104,
  code: 'ECONNRESET',
  syscall: 'read'
}
[2024-01-18T16:09:50.016] [ERROR] default - Error (getReserves(0xd32f3139A214034A0f9777c87eE0a064c1FF6AE2)): Error: read ECONNRESET
[2024-01-18T16:09:50.016] [ERROR] default - Error: read ECONNRESET
    at TCP.onStreamRead (node:internal/stream_base_commons:217:20) {
  errno: -104,
  code: 'ECONNRESET',
  syscall: 'read'
}
[2024-01-18T16:09:50.017] [ERROR] default - Error (getReserves(0xd32f3139A214034A0f9777c87eE0a064c1FF6AE2)): Error: read ECONNRESET
[2024-01-18T16:09:50.017] [ERROR] default - Error: read ECONNRESET
    at TCP.onStreamRead (node:internal/stream_base_commons:217:20) {
  errno: -104,
  code: 'ECONNRESET',
  syscall: 'read'
}
[2024-01-18T16:09:50.018] [ERROR] default - Error (getReserves(0xd32f3139A214034A0f9777c87eE0a064c1FF6AE2)): Error: read ECONNRESET
[2024-01-18T16:09:50.018] [ERROR] default - Error: read ECONNRESET
    at TCP.onStreamRead (node:internal/stream_base_commons:217:20) {
  errno: -104,
  code: 'ECONNRESET',
  syscall: 'read'
}
[2024-01-18T16:09:50.019] [ERROR] default - Error (getReserves(0xd32f3139A214034A0f9777c87eE0a064c1FF6AE2)): Error: read ECONNRESET
[2024-01-18T16:09:50.019] [ERROR] default - Error: read ECONNRESET
    at TCP.onStreamRead (node:internal/stream_base_commons:217:20) {
  errno: -104,
  code: 'ECONNRESET',
  syscall: 'read'
}
[2024-01-18T16:09:50.019] [ERROR] default - Error (getReserves(0x65D43B64E3B31965Cd5EA367D4c2b94c03084797)): Error: read ECONNRESET
[2024-01-18T16:09:50.019] [ERROR] default - Error: read ECONNRESET
    at TCP.onStreamRead (node:internal/stream_base_commons:217:20) {
  errno: -104,
  code: 'ECONNRESET',
  syscall: 'read'
}
[2024-01-18T16:09:50.020] [ERROR] default - Error (getReserves(0x65D43B64E3B31965Cd5EA367D4c2b94c03084797)): Error: read ECONNRESET
[2024-01-18T16:09:50.020] [ERROR] default - Error: read ECONNRESET
    at TCP.onStreamRead (node:internal/stream_base_commons:217:20) {
  errno: -104,
  code: 'ECONNRESET',
  syscall: 'read'
}
[2024-01-18T16:09:50.020] [ERROR] default - Error (getReserves(0xC8174d091c288FF78De98303c2973140Cbcf3B23)): Error: read ECONNRESET
[2024-01-18T16:09:50.021] [ERROR] default - Error: read ECONNRESET
    at TCP.onStreamRead (node:internal/stream_base_commons:217:20) {
  errno: -104,
  code: 'ECONNRESET',
  syscall: 'read'
}
[2024-01-18T16:09:50.021] [ERROR] default - Error (getReserves(0xC8174d091c288FF78De98303c2973140Cbcf3B23)): Error: read ECONNRESET
[2024-01-18T16:09:50.021] [ERROR] default - Error: read ECONNRESET
    at TCP.onStreamRead (node:internal/stream_base_commons:217:20) {
  errno: -104,
  code: 'ECONNRESET',
  syscall: 'read'
}
[2024-01-18T16:09:50.021] [ERROR] default - Error (getReserves(0xd32f3139A214034A0f9777c87eE0a064c1FF6AE2)): Error: read ECONNRESET
[2024-01-18T16:09:50.022] [ERROR] default - Error: read ECONNRESET
    at TCP.onStreamRead (node:internal/stream_base_commons:217:20) {
  errno: -104,
  code: 'ECONNRESET',
  syscall: 'read'
}
[2024-01-18T16:09:50.022] [ERROR] default - Error (getReserves(0xd32f3139A214034A0f9777c87eE0a064c1FF6AE2)): Error: read ECONNRESET
[2024-01-18T16:09:50.022] [ERROR] default - Error: read ECONNRESET
    at TCP.onStreamRead (node:internal/stream_base_commons:217:20) {
  errno: -104,
  code: 'ECONNRESET',
  syscall: 'read'
}
[2024-01-18T16:09:50.022] [ERROR] default - Error (getReserves(0x97B4f2797cC903D76F9b8ff41A94286F0B16198e)): Error: read ECONNRESET
[2024-01-18T16:09:50.023] [ERROR] default - Error: read ECONNRESET
    at TCP.onStreamRead (node:internal/stream_base_commons:217:20) {
  errno: -104,
  code: 'ECONNRESET',
  syscall: 'read'
}
[2024-01-18T16:09:50.023] [ERROR] default - Error (getReserves(0x97B4f2797cC903D76F9b8ff41A94286F0B16198e)): Error: read ECONNRESET
[2024-01-18T16:09:50.023] [ERROR] default - Error: read ECONNRESET
    at TCP.onStreamRead (node:internal/stream_base_commons:217:20) {
  errno: -104,
  code: 'ECONNRESET',
  syscall: 'read'
}
[2024-01-18T16:09:50.023] [ERROR] default - Error (getReserves(0xC8174d091c288FF78De98303c2973140Cbcf3B23)): Error: read ECONNRESET
[2024-01-18T16:09:50.024] [ERROR] default - Error: read ECONNRESET
    at TCP.onStreamRead (node:internal/stream_base_commons:217:20) {
  errno: -104,
  code: 'ECONNRESET',
  syscall: 'read'
}
[2024-01-18T16:09:50.024] [ERROR] default - Error (getReserves(0xC8174d091c288FF78De98303c2973140Cbcf3B23)): Error: read ECONNRESET
[2024-01-18T16:09:50.024] [ERROR] default - Error: read ECONNRESET
    at TCP.onStreamRead (node:internal/stream_base_commons:217:20) {
  errno: -104,
  code: 'ECONNRESET',
  syscall: 'read'
}
[2024-01-18T16:09:50.024] [ERROR] default - Error (getReserves(0xd32f3139A214034A0f9777c87eE0a064c1FF6AE2)): Error: read ECONNRESET
[2024-01-18T16:09:50.025] [ERROR] default - Error: read ECONNRESET
    at TCP.onStreamRead (node:internal/stream_base_commons:217:20) {
  errno: -104,
  code: 'ECONNRESET',
  syscall: 'read'
}
[2024-01-18T16:09:50.025] [ERROR] default - Error (getReserves(0xd32f3139A214034A0f9777c87eE0a064c1FF6AE2)): Error: read ECONNRESET
[2024-01-18T16:09:50.025] [ERROR] default - Error: read ECONNRESET
    at TCP.onStreamRead (node:internal/stream_base_commons:217:20) {
  errno: -104,
  code: 'ECONNRESET',
  syscall: 'read'
}
[2024-01-18T16:09:50.026] [ERROR] default - Error (getReserves(0xC8174d091c288FF78De98303c2973140Cbcf3B23)): Error: read ECONNRESET
[2024-01-18T16:09:50.026] [ERROR] default - Error: read ECONNRESET
    at TCP.onStreamRead (node:internal/stream_base_commons:217:20) {
  errno: -104,
  code: 'ECONNRESET',
  syscall: 'read'
}
[2024-01-18T16:09:50.027] [ERROR] default - Error (getReserves(0xC8174d091c288FF78De98303c2973140Cbcf3B23)): Error: read ECONNRESET
[2024-01-18T16:09:50.027] [ERROR] default - Error: read ECONNRESET
    at TCP.onStreamRead (node:internal/stream_base_commons:217:20) {
  errno: -104,
  code: 'ECONNRESET',
  syscall: 'read'
}
[2024-01-18T16:09:50.028] [ERROR] default - Error (getReserves(0x9cE65ae286e74f1268D19aB9b25f102C25DbDCb4)): Error: read ECONNRESET
[2024-01-18T16:09:50.028] [ERROR] default - Error: read ECONNRESET
    at TCP.onStreamRead (node:internal/stream_base_commons:217:20) {
  errno: -104,
  code: 'ECONNRESET',
  syscall: 'read'
}
[2024-01-18T16:09:50.029] [ERROR] default - Error (getReserves(0x9cE65ae286e74f1268D19aB9b25f102C25DbDCb4)): Error: read ECONNRESET
[2024-01-18T16:09:50.029] [ERROR] default - Error: read ECONNRESET
    at TCP.onStreamRead (node:internal/stream_base_commons:217:20) {
  errno: -104,
  code: 'ECONNRESET',
  syscall: 'read'
}
[2024-01-18T16:09:50.030] [ERROR] default - Error (getReserves(0x101640e107C4a72DeC79826768C239F1eB48cc85)): Error: read ECONNRESET
[2024-01-18T16:09:50.030] [ERROR] default - Error: read ECONNRESET
    at TCP.onStreamRead (node:internal/stream_base_commons:217:20) {
  errno: -104,
  code: 'ECONNRESET',
  syscall: 'read'
}
[2024-01-18T16:09:50.031] [ERROR] default - Error (getReserves(0x101640e107C4a72DeC79826768C239F1eB48cc85)): Error: read ECONNRESET
[2024-01-18T16:09:50.031] [ERROR] default - Error: read ECONNRESET
    at TCP.onStreamRead (node:internal/stream_base_commons:217:20) {
  errno: -104,
  code: 'ECONNRESET',
  syscall: 'read'
}
[2024-01-18T16:09:50.031] [ERROR] default - Error (getReserves(0x101640e107C4a72DeC79826768C239F1eB48cc85)): Error: read ECONNRESET
[2024-01-18T16:09:50.032] [ERROR] default - Error: read ECONNRESET
    at TCP.onStreamRead (node:internal/stream_base_commons:217:20) {
  errno: -104,
  code: 'ECONNRESET',
  syscall: 'read'
}
[2024-01-18T16:09:50.032] [ERROR] default - Error (getReserves(0x101640e107C4a72DeC79826768C239F1eB48cc85)): Error: read ECONNRESET
[2024-01-18T16:09:50.033] [ERROR] default - Error: read ECONNRESET
    at TCP.onStreamRead (node:internal/stream_base_commons:217:20) {
  errno: -104,
  code: 'ECONNRESET',
  syscall: 'read'
}
[2024-01-18T16:09:50.033] [ERROR] default - Error (getReserves(0x101640e107C4a72DeC79826768C239F1eB48cc85)): Error: read ECONNRESET
[2024-01-18T16:09:50.033] [ERROR] default - Error: read ECONNRESET
    at TCP.onStreamRead (node:internal/stream_base_commons:217:20) {
  errno: -104,
  code: 'ECONNRESET',
  syscall: 'read'
}
[2024-01-18T16:09:50.034] [ERROR] default - Error (getReserves(0x101640e107C4a72DeC79826768C239F1eB48cc85)): Error: read ECONNRESET
[2024-01-18T16:09:50.034] [ERROR] default - Error: read ECONNRESET
    at TCP.onStreamRead (node:internal/stream_base_commons:217:20) {
  errno: -104,
  code: 'ECONNRESET',
  syscall: 'read'
}
[2024-01-18T16:09:50.035] [ERROR] default - Error (getReserves(0xb965c131f1C48d89B1760860b782D2aCDF87273b)): Error: read ECONNRESET
[2024-01-18T16:09:50.036] [ERROR] default - Error: read ECONNRESET
    at TCP.onStreamRead (node:internal/stream_base_commons:217:20) {
  errno: -104,
  code: 'ECONNRESET',
  syscall: 'read'
}
[2024-01-18T16:09:50.036] [ERROR] default - Error (getReserves(0xb965c131f1C48d89B1760860b782D2aCDF87273b)): Error: read ECONNRESET
[2024-01-18T16:09:50.036] [ERROR] default - Error: read ECONNRESET
    at TCP.onStreamRead (node:internal/stream_base_commons:217:20) {
  errno: -104,
  code: 'ECONNRESET',
  syscall: 'read'
}
[2024-01-18T16:09:50.036] [ERROR] default - Error (getReserves(0x101640e107C4a72DeC79826768C239F1eB48cc85)): Error: read ECONNRESET
[2024-01-18T16:09:50.037] [ERROR] default - Error: read ECONNRESET
    at TCP.onStreamRead (node:internal/stream_base_commons:217:20) {
  errno: -104,
  code: 'ECONNRESET',
  syscall: 'read'
}
[2024-01-18T16:09:50.037] [ERROR] default - Error (getReserves(0x101640e107C4a72DeC79826768C239F1eB48cc85)): Error: read ECONNRESET
[2024-01-18T16:09:50.037] [ERROR] default - Error: read ECONNRESET
    at TCP.onStreamRead (node:internal/stream_base_commons:217:20) {
  errno: -104,
  code: 'ECONNRESET',
  syscall: 'read'
}
[2024-01-18T16:09:50.038] [ERROR] default - Error (getReserves(0xb965c131f1C48d89B1760860b782D2aCDF87273b)): Error: read ECONNRESET
[2024-01-18T16:09:50.038] [ERROR] default - Error: read ECONNRESET
    at TCP.onStreamRead (node:internal/stream_base_commons:217:20) {
  errno: -104,
  code: 'ECONNRESET',
  syscall: 'read'
}
[2024-01-18T16:09:50.038] [ERROR] default - Error (getReserves(0xb965c131f1C48d89B1760860b782D2aCDF87273b)): Error: read ECONNRESET
[2024-01-18T16:09:50.038] [ERROR] default - Error: read ECONNRESET
    at TCP.onStreamRead (node:internal/stream_base_commons:217:20) {
  errno: -104,
  code: 'ECONNRESET',
  syscall: 'read'
}
[2024-01-18T16:09:50.038] [ERROR] default - Error (getReserves(0xA2937659873ef52Da71a399e4079EBb2a7e5fFF6)): Error: read ECONNRESET
[2024-01-18T16:09:50.039] [ERROR] default - Error: read ECONNRESET
    at TCP.onStreamRead (node:internal/stream_base_commons:217:20) {
  errno: -104,
  code: 'ECONNRESET',
  syscall: 'read'
}
[2024-01-18T16:09:50.039] [ERROR] default - Error (getReserves(0xA2937659873ef52Da71a399e4079EBb2a7e5fFF6)): Error: read ECONNRESET
[2024-01-18T16:09:50.039] [ERROR] default - Error: read ECONNRESET
    at TCP.onStreamRead (node:internal/stream_base_commons:217:20) {
  errno: -104,
  code: 'ECONNRESET',
  syscall: 'read'
}
[2024-01-18T16:09:50.039] [ERROR] default - Error (getReserves(0xb965c131f1C48d89B1760860b782D2aCDF87273b)): Error: read ECONNRESET
[2024-01-18T16:09:50.040] [ERROR] default - Error: read ECONNRESET
    at TCP.onStreamRead (node:internal/stream_base_commons:217:20) {
  errno: -104,
  code: 'ECONNRESET',
  syscall: 'read'
}
[2024-01-18T16:09:50.040] [ERROR] default - Error (getReserves(0xb965c131f1C48d89B1760860b782D2aCDF87273b)): Error: read ECONNRESET
[2024-01-18T16:09:50.040] [ERROR] default - Error: read ECONNRESET
    at TCP.onStreamRead (node:internal/stream_base_commons:217:20) {
  errno: -104,
  code: 'ECONNRESET',
  syscall: 'read'
}
[2024-01-18T16:09:50.040] [ERROR] default - Error (getReserves(0xA2937659873ef52Da71a399e4079EBb2a7e5fFF6)): Error: read ECONNRESET
[2024-01-18T16:09:50.041] [ERROR] default - Error: read ECONNRESET
    at TCP.onStreamRead (node:internal/stream_base_commons:217:20) {
  errno: -104,
  code: 'ECONNRESET',
  syscall: 'read'
}
[2024-01-18T16:09:50.041] [ERROR] default - Error (getReserves(0xA2937659873ef52Da71a399e4079EBb2a7e5fFF6)): Error: read ECONNRESET
[2024-01-18T16:09:50.041] [ERROR] default - Error: read ECONNRESET
    at TCP.onStreamRead (node:internal/stream_base_commons:217:20) {
  errno: -104,
  code: 'ECONNRESET',
  syscall: 'read'
}
[2024-01-18T16:09:50.042] [ERROR] default - Error (getReserves(0x853Ee4b2A13f8a742d64C8F088bE7bA2131f670d)): Error: read ECONNRESET
[2024-01-18T16:09:50.042] [ERROR] default - Error: read ECONNRESET
    at TCP.onStreamRead (node:internal/stream_base_commons:217:20) {
  errno: -104,
  code: 'ECONNRESET',
  syscall: 'read'
}
[2024-01-18T16:09:50.042] [ERROR] default - Error (getReserves(0x853Ee4b2A13f8a742d64C8F088bE7bA2131f670d)): Error: read ECONNRESET
[2024-01-18T16:09:50.042] [ERROR] default - Error: read ECONNRESET
    at TCP.onStreamRead (node:internal/stream_base_commons:217:20) {
  errno: -104,
  code: 'ECONNRESET',
  syscall: 'read'
}
[2024-01-18T16:09:50.042] [ERROR] default - Error (getReserves(0xd32f3139A214034A0f9777c87eE0a064c1FF6AE2)): Error: read ECONNRESET
[2024-01-18T16:09:50.042] [ERROR] default - Error: read ECONNRESET
    at TCP.onStreamRead (node:internal/stream_base_commons:217:20) {
  errno: -104,
  code: 'ECONNRESET',
  syscall: 'read'
}
[2024-01-18T16:09:50.043] [ERROR] default - Error (getReserves(0xd32f3139A214034A0f9777c87eE0a064c1FF6AE2)): Error: read ECONNRESET
[2024-01-18T16:09:50.043] [ERROR] default - Error: read ECONNRESET
    at TCP.onStreamRead (node:internal/stream_base_commons:217:20) {
  errno: -104,
  code: 'ECONNRESET',
  syscall: 'read'
}
[2024-01-18T16:09:50.043] [ERROR] default - Error (getReserves(0xd32f3139A214034A0f9777c87eE0a064c1FF6AE2)): Error: read ECONNRESET
[2024-01-18T16:09:50.043] [ERROR] default - Error: read ECONNRESET
    at TCP.onStreamRead (node:internal/stream_base_commons:217:20) {
  errno: -104,
  code: 'ECONNRESET',
  syscall: 'read'
}
[2024-01-18T16:09:50.043] [ERROR] default - Error (getReserves(0xd32f3139A214034A0f9777c87eE0a064c1FF6AE2)): Error: read ECONNRESET
[2024-01-18T16:09:50.044] [ERROR] default - Error: read ECONNRESET
    at TCP.onStreamRead (node:internal/stream_base_commons:217:20) {
  errno: -104,
  code: 'ECONNRESET',
  syscall: 'read'
}
[2024-01-18T16:09:50.044] [ERROR] default - Error (getReserves(0xd32f3139A214034A0f9777c87eE0a064c1FF6AE2)): Error: read ECONNRESET
[2024-01-18T16:09:50.044] [ERROR] default - Error: read ECONNRESET
    at TCP.onStreamRead (node:internal/stream_base_commons:217:20) {
  errno: -104,
  code: 'ECONNRESET',
  syscall: 'read'
}
[2024-01-18T16:09:50.044] [ERROR] default - Error (getReserves(0xd32f3139A214034A0f9777c87eE0a064c1FF6AE2)): Error: read ECONNRESET
[2024-01-18T16:09:50.044] [ERROR] default - Error: read ECONNRESET
    at TCP.onStreamRead (node:internal/stream_base_commons:217:20) {
  errno: -104,
  code: 'ECONNRESET',
  syscall: 'read'
}
[2024-01-18T16:09:50.044] [ERROR] default - Error (getReserves(0x65D43B64E3B31965Cd5EA367D4c2b94c03084797)): Error: read ECONNRESET
[2024-01-18T16:09:50.045] [ERROR] default - Error: read ECONNRESET
    at TCP.onStreamRead (node:internal/stream_base_commons:217:20) {
  errno: -104,
  code: 'ECONNRESET',
  syscall: 'read'
}
[2024-01-18T16:09:50.045] [ERROR] default - Error (getReserves(0x65D43B64E3B31965Cd5EA367D4c2b94c03084797)): Error: read ECONNRESET
[2024-01-18T16:09:50.045] [ERROR] default - Error: read ECONNRESET
    at TCP.onStreamRead (node:internal/stream_base_commons:217:20) {
  errno: -104,
  code: 'ECONNRESET',
  syscall: 'read'
}
[2024-01-18T16:09:50.045] [ERROR] default - Error (getReserves(0xC8174d091c288FF78De98303c2973140Cbcf3B23)): Error: read ECONNRESET
[2024-01-18T16:09:50.045] [ERROR] default - Error: read ECONNRESET
    at TCP.onStreamRead (node:internal/stream_base_commons:217:20) {
  errno: -104,
  code: 'ECONNRESET',
  syscall: 'read'
}
[2024-01-18T16:09:50.046] [ERROR] default - Error (getReserves(0xC8174d091c288FF78De98303c2973140Cbcf3B23)): Error: read ECONNRESET
[2024-01-18T16:09:50.046] [ERROR] default - Error: read ECONNRESET
    at TCP.onStreamRead (node:internal/stream_base_commons:217:20) {
  errno: -104,
  code: 'ECONNRESET',
  syscall: 'read'
}
[2024-01-18T16:09:50.046] [ERROR] default - Error (getReserves(0xd32f3139A214034A0f9777c87eE0a064c1FF6AE2)): Error: read ECONNRESET
[2024-01-18T16:09:50.046] [ERROR] default - Error: read ECONNRESET
    at TCP.onStreamRead (node:internal/stream_base_commons:217:20) {
  errno: -104,
  code: 'ECONNRESET',
  syscall: 'read'
}
[2024-01-18T16:09:50.046] [ERROR] default - Error (getReserves(0xd32f3139A214034A0f9777c87eE0a064c1FF6AE2)): Error: read ECONNRESET
[2024-01-18T16:09:50.047] [ERROR] default - Error: read ECONNRESET
    at TCP.onStreamRead (node:internal/stream_base_commons:217:20) {
  errno: -104,
  code: 'ECONNRESET',
  syscall: 'read'
}
[2024-01-18T16:09:50.047] [ERROR] default - Error (getReserves(0x97B4f2797cC903D76F9b8ff41A94286F0B16198e)): Error: read ECONNRESET
[2024-01-18T16:09:50.047] [ERROR] default - Error: read ECONNRESET
    at TCP.onStreamRead (node:internal/stream_base_commons:217:20) {
  errno: -104,
  code: 'ECONNRESET',
  syscall: 'read'
}
[2024-01-18T16:09:50.047] [ERROR] default - Error (getReserves(0x97B4f2797cC903D76F9b8ff41A94286F0B16198e)): Error: read ECONNRESET
[2024-01-18T16:09:50.048] [ERROR] default - Error: read ECONNRESET
    at TCP.onStreamRead (node:internal/stream_base_commons:217:20) {
  errno: -104,
  code: 'ECONNRESET',
  syscall: 'read'
}
[2024-01-18T16:09:50.048] [ERROR] default - Error (getReserves(0xC8174d091c288FF78De98303c2973140Cbcf3B23)): Error: read ECONNRESET
[2024-01-18T16:09:50.048] [ERROR] default - Error: read ECONNRESET
    at TCP.onStreamRead (node:internal/stream_base_commons:217:20) {
  errno: -104,
  code: 'ECONNRESET',
  syscall: 'read'
}
[2024-01-18T16:09:50.048] [ERROR] default - Error (getReserves(0xC8174d091c288FF78De98303c2973140Cbcf3B23)): Error: read ECONNRESET
[2024-01-18T16:09:50.048] [ERROR] default - Error: read ECONNRESET
    at TCP.onStreamRead (node:internal/stream_base_commons:217:20) {
  errno: -104,
  code: 'ECONNRESET',
  syscall: 'read'
}
[2024-01-18T16:09:50.048] [ERROR] default - Error (getReserves(0xd32f3139A214034A0f9777c87eE0a064c1FF6AE2)): Error: read ECONNRESET
[2024-01-18T16:09:50.049] [ERROR] default - Error: read ECONNRESET
    at TCP.onStreamRead (node:internal/stream_base_commons:217:20) {
  errno: -104,
  code: 'ECONNRESET',
  syscall: 'read'
}
[2024-01-18T16:09:50.049] [ERROR] default - Error (getReserves(0xd32f3139A214034A0f9777c87eE0a064c1FF6AE2)): Error: read ECONNRESET
[2024-01-18T16:09:50.049] [ERROR] default - Error: read ECONNRESET
    at TCP.onStreamRead (node:internal/stream_base_commons:217:20) {
  errno: -104,
  code: 'ECONNRESET',
  syscall: 'read'
}
[2024-01-18T16:09:50.050] [ERROR] default - Error (getReserves(0xC8174d091c288FF78De98303c2973140Cbcf3B23)): Error: read ECONNRESET
[2024-01-18T16:09:50.050] [ERROR] default - Error: read ECONNRESET
    at TCP.onStreamRead (node:internal/stream_base_commons:217:20) {
  errno: -104,
  code: 'ECONNRESET',
  syscall: 'read'
}
[2024-01-18T16:09:50.050] [ERROR] default - Error (getReserves(0xC8174d091c288FF78De98303c2973140Cbcf3B23)): Error: read ECONNRESET
[2024-01-18T16:09:50.050] [ERROR] default - Error: read ECONNRESET
    at TCP.onStreamRead (node:internal/stream_base_commons:217:20) {
  errno: -104,
  code: 'ECONNRESET',
  syscall: 'read'
}
[2024-01-18T16:09:50.051] [ERROR] default - Error (getReserves(0x9cE65ae286e74f1268D19aB9b25f102C25DbDCb4)): Error: read ECONNRESET
[2024-01-18T16:09:50.051] [ERROR] default - Error: read ECONNRESET
    at TCP.onStreamRead (node:internal/stream_base_commons:217:20) {
  errno: -104,
  code: 'ECONNRESET',
  syscall: 'read'
}
[2024-01-18T16:09:50.051] [ERROR] default - Error (getReserves(0x9cE65ae286e74f1268D19aB9b25f102C25DbDCb4)): Error: read ECONNRESET
[2024-01-18T16:09:50.051] [ERROR] default - Error: read ECONNRESET
    at TCP.onStreamRead (node:internal/stream_base_commons:217:20) {
  errno: -104,
  code: 'ECONNRESET',
  syscall: 'read'
}
[2024-01-18T16:09:50.051] [ERROR] default - Error (getReserves(0x101640e107C4a72DeC79826768C239F1eB48cc85)): Error: read ECONNRESET
[2024-01-18T16:09:50.051] [ERROR] default - Error: read ECONNRESET
    at TCP.onStreamRead (node:internal/stream_base_commons:217:20) {
  errno: -104,
  code: 'ECONNRESET',
  syscall: 'read'
}
[2024-01-18T16:09:50.052] [ERROR] default - Error (getReserves(0x101640e107C4a72DeC79826768C239F1eB48cc85)): Error: read ECONNRESET
[2024-01-18T16:09:50.052] [ERROR] default - Error: read ECONNRESET
    at TCP.onStreamRead (node:internal/stream_base_commons:217:20) {
  errno: -104,
  code: 'ECONNRESET',
  syscall: 'read'
}
[2024-01-18T16:09:50.052] [ERROR] default - Error (getReserves(0x101640e107C4a72DeC79826768C239F1eB48cc85)): Error: read ECONNRESET
[2024-01-18T16:09:50.052] [ERROR] default - Error: read ECONNRESET
    at TCP.onStreamRead (node:internal/stream_base_commons:217:20) {
  errno: -104,
  code: 'ECONNRESET',
  syscall: 'read'
}
[2024-01-18T16:09:50.052] [ERROR] default - Error (getReserves(0x101640e107C4a72DeC79826768C239F1eB48cc85)): Error: read ECONNRESET
[2024-01-18T16:09:50.052] [ERROR] default - Error: read ECONNRESET
    at TCP.onStreamRead (node:internal/stream_base_commons:217:20) {
  errno: -104,
  code: 'ECONNRESET',
  syscall: 'read'
}
[2024-01-18T16:09:50.053] [ERROR] default - Error (getReserves(0x101640e107C4a72DeC79826768C239F1eB48cc85)): Error: read ECONNRESET
[2024-01-18T16:09:50.053] [ERROR] default - Error: read ECONNRESET
    at TCP.onStreamRead (node:internal/stream_base_commons:217:20) {
  errno: -104,
  code: 'ECONNRESET',
  syscall: 'read'
}
[2024-01-18T16:09:50.054] [ERROR] default - Error (getReserves(0x101640e107C4a72DeC79826768C239F1eB48cc85)): Error: read ECONNRESET
[2024-01-18T16:09:50.054] [ERROR] default - Error: read ECONNRESET
    at TCP.onStreamRead (node:internal/stream_base_commons:217:20) {
  errno: -104,
  code: 'ECONNRESET',
  syscall: 'read'
}
[2024-01-18T16:09:50.054] [ERROR] default - Error (getReserves(0xb965c131f1C48d89B1760860b782D2aCDF87273b)): Error: read ECONNRESET
[2024-01-18T16:09:50.055] [ERROR] default - Error: read ECONNRESET
    at TCP.onStreamRead (node:internal/stream_base_commons:217:20) {
  errno: -104,
  code: 'ECONNRESET',
  syscall: 'read'
}
[2024-01-18T16:09:50.055] [ERROR] default - Error (getReserves(0xb965c131f1C48d89B1760860b782D2aCDF87273b)): Error: read ECONNRESET
[2024-01-18T16:09:50.056] [ERROR] default - Error: read ECONNRESET
    at TCP.onStreamRead (node:internal/stream_base_commons:217:20) {
  errno: -104,
  code: 'ECONNRESET',
  syscall: 'read'
}
[2024-01-18T16:09:50.056] [ERROR] default - Error (getReserves(0x101640e107C4a72DeC79826768C239F1eB48cc85)): Error: read ECONNRESET
[2024-01-18T16:09:50.056] [ERROR] default - Error: read ECONNRESET
    at TCP.onStreamRead (node:internal/stream_base_commons:217:20) {
  errno: -104,
  code: 'ECONNRESET',
  syscall: 'read'
}
[2024-01-18T16:09:50.056] [ERROR] default - Error (getReserves(0x101640e107C4a72DeC79826768C239F1eB48cc85)): Error: read ECONNRESET
[2024-01-18T16:09:50.057] [ERROR] default - Error: read ECONNRESET
    at TCP.onStreamRead (node:internal/stream_base_commons:217:20) {
  errno: -104,
  code: 'ECONNRESET',
  syscall: 'read'
}
[2024-01-18T16:09:50.057] [ERROR] default - Error (getReserves(0xb965c131f1C48d89B1760860b782D2aCDF87273b)): Error: read ECONNRESET
[2024-01-18T16:09:50.057] [ERROR] default - Error: read ECONNRESET
    at TCP.onStreamRead (node:internal/stream_base_commons:217:20) {
  errno: -104,
  code: 'ECONNRESET',
  syscall: 'read'
}
[2024-01-18T16:09:50.058] [ERROR] default - Error (getReserves(0xb965c131f1C48d89B1760860b782D2aCDF87273b)): Error: read ECONNRESET
[2024-01-18T16:09:50.058] [ERROR] default - Error: read ECONNRESET
    at TCP.onStreamRead (node:internal/stream_base_commons:217:20) {
  errno: -104,
  code: 'ECONNRESET',
  syscall: 'read'
}
[2024-01-18T16:09:50.058] [ERROR] default - Error (getReserves(0xA2937659873ef52Da71a399e4079EBb2a7e5fFF6)): Error: read ECONNRESET
[2024-01-18T16:09:50.059] [ERROR] default - Error: read ECONNRESET
    at TCP.onStreamRead (node:internal/stream_base_commons:217:20) {
  errno: -104,
  code: 'ECONNRESET',
  syscall: 'read'
}
[2024-01-18T16:09:50.059] [ERROR] default - Error (getReserves(0xA2937659873ef52Da71a399e4079EBb2a7e5fFF6)): Error: read ECONNRESET
[2024-01-18T16:09:50.060] [ERROR] default - Error: read ECONNRESET
    at TCP.onStreamRead (node:internal/stream_base_commons:217:20) {
  errno: -104,
  code: 'ECONNRESET',
  syscall: 'read'
}
[2024-01-18T16:09:50.060] [ERROR] default - Error (getReserves(0xb965c131f1C48d89B1760860b782D2aCDF87273b)): Error: read ECONNRESET
[2024-01-18T16:09:50.060] [ERROR] default - Error: read ECONNRESET
    at TCP.onStreamRead (node:internal/stream_base_commons:217:20) {
  errno: -104,
  code: 'ECONNRESET',
  syscall: 'read'
}
[2024-01-18T16:09:50.061] [ERROR] default - Error (getReserves(0xb965c131f1C48d89B1760860b782D2aCDF87273b)): Error: read ECONNRESET
[2024-01-18T16:09:50.061] [ERROR] default - Error: read ECONNRESET
    at TCP.onStreamRead (node:internal/stream_base_commons:217:20) {
  errno: -104,
  code: 'ECONNRESET',
  syscall: 'read'
}
[2024-01-18T16:09:50.062] [ERROR] default - Error (getReserves(0xA2937659873ef52Da71a399e4079EBb2a7e5fFF6)): Error: read ECONNRESET
[2024-01-18T16:09:50.062] [ERROR] default - Error: read ECONNRESET
    at TCP.onStreamRead (node:internal/stream_base_commons:217:20) {
  errno: -104,
  code: 'ECONNRESET',
  syscall: 'read'
}
[2024-01-18T16:09:50.063] [ERROR] default - Error (getReserves(0xA2937659873ef52Da71a399e4079EBb2a7e5fFF6)): Error: read ECONNRESET
[2024-01-18T16:09:50.063] [ERROR] default - Error: read ECONNRESET
    at TCP.onStreamRead (node:internal/stream_base_commons:217:20) {
  errno: -104,
  code: 'ECONNRESET',
  syscall: 'read'
}
[2024-01-18T16:09:50.064] [ERROR] default - Error (getReserves(0x853Ee4b2A13f8a742d64C8F088bE7bA2131f670d)): Error: read ECONNRESET
[2024-01-18T16:09:50.064] [ERROR] default - Error: read ECONNRESET
    at TCP.onStreamRead (node:internal/stream_base_commons:217:20) {
  errno: -104,
  code: 'ECONNRESET',
  syscall: 'read'
}
[2024-01-18T16:09:50.065] [ERROR] default - Error (getReserves(0x853Ee4b2A13f8a742d64C8F088bE7bA2131f670d)): Error: read ECONNRESET
[2024-01-18T16:09:50.065] [ERROR] default - Error: read ECONNRESET
    at TCP.onStreamRead (node:internal/stream_base_commons:217:20) {
  errno: -104,
  code: 'ECONNRESET',
  syscall: 'read'
}
[2024-01-18T16:09:51.769] [ERROR] default - PROVIDER ERROR: Error: Invalid argument
    at pu (/mnt/c/code/polybotv3/scripts/modules/convertBN.ts:20:15)
    at Trade.getTrade (/mnt/c/code/polybotv3/scripts/v2/getTrade.ts:190:6)
    at processTicksAndRejections (node:internal/process/task_queues:95:5)
    at async control (/mnt/c/code/polybotv3/scripts/v2/control.ts:47:19)
    at async /mnt/c/code/polybotv3/index.ts:44:5
    at async Promise.all (index 0)
    at async JsonRpcProvider.<anonymous> (/mnt/c/code/polybotv3/index.ts:43:4)
[2024-01-18T16:09:51.771] [ERROR] default - PROVIDER ERROR: Error: Invalid argument
    at pu (/mnt/c/code/polybotv3/scripts/modules/convertBN.ts:20:15)
    at Trade.getTrade (/mnt/c/code/polybotv3/scripts/v2/getTrade.ts:190:6)
    at processTicksAndRejections (node:internal/process/task_queues:95:5)
    at async control (/mnt/c/code/polybotv3/scripts/v2/control.ts:47:19)
    at async /mnt/c/code/polybotv3/index.ts:44:5
    at async Promise.all (index 0)
    at async JsonRpcProvider.<anonymous> (/mnt/c/code/polybotv3/index.ts:43:4)
[2024-01-18T16:09:55.368] [INFO] default - New block received: Block # 51501546
[2024-01-18T16:09:55.372] [INFO] default - New block received: Block # 51501547
[2024-01-18T16:09:55.375] [INFO] default - New block received: Block # 51501548
[2024-01-18T16:10:04.260] [ERROR] default - PROVIDER ERROR: Error: Invalid argument
    at pu (/mnt/c/code/polybotv3/scripts/modules/convertBN.ts:20:15)
    at Trade.getTrade (/mnt/c/code/polybotv3/scripts/v2/getTrade.ts:190:6)
    at processTicksAndRejections (node:internal/process/task_queues:95:5)
    at async control (/mnt/c/code/polybotv3/scripts/v2/control.ts:47:19)
    at async /mnt/c/code/polybotv3/index.ts:44:5
    at async Promise.all (index 0)
    at async JsonRpcProvider.<anonymous> (/mnt/c/code/polybotv3/index.ts:43:4)
[2024-01-18T16:10:04.262] [ERROR] default - PROVIDER ERROR: Error: Invalid argument
    at pu (/mnt/c/code/polybotv3/scripts/modules/convertBN.ts:20:15)
    at Trade.getTrade (/mnt/c/code/polybotv3/scripts/v2/getTrade.ts:190:6)
    at processTicksAndRejections (node:internal/process/task_queues:95:5)
    at async control (/mnt/c/code/polybotv3/scripts/v2/control.ts:47:19)
    at async /mnt/c/code/polybotv3/index.ts:44:5
    at async Promise.all (index 0)
    at async JsonRpcProvider.<anonymous> (/mnt/c/code/polybotv3/index.ts:43:4)
[2024-01-18T16:10:04.338] [INFO] default - New block received: Block # 51501549
[2024-01-18T16:10:16.332] [ERROR] default - PROVIDER ERROR: Error: Invalid argument
    at pu (/mnt/c/code/polybotv3/scripts/modules/convertBN.ts:20:15)
    at Trade.getTrade (/mnt/c/code/polybotv3/scripts/v2/getTrade.ts:190:6)
    at processTicksAndRejections (node:internal/process/task_queues:95:5)
    at async control (/mnt/c/code/polybotv3/scripts/v2/control.ts:47:19)
    at async /mnt/c/code/polybotv3/index.ts:44:5
    at async Promise.all (index 0)
    at async JsonRpcProvider.<anonymous> (/mnt/c/code/polybotv3/index.ts:43:4)
[2024-01-18T16:10:16.334] [ERROR] default - PROVIDER ERROR: Error: Invalid argument
    at pu (/mnt/c/code/polybotv3/scripts/modules/convertBN.ts:20:15)
    at Trade.getTrade (/mnt/c/code/polybotv3/scripts/v2/getTrade.ts:190:6)
    at processTicksAndRejections (node:internal/process/task_queues:95:5)
    at async control (/mnt/c/code/polybotv3/scripts/v2/control.ts:47:19)
    at async /mnt/c/code/polybotv3/index.ts:44:5
    at async Promise.all (index 0)
    at async JsonRpcProvider.<anonymous> (/mnt/c/code/polybotv3/index.ts:43:4)
[2024-01-18T16:10:16.335] [ERROR] default - PROVIDER ERROR: Error: Invalid argument
    at pu (/mnt/c/code/polybotv3/scripts/modules/convertBN.ts:20:15)
    at Trade.getTrade (/mnt/c/code/polybotv3/scripts/v2/getTrade.ts:190:6)
    at processTicksAndRejections (node:internal/process/task_queues:95:5)
    at async control (/mnt/c/code/polybotv3/scripts/v2/control.ts:47:19)
    at async /mnt/c/code/polybotv3/index.ts:44:5
    at async Promise.all (index 0)
    at async JsonRpcProvider.<anonymous> (/mnt/c/code/polybotv3/index.ts:43:4)
[2024-01-18T16:10:16.502] [ERROR] default - PROVIDER ERROR: Error: Invalid argument
    at pu (/mnt/c/code/polybotv3/scripts/modules/convertBN.ts:20:15)
    at Trade.getTrade (/mnt/c/code/polybotv3/scripts/v2/getTrade.ts:190:6)
    at processTicksAndRejections (node:internal/process/task_queues:95:5)
    at async control (/mnt/c/code/polybotv3/scripts/v2/control.ts:47:19)
    at async /mnt/c/code/polybotv3/index.ts:44:5
    at async Promise.all (index 0)
    at async JsonRpcProvider.<anonymous> (/mnt/c/code/polybotv3/index.ts:43:4)
[2024-01-18T16:10:16.593] [INFO] default - New block received: Block # 51501550
[2024-01-18T16:10:16.595] [INFO] default - New block received: Block # 51501551
[2024-01-18T16:10:25.929] [ERROR] default - PROVIDER ERROR: Error: Invalid argument
    at pu (/mnt/c/code/polybotv3/scripts/modules/convertBN.ts:20:15)
    at Trade.getTrade (/mnt/c/code/polybotv3/scripts/v2/getTrade.ts:190:6)
    at processTicksAndRejections (node:internal/process/task_queues:95:5)
    at async control (/mnt/c/code/polybotv3/scripts/v2/control.ts:47:19)
    at async /mnt/c/code/polybotv3/index.ts:44:5
    at async Promise.all (index 0)
    at async JsonRpcProvider.<anonymous> (/mnt/c/code/polybotv3/index.ts:43:4)
[2024-01-18T16:10:25.930] [ERROR] default - PROVIDER ERROR: Error: Invalid argument
    at pu (/mnt/c/code/polybotv3/scripts/modules/convertBN.ts:20:15)
    at Trade.getTrade (/mnt/c/code/polybotv3/scripts/v2/getTrade.ts:190:6)
    at processTicksAndRejections (node:internal/process/task_queues:95:5)
    at async control (/mnt/c/code/polybotv3/scripts/v2/control.ts:47:19)
    at async /mnt/c/code/polybotv3/index.ts:44:5
    at async Promise.all (index 0)
    at async JsonRpcProvider.<anonymous> (/mnt/c/code/polybotv3/index.ts:43:4)
[2024-01-18T16:10:27.415] [INFO] default - New block received: Block # 51501552
[2024-01-18T16:10:27.442] [INFO] default - New block received: Block # 51501553
[2024-01-18T16:10:27.521] [INFO] default - New block received: Block # 51501554
[2024-01-18T16:14:51.386] [ERROR] default - TELEGRAM ERROR: Telegram bot token not found in environment variables
[2024-01-18T16:14:55.518] [INFO] default - New block received: Block # 51501682
[2024-01-18T16:14:55.741] [INFO] default - New block received: Block # 51501683
[2024-01-18T16:15:04.419] [INFO] default - New block received: Block # 51501684
[2024-01-18T16:15:04.449] [INFO] default - New block received: Block # 51501685
[2024-01-18T16:15:10.617] [ERROR] default - Error (getReserves(0xd32f3139A214034A0f9777c87eE0a064c1FF6AE2)): Error: read ECONNRESET
[2024-01-18T16:15:10.618] [ERROR] default - Error: read ECONNRESET
    at TCP.onStreamRead (node:internal/stream_base_commons:217:20) {
  errno: -104,
  code: 'ECONNRESET',
  syscall: 'read'
}
[2024-01-18T16:15:10.620] [ERROR] default - Error (getReserves(0xd32f3139A214034A0f9777c87eE0a064c1FF6AE2)): Error: read ECONNRESET
[2024-01-18T16:15:10.620] [ERROR] default - Error: read ECONNRESET
    at TCP.onStreamRead (node:internal/stream_base_commons:217:20) {
  errno: -104,
  code: 'ECONNRESET',
  syscall: 'read'
}
[2024-01-18T16:15:10.632] [ERROR] default - Error (getReserves(0xC8174d091c288FF78De98303c2973140Cbcf3B23)): Error: read ECONNRESET
[2024-01-18T16:15:10.632] [ERROR] default - Error: read ECONNRESET
    at TCP.onStreamRead (node:internal/stream_base_commons:217:20) {
  errno: -104,
  code: 'ECONNRESET',
  syscall: 'read'
}
[2024-01-18T16:15:10.632] [ERROR] default - Error (getReserves(0xC8174d091c288FF78De98303c2973140Cbcf3B23)): Error: read ECONNRESET
[2024-01-18T16:15:10.632] [ERROR] default - Error: read ECONNRESET
    at TCP.onStreamRead (node:internal/stream_base_commons:217:20) {
  errno: -104,
  code: 'ECONNRESET',
  syscall: 'read'
}
[2024-01-18T16:15:10.633] [ERROR] default - Error (getReserves(0xd32f3139A214034A0f9777c87eE0a064c1FF6AE2)): Error: read ECONNRESET
[2024-01-18T16:15:10.633] [ERROR] default - Error: read ECONNRESET
    at TCP.onStreamRead (node:internal/stream_base_commons:217:20) {
  errno: -104,
  code: 'ECONNRESET',
  syscall: 'read'
}
[2024-01-18T16:15:10.633] [ERROR] default - Error (getReserves(0xd32f3139A214034A0f9777c87eE0a064c1FF6AE2)): Error: read ECONNRESET
[2024-01-18T16:15:10.633] [ERROR] default - Error: read ECONNRESET
    at TCP.onStreamRead (node:internal/stream_base_commons:217:20) {
  errno: -104,
  code: 'ECONNRESET',
  syscall: 'read'
}
[2024-01-18T16:15:10.634] [ERROR] default - Error (getReserves(0x65D43B64E3B31965Cd5EA367D4c2b94c03084797)): Error: read ECONNRESET
[2024-01-18T16:15:10.634] [ERROR] default - Error: read ECONNRESET
    at TCP.onStreamRead (node:internal/stream_base_commons:217:20) {
  errno: -104,
  code: 'ECONNRESET',
  syscall: 'read'
}
[2024-01-18T16:15:10.634] [ERROR] default - Error (getReserves(0x65D43B64E3B31965Cd5EA367D4c2b94c03084797)): Error: read ECONNRESET
[2024-01-18T16:15:10.634] [ERROR] default - Error: read ECONNRESET
    at TCP.onStreamRead (node:internal/stream_base_commons:217:20) {
  errno: -104,
  code: 'ECONNRESET',
  syscall: 'read'
}
[2024-01-18T16:15:10.634] [ERROR] default - Error (getReserves(0xd32f3139A214034A0f9777c87eE0a064c1FF6AE2)): Error: read ECONNRESET
[2024-01-18T16:15:10.634] [ERROR] default - Error: read ECONNRESET
    at TCP.onStreamRead (node:internal/stream_base_commons:217:20) {
  errno: -104,
  code: 'ECONNRESET',
  syscall: 'read'
}
[2024-01-18T16:15:10.634] [ERROR] default - Error (getReserves(0xd32f3139A214034A0f9777c87eE0a064c1FF6AE2)): Error: read ECONNRESET
[2024-01-18T16:15:10.634] [ERROR] default - Error: read ECONNRESET
    at TCP.onStreamRead (node:internal/stream_base_commons:217:20) {
  errno: -104,
  code: 'ECONNRESET',
  syscall: 'read'
}
[2024-01-18T16:15:10.634] [ERROR] default - Error (getReserves(0xd32f3139A214034A0f9777c87eE0a064c1FF6AE2)): Error: read ECONNRESET
[2024-01-18T16:15:10.635] [ERROR] default - Error: read ECONNRESET
    at TCP.onStreamRead (node:internal/stream_base_commons:217:20) {
  errno: -104,
  code: 'ECONNRESET',
  syscall: 'read'
}
[2024-01-18T16:15:10.635] [ERROR] default - Error (getReserves(0xd32f3139A214034A0f9777c87eE0a064c1FF6AE2)): Error: read ECONNRESET
[2024-01-18T16:15:10.635] [ERROR] default - Error: read ECONNRESET
    at TCP.onStreamRead (node:internal/stream_base_commons:217:20) {
  errno: -104,
  code: 'ECONNRESET',
  syscall: 'read'
}
[2024-01-18T16:15:10.635] [ERROR] default - Error (getReserves(0xd32f3139A214034A0f9777c87eE0a064c1FF6AE2)): Error: read ECONNRESET
[2024-01-18T16:15:10.635] [ERROR] default - Error: read ECONNRESET
    at TCP.onStreamRead (node:internal/stream_base_commons:217:20) {
  errno: -104,
  code: 'ECONNRESET',
  syscall: 'read'
}
[2024-01-18T16:15:10.636] [ERROR] default - Error (getReserves(0xd32f3139A214034A0f9777c87eE0a064c1FF6AE2)): Error: read ECONNRESET
[2024-01-18T16:15:10.636] [ERROR] default - Error: read ECONNRESET
    at TCP.onStreamRead (node:internal/stream_base_commons:217:20) {
  errno: -104,
  code: 'ECONNRESET',
  syscall: 'read'
}
[2024-01-18T16:15:10.636] [ERROR] default - Error (getReserves(0xC8174d091c288FF78De98303c2973140Cbcf3B23)): Error: read ECONNRESET
[2024-01-18T16:15:10.636] [ERROR] default - Error: read ECONNRESET
    at TCP.onStreamRead (node:internal/stream_base_commons:217:20) {
  errno: -104,
  code: 'ECONNRESET',
  syscall: 'read'
}
[2024-01-18T16:15:10.636] [ERROR] default - Error (getReserves(0xC8174d091c288FF78De98303c2973140Cbcf3B23)): Error: read ECONNRESET
[2024-01-18T16:15:10.637] [ERROR] default - Error: read ECONNRESET
    at TCP.onStreamRead (node:internal/stream_base_commons:217:20) {
  errno: -104,
  code: 'ECONNRESET',
  syscall: 'read'
}
[2024-01-18T16:15:10.637] [ERROR] default - Error (getReserves(0x97B4f2797cC903D76F9b8ff41A94286F0B16198e)): Error: read ECONNRESET
[2024-01-18T16:15:10.637] [ERROR] default - Error: read ECONNRESET
    at TCP.onStreamRead (node:internal/stream_base_commons:217:20) {
  errno: -104,
  code: 'ECONNRESET',
  syscall: 'read'
}
[2024-01-18T16:15:10.637] [ERROR] default - Error (getReserves(0x97B4f2797cC903D76F9b8ff41A94286F0B16198e)): Error: read ECONNRESET
[2024-01-18T16:15:10.648] [ERROR] default - Error: read ECONNRESET
    at TCP.onStreamRead (node:internal/stream_base_commons:217:20) {
  errno: -104,
  code: 'ECONNRESET',
  syscall: 'read'
}
[2024-01-18T16:15:10.648] [ERROR] default - Error (getReserves(0xC8174d091c288FF78De98303c2973140Cbcf3B23)): Error: read ECONNRESET
[2024-01-18T16:15:10.648] [ERROR] default - Error: read ECONNRESET
    at TCP.onStreamRead (node:internal/stream_base_commons:217:20) {
  errno: -104,
  code: 'ECONNRESET',
  syscall: 'read'
}
[2024-01-18T16:15:10.648] [ERROR] default - Error (getReserves(0xC8174d091c288FF78De98303c2973140Cbcf3B23)): Error: read ECONNRESET
[2024-01-18T16:15:10.648] [ERROR] default - Error: read ECONNRESET
    at TCP.onStreamRead (node:internal/stream_base_commons:217:20) {
  errno: -104,
  code: 'ECONNRESET',
  syscall: 'read'
}
[2024-01-18T16:15:10.648] [ERROR] default - Error (getReserves(0x101640e107C4a72DeC79826768C239F1eB48cc85)): Error: read ECONNRESET
[2024-01-18T16:15:10.649] [ERROR] default - Error: read ECONNRESET
    at TCP.onStreamRead (node:internal/stream_base_commons:217:20) {
  errno: -104,
  code: 'ECONNRESET',
  syscall: 'read'
}
[2024-01-18T16:15:10.649] [ERROR] default - Error (getReserves(0x101640e107C4a72DeC79826768C239F1eB48cc85)): Error: read ECONNRESET
[2024-01-18T16:15:10.649] [ERROR] default - Error: read ECONNRESET
    at TCP.onStreamRead (node:internal/stream_base_commons:217:20) {
  errno: -104,
  code: 'ECONNRESET',
  syscall: 'read'
}
[2024-01-18T16:15:10.649] [ERROR] default - Error (getReserves(0x9cE65ae286e74f1268D19aB9b25f102C25DbDCb4)): Error: read ECONNRESET
[2024-01-18T16:15:10.649] [ERROR] default - Error: read ECONNRESET
    at TCP.onStreamRead (node:internal/stream_base_commons:217:20) {
  errno: -104,
  code: 'ECONNRESET',
  syscall: 'read'
}
[2024-01-18T16:15:10.649] [ERROR] default - Error (getReserves(0x9cE65ae286e74f1268D19aB9b25f102C25DbDCb4)): Error: read ECONNRESET
[2024-01-18T16:15:10.649] [ERROR] default - Error: read ECONNRESET
    at TCP.onStreamRead (node:internal/stream_base_commons:217:20) {
  errno: -104,
  code: 'ECONNRESET',
  syscall: 'read'
}
[2024-01-18T16:15:10.650] [ERROR] default - Error (getReserves(0x101640e107C4a72DeC79826768C239F1eB48cc85)): Error: read ECONNRESET
[2024-01-18T16:15:10.650] [ERROR] default - Error: read ECONNRESET
    at TCP.onStreamRead (node:internal/stream_base_commons:217:20) {
  errno: -104,
  code: 'ECONNRESET',
  syscall: 'read'
}
[2024-01-18T16:15:10.650] [ERROR] default - Error (getReserves(0x101640e107C4a72DeC79826768C239F1eB48cc85)): Error: read ECONNRESET
[2024-01-18T16:15:10.650] [ERROR] default - Error: read ECONNRESET
    at TCP.onStreamRead (node:internal/stream_base_commons:217:20) {
  errno: -104,
  code: 'ECONNRESET',
  syscall: 'read'
}
[2024-01-18T16:15:10.650] [ERROR] default - Error (getReserves(0x101640e107C4a72DeC79826768C239F1eB48cc85)): Error: read ECONNRESET
[2024-01-18T16:15:10.650] [ERROR] default - Error: read ECONNRESET
    at TCP.onStreamRead (node:internal/stream_base_commons:217:20) {
  errno: -104,
  code: 'ECONNRESET',
  syscall: 'read'
}
[2024-01-18T16:15:10.651] [ERROR] default - Error (getReserves(0x101640e107C4a72DeC79826768C239F1eB48cc85)): Error: read ECONNRESET
[2024-01-18T16:15:10.651] [ERROR] default - Error: read ECONNRESET
    at TCP.onStreamRead (node:internal/stream_base_commons:217:20) {
  errno: -104,
  code: 'ECONNRESET',
  syscall: 'read'
}
[2024-01-18T16:15:10.651] [ERROR] default - Error (getReserves(0x101640e107C4a72DeC79826768C239F1eB48cc85)): Error: read ECONNRESET
[2024-01-18T16:15:10.651] [ERROR] default - Error: read ECONNRESET
    at TCP.onStreamRead (node:internal/stream_base_commons:217:20) {
  errno: -104,
  code: 'ECONNRESET',
  syscall: 'read'
}
[2024-01-18T16:15:10.651] [ERROR] default - Error (getReserves(0x101640e107C4a72DeC79826768C239F1eB48cc85)): Error: read ECONNRESET
[2024-01-18T16:15:10.651] [ERROR] default - Error: read ECONNRESET
    at TCP.onStreamRead (node:internal/stream_base_commons:217:20) {
  errno: -104,
  code: 'ECONNRESET',
  syscall: 'read'
}
[2024-01-18T16:15:10.651] [ERROR] default - Error (getReserves(0xb965c131f1C48d89B1760860b782D2aCDF87273b)): Error: read ECONNRESET
[2024-01-18T16:15:10.651] [ERROR] default - Error: read ECONNRESET
    at TCP.onStreamRead (node:internal/stream_base_commons:217:20) {
  errno: -104,
  code: 'ECONNRESET',
  syscall: 'read'
}
[2024-01-18T16:15:10.652] [ERROR] default - Error (getReserves(0xb965c131f1C48d89B1760860b782D2aCDF87273b)): Error: read ECONNRESET
[2024-01-18T16:15:10.652] [ERROR] default - Error: read ECONNRESET
    at TCP.onStreamRead (node:internal/stream_base_commons:217:20) {
  errno: -104,
  code: 'ECONNRESET',
  syscall: 'read'
}
[2024-01-18T16:15:10.652] [ERROR] default - Error (getReserves(0xb965c131f1C48d89B1760860b782D2aCDF87273b)): Error: read ECONNRESET
[2024-01-18T16:15:10.652] [ERROR] default - Error: read ECONNRESET
    at TCP.onStreamRead (node:internal/stream_base_commons:217:20) {
  errno: -104,
  code: 'ECONNRESET',
  syscall: 'read'
}
[2024-01-18T16:15:10.652] [ERROR] default - Error (getReserves(0xb965c131f1C48d89B1760860b782D2aCDF87273b)): Error: read ECONNRESET
[2024-01-18T16:15:10.663] [ERROR] default - Error: read ECONNRESET
    at TCP.onStreamRead (node:internal/stream_base_commons:217:20) {
  errno: -104,
  code: 'ECONNRESET',
  syscall: 'read'
}
[2024-01-18T16:15:10.664] [ERROR] default - Error (getReserves(0xb965c131f1C48d89B1760860b782D2aCDF87273b)): Error: read ECONNRESET
[2024-01-18T16:15:10.664] [ERROR] default - Error: read ECONNRESET
    at TCP.onStreamRead (node:internal/stream_base_commons:217:20) {
  errno: -104,
  code: 'ECONNRESET',
  syscall: 'read'
}
[2024-01-18T16:15:10.664] [ERROR] default - Error (getReserves(0xb965c131f1C48d89B1760860b782D2aCDF87273b)): Error: read ECONNRESET
[2024-01-18T16:15:10.664] [ERROR] default - Error: read ECONNRESET
    at TCP.onStreamRead (node:internal/stream_base_commons:217:20) {
  errno: -104,
  code: 'ECONNRESET',
  syscall: 'read'
}
[2024-01-18T16:15:10.664] [ERROR] default - Error (getReserves(0xA2937659873ef52Da71a399e4079EBb2a7e5fFF6)): Error: read ECONNRESET
[2024-01-18T16:15:10.665] [ERROR] default - Error: read ECONNRESET
    at TCP.onStreamRead (node:internal/stream_base_commons:217:20) {
  errno: -104,
  code: 'ECONNRESET',
  syscall: 'read'
}
[2024-01-18T16:15:10.665] [ERROR] default - Error (getReserves(0xA2937659873ef52Da71a399e4079EBb2a7e5fFF6)): Error: read ECONNRESET
[2024-01-18T16:15:10.665] [ERROR] default - Error: read ECONNRESET
    at TCP.onStreamRead (node:internal/stream_base_commons:217:20) {
  errno: -104,
  code: 'ECONNRESET',
  syscall: 'read'
}
[2024-01-18T16:15:10.665] [ERROR] default - Error (getReserves(0xA2937659873ef52Da71a399e4079EBb2a7e5fFF6)): Error: read ECONNRESET
[2024-01-18T16:15:10.665] [ERROR] default - Error: read ECONNRESET
    at TCP.onStreamRead (node:internal/stream_base_commons:217:20) {
  errno: -104,
  code: 'ECONNRESET',
  syscall: 'read'
}
[2024-01-18T16:15:10.666] [ERROR] default - Error (getReserves(0xA2937659873ef52Da71a399e4079EBb2a7e5fFF6)): Error: read ECONNRESET
[2024-01-18T16:15:10.666] [ERROR] default - Error: read ECONNRESET
    at TCP.onStreamRead (node:internal/stream_base_commons:217:20) {
  errno: -104,
  code: 'ECONNRESET',
  syscall: 'read'
}
[2024-01-18T16:15:10.666] [ERROR] default - Error (getReserves(0x853Ee4b2A13f8a742d64C8F088bE7bA2131f670d)): Error: read ECONNRESET
[2024-01-18T16:15:10.666] [ERROR] default - Error: read ECONNRESET
    at TCP.onStreamRead (node:internal/stream_base_commons:217:20) {
  errno: -104,
  code: 'ECONNRESET',
  syscall: 'read'
}
[2024-01-18T16:15:10.666] [ERROR] default - Error (getReserves(0x853Ee4b2A13f8a742d64C8F088bE7bA2131f670d)): Error: read ECONNRESET
[2024-01-18T16:15:10.666] [ERROR] default - Error: read ECONNRESET
    at TCP.onStreamRead (node:internal/stream_base_commons:217:20) {
  errno: -104,
  code: 'ECONNRESET',
  syscall: 'read'
}
[2024-01-18T16:15:10.666] [ERROR] default - Error (getReserves(0xd32f3139A214034A0f9777c87eE0a064c1FF6AE2)): Error: read ECONNRESET
[2024-01-18T16:15:10.667] [ERROR] default - Error: read ECONNRESET
    at TCP.onStreamRead (node:internal/stream_base_commons:217:20) {
  errno: -104,
  code: 'ECONNRESET',
  syscall: 'read'
}
[2024-01-18T16:15:10.667] [ERROR] default - Error (getReserves(0xd32f3139A214034A0f9777c87eE0a064c1FF6AE2)): Error: read ECONNRESET
[2024-01-18T16:15:10.667] [ERROR] default - Error: read ECONNRESET
    at TCP.onStreamRead (node:internal/stream_base_commons:217:20) {
  errno: -104,
  code: 'ECONNRESET',
  syscall: 'read'
}
[2024-01-18T16:15:10.667] [ERROR] default - Error (getReserves(0xC8174d091c288FF78De98303c2973140Cbcf3B23)): Error: read ECONNRESET
[2024-01-18T16:15:10.667] [ERROR] default - Error: read ECONNRESET
    at TCP.onStreamRead (node:internal/stream_base_commons:217:20) {
  errno: -104,
  code: 'ECONNRESET',
  syscall: 'read'
}
[2024-01-18T16:15:10.668] [ERROR] default - Error (getReserves(0xC8174d091c288FF78De98303c2973140Cbcf3B23)): Error: read ECONNRESET
[2024-01-18T16:15:10.668] [ERROR] default - Error: read ECONNRESET
    at TCP.onStreamRead (node:internal/stream_base_commons:217:20) {
  errno: -104,
  code: 'ECONNRESET',
  syscall: 'read'
}
[2024-01-18T16:15:10.680] [ERROR] default - Error (getReserves(0xd32f3139A214034A0f9777c87eE0a064c1FF6AE2)): Error: read ECONNRESET
[2024-01-18T16:15:10.680] [ERROR] default - Error: read ECONNRESET
    at TCP.onStreamRead (node:internal/stream_base_commons:217:20) {
  errno: -104,
  code: 'ECONNRESET',
  syscall: 'read'
}
[2024-01-18T16:15:10.680] [ERROR] default - Error (getReserves(0xd32f3139A214034A0f9777c87eE0a064c1FF6AE2)): Error: read ECONNRESET
[2024-01-18T16:15:10.680] [ERROR] default - Error: read ECONNRESET
    at TCP.onStreamRead (node:internal/stream_base_commons:217:20) {
  errno: -104,
  code: 'ECONNRESET',
  syscall: 'read'
}
[2024-01-18T16:15:10.682] [ERROR] default - Error (getReserves(0x65D43B64E3B31965Cd5EA367D4c2b94c03084797)): Error: read ECONNRESET
[2024-01-18T16:15:10.682] [ERROR] default - Error: read ECONNRESET
    at TCP.onStreamRead (node:internal/stream_base_commons:217:20) {
  errno: -104,
  code: 'ECONNRESET',
  syscall: 'read'
}
[2024-01-18T16:15:10.683] [ERROR] default - Error (getReserves(0x65D43B64E3B31965Cd5EA367D4c2b94c03084797)): Error: read ECONNRESET
[2024-01-18T16:15:10.683] [ERROR] default - Error: read ECONNRESET
    at TCP.onStreamRead (node:internal/stream_base_commons:217:20) {
  errno: -104,
  code: 'ECONNRESET',
  syscall: 'read'
}
[2024-01-18T16:15:10.683] [ERROR] default - Error (getReserves(0xd32f3139A214034A0f9777c87eE0a064c1FF6AE2)): Error: read ECONNRESET
[2024-01-18T16:15:10.684] [ERROR] default - Error: read ECONNRESET
    at TCP.onStreamRead (node:internal/stream_base_commons:217:20) {
  errno: -104,
  code: 'ECONNRESET',
  syscall: 'read'
}
[2024-01-18T16:15:10.684] [ERROR] default - Error (getReserves(0xd32f3139A214034A0f9777c87eE0a064c1FF6AE2)): Error: read ECONNRESET
[2024-01-18T16:15:10.684] [ERROR] default - Error: read ECONNRESET
    at TCP.onStreamRead (node:internal/stream_base_commons:217:20) {
  errno: -104,
  code: 'ECONNRESET',
  syscall: 'read'
}
[2024-01-18T16:15:10.684] [ERROR] default - Error (getReserves(0xd32f3139A214034A0f9777c87eE0a064c1FF6AE2)): Error: read ECONNRESET
[2024-01-18T16:15:10.684] [ERROR] default - Error: read ECONNRESET
    at TCP.onStreamRead (node:internal/stream_base_commons:217:20) {
  errno: -104,
  code: 'ECONNRESET',
  syscall: 'read'
}
[2024-01-18T16:15:10.685] [ERROR] default - Error (getReserves(0xd32f3139A214034A0f9777c87eE0a064c1FF6AE2)): Error: read ECONNRESET
[2024-01-18T16:15:10.685] [ERROR] default - Error: read ECONNRESET
    at TCP.onStreamRead (node:internal/stream_base_commons:217:20) {
  errno: -104,
  code: 'ECONNRESET',
  syscall: 'read'
}
[2024-01-18T16:15:10.685] [ERROR] default - Error (getReserves(0xd32f3139A214034A0f9777c87eE0a064c1FF6AE2)): Error: read ECONNRESET
[2024-01-18T16:15:10.696] [ERROR] default - Error: read ECONNRESET
    at TCP.onStreamRead (node:internal/stream_base_commons:217:20) {
  errno: -104,
  code: 'ECONNRESET',
  syscall: 'read'
}
[2024-01-18T16:15:10.696] [ERROR] default - Error (getReserves(0xd32f3139A214034A0f9777c87eE0a064c1FF6AE2)): Error: read ECONNRESET
[2024-01-18T16:15:10.696] [ERROR] default - Error: read ECONNRESET
    at TCP.onStreamRead (node:internal/stream_base_commons:217:20) {
  errno: -104,
  code: 'ECONNRESET',
  syscall: 'read'
}
[2024-01-18T16:15:10.696] [ERROR] default - Error (getReserves(0xC8174d091c288FF78De98303c2973140Cbcf3B23)): Error: read ECONNRESET
[2024-01-18T16:15:10.696] [ERROR] default - Error: read ECONNRESET
    at TCP.onStreamRead (node:internal/stream_base_commons:217:20) {
  errno: -104,
  code: 'ECONNRESET',
  syscall: 'read'
}
[2024-01-18T16:15:10.696] [ERROR] default - Error (getReserves(0xC8174d091c288FF78De98303c2973140Cbcf3B23)): Error: read ECONNRESET
[2024-01-18T16:15:10.696] [ERROR] default - Error: read ECONNRESET
    at TCP.onStreamRead (node:internal/stream_base_commons:217:20) {
  errno: -104,
  code: 'ECONNRESET',
  syscall: 'read'
}
[2024-01-18T16:15:10.697] [ERROR] default - Error (getReserves(0x97B4f2797cC903D76F9b8ff41A94286F0B16198e)): Error: read ECONNRESET
[2024-01-18T16:15:10.697] [ERROR] default - Error: read ECONNRESET
    at TCP.onStreamRead (node:internal/stream_base_commons:217:20) {
  errno: -104,
  code: 'ECONNRESET',
  syscall: 'read'
}
[2024-01-18T16:15:10.697] [ERROR] default - Error (getReserves(0x97B4f2797cC903D76F9b8ff41A94286F0B16198e)): Error: read ECONNRESET
[2024-01-18T16:15:10.697] [ERROR] default - Error: read ECONNRESET
    at TCP.onStreamRead (node:internal/stream_base_commons:217:20) {
  errno: -104,
  code: 'ECONNRESET',
  syscall: 'read'
}
[2024-01-18T16:15:10.697] [ERROR] default - Error (getReserves(0xC8174d091c288FF78De98303c2973140Cbcf3B23)): Error: read ECONNRESET
[2024-01-18T16:15:10.697] [ERROR] default - Error: read ECONNRESET
    at TCP.onStreamRead (node:internal/stream_base_commons:217:20) {
  errno: -104,
  code: 'ECONNRESET',
  syscall: 'read'
}
[2024-01-18T16:15:10.697] [ERROR] default - Error (getReserves(0xC8174d091c288FF78De98303c2973140Cbcf3B23)): Error: read ECONNRESET
[2024-01-18T16:15:10.698] [ERROR] default - Error: read ECONNRESET
    at TCP.onStreamRead (node:internal/stream_base_commons:217:20) {
  errno: -104,
  code: 'ECONNRESET',
  syscall: 'read'
}
[2024-01-18T16:15:10.698] [ERROR] default - Error (getReserves(0x101640e107C4a72DeC79826768C239F1eB48cc85)): Error: read ECONNRESET
[2024-01-18T16:15:10.698] [ERROR] default - Error: read ECONNRESET
    at TCP.onStreamRead (node:internal/stream_base_commons:217:20) {
  errno: -104,
  code: 'ECONNRESET',
  syscall: 'read'
}
[2024-01-18T16:15:10.698] [ERROR] default - Error (getReserves(0x101640e107C4a72DeC79826768C239F1eB48cc85)): Error: read ECONNRESET
[2024-01-18T16:15:10.698] [ERROR] default - Error: read ECONNRESET
    at TCP.onStreamRead (node:internal/stream_base_commons:217:20) {
  errno: -104,
  code: 'ECONNRESET',
  syscall: 'read'
}
[2024-01-18T16:15:10.698] [ERROR] default - Error (getReserves(0x9cE65ae286e74f1268D19aB9b25f102C25DbDCb4)): Error: read ECONNRESET
[2024-01-18T16:15:10.698] [ERROR] default - Error: read ECONNRESET
    at TCP.onStreamRead (node:internal/stream_base_commons:217:20) {
  errno: -104,
  code: 'ECONNRESET',
  syscall: 'read'
}
[2024-01-18T16:15:10.698] [ERROR] default - Error (getReserves(0x9cE65ae286e74f1268D19aB9b25f102C25DbDCb4)): Error: read ECONNRESET
[2024-01-18T16:15:10.699] [ERROR] default - Error: read ECONNRESET
    at TCP.onStreamRead (node:internal/stream_base_commons:217:20) {
  errno: -104,
  code: 'ECONNRESET',
  syscall: 'read'
}
[2024-01-18T16:15:10.699] [ERROR] default - Error (getReserves(0x101640e107C4a72DeC79826768C239F1eB48cc85)): Error: read ECONNRESET
[2024-01-18T16:15:10.699] [ERROR] default - Error: read ECONNRESET
    at TCP.onStreamRead (node:internal/stream_base_commons:217:20) {
  errno: -104,
  code: 'ECONNRESET',
  syscall: 'read'
}
[2024-01-18T16:15:10.699] [ERROR] default - Error (getReserves(0x101640e107C4a72DeC79826768C239F1eB48cc85)): Error: read ECONNRESET
[2024-01-18T16:15:10.699] [ERROR] default - Error: read ECONNRESET
    at TCP.onStreamRead (node:internal/stream_base_commons:217:20) {
  errno: -104,
  code: 'ECONNRESET',
  syscall: 'read'
}
[2024-01-18T16:15:10.699] [ERROR] default - Error (getReserves(0x101640e107C4a72DeC79826768C239F1eB48cc85)): Error: read ECONNRESET
[2024-01-18T16:15:10.699] [ERROR] default - Error: read ECONNRESET
    at TCP.onStreamRead (node:internal/stream_base_commons:217:20) {
  errno: -104,
  code: 'ECONNRESET',
  syscall: 'read'
}
[2024-01-18T16:15:10.699] [ERROR] default - Error (getReserves(0x101640e107C4a72DeC79826768C239F1eB48cc85)): Error: read ECONNRESET
[2024-01-18T16:15:10.700] [ERROR] default - Error: read ECONNRESET
    at TCP.onStreamRead (node:internal/stream_base_commons:217:20) {
  errno: -104,
  code: 'ECONNRESET',
  syscall: 'read'
}
[2024-01-18T16:15:10.700] [ERROR] default - Error (getReserves(0x101640e107C4a72DeC79826768C239F1eB48cc85)): Error: read ECONNRESET
[2024-01-18T16:15:10.712] [ERROR] default - Error: read ECONNRESET
    at TCP.onStreamRead (node:internal/stream_base_commons:217:20) {
  errno: -104,
  code: 'ECONNRESET',
  syscall: 'read'
}
[2024-01-18T16:15:10.712] [ERROR] default - Error (getReserves(0x101640e107C4a72DeC79826768C239F1eB48cc85)): Error: read ECONNRESET
[2024-01-18T16:15:10.712] [ERROR] default - Error: read ECONNRESET
    at TCP.onStreamRead (node:internal/stream_base_commons:217:20) {
  errno: -104,
  code: 'ECONNRESET',
  syscall: 'read'
}
[2024-01-18T16:15:10.713] [ERROR] default - Error (getReserves(0xb965c131f1C48d89B1760860b782D2aCDF87273b)): Error: read ECONNRESET
[2024-01-18T16:15:10.713] [ERROR] default - Error: read ECONNRESET
    at TCP.onStreamRead (node:internal/stream_base_commons:217:20) {
  errno: -104,
  code: 'ECONNRESET',
  syscall: 'read'
}
[2024-01-18T16:15:10.713] [ERROR] default - Error (getReserves(0xb965c131f1C48d89B1760860b782D2aCDF87273b)): Error: read ECONNRESET
[2024-01-18T16:15:10.713] [ERROR] default - Error: read ECONNRESET
    at TCP.onStreamRead (node:internal/stream_base_commons:217:20) {
  errno: -104,
  code: 'ECONNRESET',
  syscall: 'read'
}
[2024-01-18T16:15:10.714] [ERROR] default - Error (getReserves(0xb965c131f1C48d89B1760860b782D2aCDF87273b)): Error: read ECONNRESET
[2024-01-18T16:15:10.714] [ERROR] default - Error: read ECONNRESET
    at TCP.onStreamRead (node:internal/stream_base_commons:217:20) {
  errno: -104,
  code: 'ECONNRESET',
  syscall: 'read'
}
[2024-01-18T16:15:10.714] [ERROR] default - Error (getReserves(0xb965c131f1C48d89B1760860b782D2aCDF87273b)): Error: read ECONNRESET
[2024-01-18T16:15:10.714] [ERROR] default - Error: read ECONNRESET
    at TCP.onStreamRead (node:internal/stream_base_commons:217:20) {
  errno: -104,
  code: 'ECONNRESET',
  syscall: 'read'
}
[2024-01-18T16:15:10.715] [ERROR] default - Error (getReserves(0xb965c131f1C48d89B1760860b782D2aCDF87273b)): Error: read ECONNRESET
[2024-01-18T16:15:10.715] [ERROR] default - Error: read ECONNRESET
    at TCP.onStreamRead (node:internal/stream_base_commons:217:20) {
  errno: -104,
  code: 'ECONNRESET',
  syscall: 'read'
}
[2024-01-18T16:15:10.716] [ERROR] default - Error (getReserves(0xb965c131f1C48d89B1760860b782D2aCDF87273b)): Error: read ECONNRESET
[2024-01-18T16:15:10.716] [ERROR] default - Error: read ECONNRESET
    at TCP.onStreamRead (node:internal/stream_base_commons:217:20) {
  errno: -104,
  code: 'ECONNRESET',
  syscall: 'read'
}
[2024-01-18T16:15:10.728] [ERROR] default - Error (getReserves(0xA2937659873ef52Da71a399e4079EBb2a7e5fFF6)): Error: read ECONNRESET
[2024-01-18T16:15:10.728] [ERROR] default - Error: read ECONNRESET
    at TCP.onStreamRead (node:internal/stream_base_commons:217:20) {
  errno: -104,
  code: 'ECONNRESET',
  syscall: 'read'
}
[2024-01-18T16:15:10.728] [ERROR] default - Error (getReserves(0xA2937659873ef52Da71a399e4079EBb2a7e5fFF6)): Error: read ECONNRESET
[2024-01-18T16:15:10.729] [ERROR] default - Error: read ECONNRESET
    at TCP.onStreamRead (node:internal/stream_base_commons:217:20) {
  errno: -104,
  code: 'ECONNRESET',
  syscall: 'read'
}
[2024-01-18T16:15:10.729] [ERROR] default - Error (getReserves(0xA2937659873ef52Da71a399e4079EBb2a7e5fFF6)): Error: read ECONNRESET
[2024-01-18T16:15:10.729] [ERROR] default - Error: read ECONNRESET
    at TCP.onStreamRead (node:internal/stream_base_commons:217:20) {
  errno: -104,
  code: 'ECONNRESET',
  syscall: 'read'
}
[2024-01-18T16:15:10.730] [ERROR] default - Error (getReserves(0xA2937659873ef52Da71a399e4079EBb2a7e5fFF6)): Error: read ECONNRESET
[2024-01-18T16:15:10.730] [ERROR] default - Error: read ECONNRESET
    at TCP.onStreamRead (node:internal/stream_base_commons:217:20) {
  errno: -104,
  code: 'ECONNRESET',
  syscall: 'read'
}
[2024-01-18T16:15:10.730] [ERROR] default - Error (getReserves(0x853Ee4b2A13f8a742d64C8F088bE7bA2131f670d)): Error: read ECONNRESET
[2024-01-18T16:15:10.730] [ERROR] default - Error: read ECONNRESET
    at TCP.onStreamRead (node:internal/stream_base_commons:217:20) {
  errno: -104,
  code: 'ECONNRESET',
  syscall: 'read'
}
[2024-01-18T16:15:10.731] [ERROR] default - Error (getReserves(0x853Ee4b2A13f8a742d64C8F088bE7bA2131f670d)): Error: read ECONNRESET
[2024-01-18T16:15:10.731] [ERROR] default - Error: read ECONNRESET
    at TCP.onStreamRead (node:internal/stream_base_commons:217:20) {
  errno: -104,
  code: 'ECONNRESET',
  syscall: 'read'
}
[2024-01-18T16:15:11.276] [INFO] default - New block received: Block # 51501686
[2024-01-18T16:15:19.177] [ERROR] default - PROVIDER ERROR: Error: Invalid argument
    at pu (/mnt/c/code/polybotv3/scripts/modules/convertBN.ts:20:15)
    at Trade.getTrade (/mnt/c/code/polybotv3/scripts/v2/getTrade.ts:190:6)
    at processTicksAndRejections (node:internal/process/task_queues:95:5)
    at async control (/mnt/c/code/polybotv3/scripts/v2/control.ts:47:19)
    at async /mnt/c/code/polybotv3/index.ts:44:5
    at async Promise.all (index 0)
    at async JsonRpcProvider.<anonymous> (/mnt/c/code/polybotv3/index.ts:43:4)
[2024-01-18T16:15:19.179] [ERROR] default - PROVIDER ERROR: Error: Invalid argument
    at pu (/mnt/c/code/polybotv3/scripts/modules/convertBN.ts:20:15)
    at Trade.getTrade (/mnt/c/code/polybotv3/scripts/v2/getTrade.ts:190:6)
    at processTicksAndRejections (node:internal/process/task_queues:95:5)
    at async control (/mnt/c/code/polybotv3/scripts/v2/control.ts:47:19)
    at async /mnt/c/code/polybotv3/index.ts:44:5
    at async Promise.all (index 0)
    at async JsonRpcProvider.<anonymous> (/mnt/c/code/polybotv3/index.ts:43:4)
[2024-01-18T16:15:19.285] [ERROR] default - Error (getReserves(0xd32f3139A214034A0f9777c87eE0a064c1FF6AE2)): Error: read ECONNRESET
[2024-01-18T16:15:19.286] [ERROR] default - Error: read ECONNRESET
    at TCP.onStreamRead (node:internal/stream_base_commons:217:20) {
  errno: -104,
  code: 'ECONNRESET',
  syscall: 'read'
}
[2024-01-18T16:15:19.286] [ERROR] default - Error (getReserves(0xd32f3139A214034A0f9777c87eE0a064c1FF6AE2)): Error: read ECONNRESET
[2024-01-18T16:15:19.297] [ERROR] default - Error: read ECONNRESET
    at TCP.onStreamRead (node:internal/stream_base_commons:217:20) {
  errno: -104,
  code: 'ECONNRESET',
  syscall: 'read'
}
[2024-01-18T16:15:19.298] [ERROR] default - Error (getReserves(0xC8174d091c288FF78De98303c2973140Cbcf3B23)): Error: read ECONNRESET
[2024-01-18T16:15:19.298] [ERROR] default - Error: read ECONNRESET
    at TCP.onStreamRead (node:internal/stream_base_commons:217:20) {
  errno: -104,
  code: 'ECONNRESET',
  syscall: 'read'
}
[2024-01-18T16:15:19.299] [ERROR] default - Error (getReserves(0xC8174d091c288FF78De98303c2973140Cbcf3B23)): Error: read ECONNRESET
[2024-01-18T16:15:19.299] [ERROR] default - Error: read ECONNRESET
    at TCP.onStreamRead (node:internal/stream_base_commons:217:20) {
  errno: -104,
  code: 'ECONNRESET',
  syscall: 'read'
}
[2024-01-18T16:15:19.299] [ERROR] default - Error (getReserves(0xd32f3139A214034A0f9777c87eE0a064c1FF6AE2)): Error: read ECONNRESET
[2024-01-18T16:15:19.299] [ERROR] default - Error: read ECONNRESET
    at TCP.onStreamRead (node:internal/stream_base_commons:217:20) {
  errno: -104,
  code: 'ECONNRESET',
  syscall: 'read'
}
[2024-01-18T16:15:19.300] [ERROR] default - Error (getReserves(0xd32f3139A214034A0f9777c87eE0a064c1FF6AE2)): Error: read ECONNRESET
[2024-01-18T16:15:19.300] [ERROR] default - Error: read ECONNRESET
    at TCP.onStreamRead (node:internal/stream_base_commons:217:20) {
  errno: -104,
  code: 'ECONNRESET',
  syscall: 'read'
}
[2024-01-18T16:15:19.300] [ERROR] default - Error (getReserves(0x65D43B64E3B31965Cd5EA367D4c2b94c03084797)): Error: read ECONNRESET
[2024-01-18T16:15:19.300] [ERROR] default - Error: read ECONNRESET
    at TCP.onStreamRead (node:internal/stream_base_commons:217:20) {
  errno: -104,
  code: 'ECONNRESET',
  syscall: 'read'
}
[2024-01-18T16:15:19.301] [ERROR] default - Error (getReserves(0x65D43B64E3B31965Cd5EA367D4c2b94c03084797)): Error: read ECONNRESET
[2024-01-18T16:15:19.301] [ERROR] default - Error: read ECONNRESET
    at TCP.onStreamRead (node:internal/stream_base_commons:217:20) {
  errno: -104,
  code: 'ECONNRESET',
  syscall: 'read'
}
[2024-01-18T16:15:19.301] [ERROR] default - Error (getReserves(0xd32f3139A214034A0f9777c87eE0a064c1FF6AE2)): Error: read ECONNRESET
[2024-01-18T16:15:19.301] [ERROR] default - Error: read ECONNRESET
    at TCP.onStreamRead (node:internal/stream_base_commons:217:20) {
  errno: -104,
  code: 'ECONNRESET',
  syscall: 'read'
}
[2024-01-18T16:15:19.301] [ERROR] default - Error (getReserves(0xd32f3139A214034A0f9777c87eE0a064c1FF6AE2)): Error: read ECONNRESET
[2024-01-18T16:15:19.301] [ERROR] default - Error: read ECONNRESET
    at TCP.onStreamRead (node:internal/stream_base_commons:217:20) {
  errno: -104,
  code: 'ECONNRESET',
  syscall: 'read'
}
[2024-01-18T16:15:19.302] [ERROR] default - Error (getReserves(0xd32f3139A214034A0f9777c87eE0a064c1FF6AE2)): Error: read ECONNRESET
[2024-01-18T16:15:19.302] [ERROR] default - Error: read ECONNRESET
    at TCP.onStreamRead (node:internal/stream_base_commons:217:20) {
  errno: -104,
  code: 'ECONNRESET',
  syscall: 'read'
}
[2024-01-18T16:15:19.302] [ERROR] default - Error (getReserves(0xd32f3139A214034A0f9777c87eE0a064c1FF6AE2)): Error: read ECONNRESET
[2024-01-18T16:15:19.302] [ERROR] default - Error: read ECONNRESET
    at TCP.onStreamRead (node:internal/stream_base_commons:217:20) {
  errno: -104,
  code: 'ECONNRESET',
  syscall: 'read'
}
[2024-01-18T16:15:19.303] [ERROR] default - Error (getReserves(0xd32f3139A214034A0f9777c87eE0a064c1FF6AE2)): Error: read ECONNRESET
[2024-01-18T16:15:19.303] [ERROR] default - Error: read ECONNRESET
    at TCP.onStreamRead (node:internal/stream_base_commons:217:20) {
  errno: -104,
  code: 'ECONNRESET',
  syscall: 'read'
}
[2024-01-18T16:15:19.303] [ERROR] default - Error (getReserves(0xd32f3139A214034A0f9777c87eE0a064c1FF6AE2)): Error: read ECONNRESET
[2024-01-18T16:15:19.314] [ERROR] default - Error: read ECONNRESET
    at TCP.onStreamRead (node:internal/stream_base_commons:217:20) {
  errno: -104,
  code: 'ECONNRESET',
  syscall: 'read'
}
[2024-01-18T16:15:19.315] [ERROR] default - Error (getReserves(0xC8174d091c288FF78De98303c2973140Cbcf3B23)): Error: read ECONNRESET
[2024-01-18T16:15:19.315] [ERROR] default - Error: read ECONNRESET
    at TCP.onStreamRead (node:internal/stream_base_commons:217:20) {
  errno: -104,
  code: 'ECONNRESET',
  syscall: 'read'
}
[2024-01-18T16:15:19.315] [ERROR] default - Error (getReserves(0xC8174d091c288FF78De98303c2973140Cbcf3B23)): Error: read ECONNRESET
[2024-01-18T16:15:19.316] [ERROR] default - Error: read ECONNRESET
    at TCP.onStreamRead (node:internal/stream_base_commons:217:20) {
  errno: -104,
  code: 'ECONNRESET',
  syscall: 'read'
}
[2024-01-18T16:15:19.316] [ERROR] default - Error (getReserves(0x97B4f2797cC903D76F9b8ff41A94286F0B16198e)): Error: read ECONNRESET
[2024-01-18T16:15:19.316] [ERROR] default - Error: read ECONNRESET
    at TCP.onStreamRead (node:internal/stream_base_commons:217:20) {
  errno: -104,
  code: 'ECONNRESET',
  syscall: 'read'
}
[2024-01-18T16:15:19.316] [ERROR] default - Error (getReserves(0x97B4f2797cC903D76F9b8ff41A94286F0B16198e)): Error: read ECONNRESET
[2024-01-18T16:15:19.317] [ERROR] default - Error: read ECONNRESET
    at TCP.onStreamRead (node:internal/stream_base_commons:217:20) {
  errno: -104,
  code: 'ECONNRESET',
  syscall: 'read'
}
[2024-01-18T16:15:19.317] [ERROR] default - Error (getReserves(0xC8174d091c288FF78De98303c2973140Cbcf3B23)): Error: read ECONNRESET
[2024-01-18T16:15:19.317] [ERROR] default - Error: read ECONNRESET
    at TCP.onStreamRead (node:internal/stream_base_commons:217:20) {
  errno: -104,
  code: 'ECONNRESET',
  syscall: 'read'
}
[2024-01-18T16:15:19.317] [ERROR] default - Error (getReserves(0xC8174d091c288FF78De98303c2973140Cbcf3B23)): Error: read ECONNRESET
[2024-01-18T16:15:19.317] [ERROR] default - Error: read ECONNRESET
    at TCP.onStreamRead (node:internal/stream_base_commons:217:20) {
  errno: -104,
  code: 'ECONNRESET',
  syscall: 'read'
}
[2024-01-18T16:15:19.318] [ERROR] default - Error (getReserves(0x101640e107C4a72DeC79826768C239F1eB48cc85)): Error: read ECONNRESET
[2024-01-18T16:15:19.318] [ERROR] default - Error: read ECONNRESET
    at TCP.onStreamRead (node:internal/stream_base_commons:217:20) {
  errno: -104,
  code: 'ECONNRESET',
  syscall: 'read'
}
[2024-01-18T16:15:19.318] [ERROR] default - Error (getReserves(0x101640e107C4a72DeC79826768C239F1eB48cc85)): Error: read ECONNRESET
[2024-01-18T16:15:19.318] [ERROR] default - Error: read ECONNRESET
    at TCP.onStreamRead (node:internal/stream_base_commons:217:20) {
  errno: -104,
  code: 'ECONNRESET',
  syscall: 'read'
}
[2024-01-18T16:15:19.319] [ERROR] default - Error (getReserves(0x9cE65ae286e74f1268D19aB9b25f102C25DbDCb4)): Error: read ECONNRESET
[2024-01-18T16:15:19.319] [ERROR] default - Error: read ECONNRESET
    at TCP.onStreamRead (node:internal/stream_base_commons:217:20) {
  errno: -104,
  code: 'ECONNRESET',
  syscall: 'read'
}
[2024-01-18T16:15:19.330] [ERROR] default - Error (getReserves(0x9cE65ae286e74f1268D19aB9b25f102C25DbDCb4)): Error: read ECONNRESET
[2024-01-18T16:15:19.330] [ERROR] default - Error: read ECONNRESET
    at TCP.onStreamRead (node:internal/stream_base_commons:217:20) {
  errno: -104,
  code: 'ECONNRESET',
  syscall: 'read'
}
[2024-01-18T16:15:19.330] [ERROR] default - Error (getReserves(0x101640e107C4a72DeC79826768C239F1eB48cc85)): Error: read ECONNRESET
[2024-01-18T16:15:19.331] [ERROR] default - Error: read ECONNRESET
    at TCP.onStreamRead (node:internal/stream_base_commons:217:20) {
  errno: -104,
  code: 'ECONNRESET',
  syscall: 'read'
}
[2024-01-18T16:15:19.331] [ERROR] default - Error (getReserves(0x101640e107C4a72DeC79826768C239F1eB48cc85)): Error: read ECONNRESET
[2024-01-18T16:15:19.331] [ERROR] default - Error: read ECONNRESET
    at TCP.onStreamRead (node:internal/stream_base_commons:217:20) {
  errno: -104,
  code: 'ECONNRESET',
  syscall: 'read'
}
[2024-01-18T16:15:19.331] [ERROR] default - Error (getReserves(0x101640e107C4a72DeC79826768C239F1eB48cc85)): Error: read ECONNRESET
[2024-01-18T16:15:19.331] [ERROR] default - Error: read ECONNRESET
    at TCP.onStreamRead (node:internal/stream_base_commons:217:20) {
  errno: -104,
  code: 'ECONNRESET',
  syscall: 'read'
}
[2024-01-18T16:15:19.331] [ERROR] default - Error (getReserves(0x101640e107C4a72DeC79826768C239F1eB48cc85)): Error: read ECONNRESET
[2024-01-18T16:15:19.331] [ERROR] default - Error: read ECONNRESET
    at TCP.onStreamRead (node:internal/stream_base_commons:217:20) {
  errno: -104,
  code: 'ECONNRESET',
  syscall: 'read'
}
[2024-01-18T16:15:19.332] [ERROR] default - Error (getReserves(0x101640e107C4a72DeC79826768C239F1eB48cc85)): Error: read ECONNRESET
[2024-01-18T16:15:19.332] [ERROR] default - Error: read ECONNRESET
    at TCP.onStreamRead (node:internal/stream_base_commons:217:20) {
  errno: -104,
  code: 'ECONNRESET',
  syscall: 'read'
}
[2024-01-18T16:15:19.332] [ERROR] default - Error (getReserves(0x101640e107C4a72DeC79826768C239F1eB48cc85)): Error: read ECONNRESET
[2024-01-18T16:15:19.332] [ERROR] default - Error: read ECONNRESET
    at TCP.onStreamRead (node:internal/stream_base_commons:217:20) {
  errno: -104,
  code: 'ECONNRESET',
  syscall: 'read'
}
[2024-01-18T16:15:19.332] [ERROR] default - Error (getReserves(0xb965c131f1C48d89B1760860b782D2aCDF87273b)): Error: read ECONNRESET
[2024-01-18T16:15:19.332] [ERROR] default - Error: read ECONNRESET
    at TCP.onStreamRead (node:internal/stream_base_commons:217:20) {
  errno: -104,
  code: 'ECONNRESET',
  syscall: 'read'
}
[2024-01-18T16:15:19.332] [ERROR] default - Error (getReserves(0xb965c131f1C48d89B1760860b782D2aCDF87273b)): Error: read ECONNRESET
[2024-01-18T16:15:19.332] [ERROR] default - Error: read ECONNRESET
    at TCP.onStreamRead (node:internal/stream_base_commons:217:20) {
  errno: -104,
  code: 'ECONNRESET',
  syscall: 'read'
}
[2024-01-18T16:15:19.333] [ERROR] default - Error (getReserves(0xb965c131f1C48d89B1760860b782D2aCDF87273b)): Error: read ECONNRESET
[2024-01-18T16:15:19.333] [ERROR] default - Error: read ECONNRESET
    at TCP.onStreamRead (node:internal/stream_base_commons:217:20) {
  errno: -104,
  code: 'ECONNRESET',
  syscall: 'read'
}
[2024-01-18T16:15:19.333] [ERROR] default - Error (getReserves(0xb965c131f1C48d89B1760860b782D2aCDF87273b)): Error: read ECONNRESET
[2024-01-18T16:15:19.333] [ERROR] default - Error: read ECONNRESET
    at TCP.onStreamRead (node:internal/stream_base_commons:217:20) {
  errno: -104,
  code: 'ECONNRESET',
  syscall: 'read'
}
[2024-01-18T16:15:19.334] [ERROR] default - Error (getReserves(0xb965c131f1C48d89B1760860b782D2aCDF87273b)): Error: read ECONNRESET
[2024-01-18T16:15:19.334] [ERROR] default - Error: read ECONNRESET
    at TCP.onStreamRead (node:internal/stream_base_commons:217:20) {
  errno: -104,
  code: 'ECONNRESET',
  syscall: 'read'
}
[2024-01-18T16:15:19.334] [ERROR] default - Error (getReserves(0xb965c131f1C48d89B1760860b782D2aCDF87273b)): Error: read ECONNRESET
[2024-01-18T16:15:19.334] [ERROR] default - Error: read ECONNRESET
    at TCP.onStreamRead (node:internal/stream_base_commons:217:20) {
  errno: -104,
  code: 'ECONNRESET',
  syscall: 'read'
}
[2024-01-18T16:15:19.335] [ERROR] default - Error (getReserves(0xA2937659873ef52Da71a399e4079EBb2a7e5fFF6)): Error: read ECONNRESET
[2024-01-18T16:15:19.335] [ERROR] default - Error: read ECONNRESET
    at TCP.onStreamRead (node:internal/stream_base_commons:217:20) {
  errno: -104,
  code: 'ECONNRESET',
  syscall: 'read'
}
[2024-01-18T16:15:19.346] [ERROR] default - Error (getReserves(0xA2937659873ef52Da71a399e4079EBb2a7e5fFF6)): Error: read ECONNRESET
[2024-01-18T16:15:19.346] [ERROR] default - Error: read ECONNRESET
    at TCP.onStreamRead (node:internal/stream_base_commons:217:20) {
  errno: -104,
  code: 'ECONNRESET',
  syscall: 'read'
}
[2024-01-18T16:15:19.346] [ERROR] default - Error (getReserves(0xA2937659873ef52Da71a399e4079EBb2a7e5fFF6)): Error: read ECONNRESET
[2024-01-18T16:15:19.347] [ERROR] default - Error: read ECONNRESET
    at TCP.onStreamRead (node:internal/stream_base_commons:217:20) {
  errno: -104,
  code: 'ECONNRESET',
  syscall: 'read'
}
[2024-01-18T16:15:19.347] [ERROR] default - Error (getReserves(0xA2937659873ef52Da71a399e4079EBb2a7e5fFF6)): Error: read ECONNRESET
[2024-01-18T16:15:19.347] [ERROR] default - Error: read ECONNRESET
    at TCP.onStreamRead (node:internal/stream_base_commons:217:20) {
  errno: -104,
  code: 'ECONNRESET',
  syscall: 'read'
}
[2024-01-18T16:15:19.347] [ERROR] default - Error (getReserves(0x853Ee4b2A13f8a742d64C8F088bE7bA2131f670d)): Error: read ECONNRESET
[2024-01-18T16:15:19.347] [ERROR] default - Error: read ECONNRESET
    at TCP.onStreamRead (node:internal/stream_base_commons:217:20) {
  errno: -104,
  code: 'ECONNRESET',
  syscall: 'read'
}
[2024-01-18T16:15:19.348] [ERROR] default - Error (getReserves(0x853Ee4b2A13f8a742d64C8F088bE7bA2131f670d)): Error: read ECONNRESET
[2024-01-18T16:15:19.348] [ERROR] default - Error: read ECONNRESET
    at TCP.onStreamRead (node:internal/stream_base_commons:217:20) {
  errno: -104,
  code: 'ECONNRESET',
  syscall: 'read'
}
[2024-01-18T16:15:19.593] [INFO] default - New block received: Block # 51501687
[2024-01-18T16:15:29.029] [ERROR] default - Error (getReserves(0x65D43B64E3B31965Cd5EA367D4c2b94c03084797)): Error: read ECONNRESET
[2024-01-18T16:22:15.853] [ERROR] default - TELEGRAM ERROR: Telegram bot token not found in environment variables
[2024-01-18T16:22:19.900] [INFO] default - New block received: Block # 51501884
[2024-01-18T16:22:19.983] [INFO] default - New block received: Block # 51501885
[2024-01-18T16:22:26.043] [INFO] default - New block received: Block # 51501886
[2024-01-18T16:22:26.050] [INFO] default - New block received: Block # 51501887
[2024-01-18T16:22:26.056] [INFO] default - New block received: Block # 51501888
[2024-01-18T16:22:26.720] [ERROR] default - PROVIDER ERROR: Error: Invalid argument
    at pu (/mnt/c/code/polybotv3/scripts/modules/convertBN.ts:20:15)
    at Trade.getTrade (/mnt/c/code/polybotv3/scripts/v2/getTrade.ts:190:6)
    at processTicksAndRejections (node:internal/process/task_queues:95:5)
    at async control (/mnt/c/code/polybotv3/scripts/v2/control.ts:47:19)
    at async /mnt/c/code/polybotv3/index.ts:44:5
    at async Promise.all (index 0)
    at async JsonRpcProvider.<anonymous> (/mnt/c/code/polybotv3/index.ts:43:4)
[2024-01-18T16:22:26.721] [ERROR] default - PROVIDER ERROR: Error: Invalid argument
    at pu (/mnt/c/code/polybotv3/scripts/modules/convertBN.ts:20:15)
    at Trade.getTrade (/mnt/c/code/polybotv3/scripts/v2/getTrade.ts:190:6)
    at processTicksAndRejections (node:internal/process/task_queues:95:5)
    at async control (/mnt/c/code/polybotv3/scripts/v2/control.ts:47:19)
    at async /mnt/c/code/polybotv3/index.ts:44:5
    at async Promise.all (index 0)
    at async JsonRpcProvider.<anonymous> (/mnt/c/code/polybotv3/index.ts:43:4)
[2024-01-18T16:26:11.213] [ERROR] default - TELEGRAM ERROR: Telegram bot token not found in environment variables
[2024-01-18T16:26:15.253] [INFO] default - New block received: Block # 51501998
[2024-01-18T16:26:15.535] [INFO] default - New block received: Block # 51501999
[2024-01-18T16:26:21.816] [INFO] default - New block received: Block # 51502000
[2024-01-18T16:26:21.827] [INFO] default - New block received: Block # 51502001
[2024-01-18T16:26:32.212] [INFO] default - New block received: Block # 51502002
[2024-01-18T16:30:13.019] [ERROR] default - TELEGRAM ERROR: Telegram bot token not found in environment variables
[2024-01-18T16:30:17.072] [INFO] default - New block received: Block # 51502114
[2024-01-18T16:30:17.193] [INFO] default - New block received: Block # 51502115
[2024-01-18T16:30:22.281] [INFO] default - New block received: Block # 51502116
[2024-01-18T16:30:22.284] [INFO] default - New block received: Block # 51502117
[2024-01-18T16:31:51.861] [ERROR] default - TELEGRAM ERROR: Telegram bot token not found in environment variables
[2024-01-18T16:31:55.934] [INFO] default - New block received: Block # 51502160
[2024-01-18T16:31:56.097] [INFO] default - New block received: Block # 51502161
[2024-01-18T16:32:03.286] [INFO] default - New block received: Block # 51502162
[2024-01-18T16:32:03.301] [INFO] default - New block received: Block # 51502163
[2024-01-18T16:32:11.130] [INFO] default - New block received: Block # 51502164
[2024-01-18T16:32:11.154] [INFO] default - New block received: Block # 51502165
[2024-01-18T16:32:14.813] [ERROR] default - Error (getReserves(0x65D43B64E3B31965Cd5EA367D4c2b94c03084797)): Error: read ECONNRESET
[2024-01-18T16:32:14.814] [ERROR] default - Error: read ECONNRESET
    at TCP.onStreamRead (node:internal/stream_base_commons:217:20) {
  errno: -104,
  code: 'ECONNRESET',
  syscall: 'read'
}
[2024-01-18T16:32:14.816] [ERROR] default - Error (getReserves(0x65D43B64E3B31965Cd5EA367D4c2b94c03084797)): Error: read ECONNRESET
[2024-01-18T16:32:14.816] [ERROR] default - Error: read ECONNRESET
    at TCP.onStreamRead (node:internal/stream_base_commons:217:20) {
  errno: -104,
  code: 'ECONNRESET',
  syscall: 'read'
}
[2024-01-18T16:32:14.817] [ERROR] default - Error (getReserves(0xd32f3139A214034A0f9777c87eE0a064c1FF6AE2)): Error: read ECONNRESET
[2024-01-18T16:32:14.817] [ERROR] default - Error: read ECONNRESET
    at TCP.onStreamRead (node:internal/stream_base_commons:217:20) {
  errno: -104,
  code: 'ECONNRESET',
  syscall: 'read'
}
[2024-01-18T16:32:14.818] [ERROR] default - Error (getReserves(0xd32f3139A214034A0f9777c87eE0a064c1FF6AE2)): Error: read ECONNRESET
[2024-01-18T16:32:14.818] [ERROR] default - Error: read ECONNRESET
    at TCP.onStreamRead (node:internal/stream_base_commons:217:20) {
  errno: -104,
  code: 'ECONNRESET',
  syscall: 'read'
}
[2024-01-18T16:32:14.819] [ERROR] default - Error (getReserves(0xd32f3139A214034A0f9777c87eE0a064c1FF6AE2)): Error: read ECONNRESET
[2024-01-18T16:32:14.819] [ERROR] default - Error: read ECONNRESET
    at TCP.onStreamRead (node:internal/stream_base_commons:217:20) {
  errno: -104,
  code: 'ECONNRESET',
  syscall: 'read'
}
[2024-01-18T16:32:14.822] [ERROR] default - Error (getReserves(0xd32f3139A214034A0f9777c87eE0a064c1FF6AE2)): Error: read ECONNRESET
[2024-01-18T16:32:14.823] [ERROR] default - Error: read ECONNRESET
    at TCP.onStreamRead (node:internal/stream_base_commons:217:20) {
  errno: -104,
  code: 'ECONNRESET',
  syscall: 'read'
}
[2024-01-18T16:32:14.824] [ERROR] default - Error (getReserves(0xd32f3139A214034A0f9777c87eE0a064c1FF6AE2)): Error: read ECONNRESET
[2024-01-18T16:32:14.824] [ERROR] default - Error: read ECONNRESET
    at TCP.onStreamRead (node:internal/stream_base_commons:217:20) {
  errno: -104,
  code: 'ECONNRESET',
  syscall: 'read'
}
[2024-01-18T16:32:14.825] [ERROR] default - Error (getReserves(0xd32f3139A214034A0f9777c87eE0a064c1FF6AE2)): Error: read ECONNRESET
[2024-01-18T16:32:14.825] [ERROR] default - Error: read ECONNRESET
    at TCP.onStreamRead (node:internal/stream_base_commons:217:20) {
  errno: -104,
  code: 'ECONNRESET',
  syscall: 'read'
}
[2024-01-18T16:32:14.825] [ERROR] default - Error (getReserves(0xd32f3139A214034A0f9777c87eE0a064c1FF6AE2)): Error: read ECONNRESET
[2024-01-18T16:32:14.826] [ERROR] default - Error: read ECONNRESET
    at TCP.onStreamRead (node:internal/stream_base_commons:217:20) {
  errno: -104,
  code: 'ECONNRESET',
  syscall: 'read'
}
[2024-01-18T16:32:14.826] [ERROR] default - Error (getReserves(0xd32f3139A214034A0f9777c87eE0a064c1FF6AE2)): Error: read ECONNRESET
[2024-01-18T16:32:14.827] [ERROR] default - Error: read ECONNRESET
    at TCP.onStreamRead (node:internal/stream_base_commons:217:20) {
  errno: -104,
  code: 'ECONNRESET',
  syscall: 'read'
}
[2024-01-18T16:32:14.827] [ERROR] default - Error (getReserves(0xd32f3139A214034A0f9777c87eE0a064c1FF6AE2)): Error: read ECONNRESET
[2024-01-18T16:32:14.828] [ERROR] default - Error: read ECONNRESET
    at TCP.onStreamRead (node:internal/stream_base_commons:217:20) {
  errno: -104,
  code: 'ECONNRESET',
  syscall: 'read'
}
[2024-01-18T16:32:14.828] [ERROR] default - Error (getReserves(0xd32f3139A214034A0f9777c87eE0a064c1FF6AE2)): Error: read ECONNRESET
[2024-01-18T16:32:14.828] [ERROR] default - Error: read ECONNRESET
    at TCP.onStreamRead (node:internal/stream_base_commons:217:20) {
  errno: -104,
  code: 'ECONNRESET',
  syscall: 'read'
}
[2024-01-18T16:32:14.829] [ERROR] default - Error (getReserves(0x97B4f2797cC903D76F9b8ff41A94286F0B16198e)): Error: read ECONNRESET
[2024-01-18T16:32:14.829] [ERROR] default - Error: read ECONNRESET
    at TCP.onStreamRead (node:internal/stream_base_commons:217:20) {
  errno: -104,
  code: 'ECONNRESET',
  syscall: 'read'
}
[2024-01-18T16:32:14.831] [ERROR] default - Error (getReserves(0x97B4f2797cC903D76F9b8ff41A94286F0B16198e)): Error: read ECONNRESET
[2024-01-18T16:32:14.831] [ERROR] default - Error: read ECONNRESET
    at TCP.onStreamRead (node:internal/stream_base_commons:217:20) {
  errno: -104,
  code: 'ECONNRESET',
  syscall: 'read'
}
[2024-01-18T16:32:14.832] [ERROR] default - Error (getReserves(0xC8174d091c288FF78De98303c2973140Cbcf3B23)): Error: read ECONNRESET
[2024-01-18T16:32:14.832] [ERROR] default - Error: read ECONNRESET
    at TCP.onStreamRead (node:internal/stream_base_commons:217:20) {
  errno: -104,
  code: 'ECONNRESET',
  syscall: 'read'
}
[2024-01-18T16:32:14.832] [ERROR] default - Error (getReserves(0xC8174d091c288FF78De98303c2973140Cbcf3B23)): Error: read ECONNRESET
[2024-01-18T16:32:14.833] [ERROR] default - Error: read ECONNRESET
    at TCP.onStreamRead (node:internal/stream_base_commons:217:20) {
  errno: -104,
  code: 'ECONNRESET',
  syscall: 'read'
}
[2024-01-18T16:32:14.833] [ERROR] default - Error (getReserves(0xC8174d091c288FF78De98303c2973140Cbcf3B23)): Error: read ECONNRESET
[2024-01-18T16:32:14.833] [ERROR] default - Error: read ECONNRESET
    at TCP.onStreamRead (node:internal/stream_base_commons:217:20) {
  errno: -104,
  code: 'ECONNRESET',
  syscall: 'read'
}
[2024-01-18T16:32:14.834] [ERROR] default - Error (getReserves(0xC8174d091c288FF78De98303c2973140Cbcf3B23)): Error: read ECONNRESET
[2024-01-18T16:32:14.834] [ERROR] default - Error: read ECONNRESET
    at TCP.onStreamRead (node:internal/stream_base_commons:217:20) {
  errno: -104,
  code: 'ECONNRESET',
  syscall: 'read'
}
[2024-01-18T16:32:14.835] [ERROR] default - Error (getReserves(0xC8174d091c288FF78De98303c2973140Cbcf3B23)): Error: read ECONNRESET
[2024-01-18T16:32:14.835] [ERROR] default - Error: read ECONNRESET
    at TCP.onStreamRead (node:internal/stream_base_commons:217:20) {
  errno: -104,
  code: 'ECONNRESET',
  syscall: 'read'
}
[2024-01-18T16:32:14.836] [ERROR] default - Error (getReserves(0xC8174d091c288FF78De98303c2973140Cbcf3B23)): Error: read ECONNRESET
[2024-01-18T16:32:14.836] [ERROR] default - Error: read ECONNRESET
    at TCP.onStreamRead (node:internal/stream_base_commons:217:20) {
  errno: -104,
  code: 'ECONNRESET',
  syscall: 'read'
}
[2024-01-18T16:32:14.837] [ERROR] default - Error (getReserves(0x101640e107C4a72DeC79826768C239F1eB48cc85)): Error: read ECONNRESET
[2024-01-18T16:32:14.838] [ERROR] default - Error: read ECONNRESET
    at TCP.onStreamRead (node:internal/stream_base_commons:217:20) {
  errno: -104,
  code: 'ECONNRESET',
  syscall: 'read'
}
[2024-01-18T16:32:14.839] [ERROR] default - Error (getReserves(0x101640e107C4a72DeC79826768C239F1eB48cc85)): Error: read ECONNRESET
[2024-01-18T16:32:14.840] [ERROR] default - Error: read ECONNRESET
    at TCP.onStreamRead (node:internal/stream_base_commons:217:20) {
  errno: -104,
  code: 'ECONNRESET',
  syscall: 'read'
}
[2024-01-18T16:32:14.843] [ERROR] default - Error (getReserves(0x9cE65ae286e74f1268D19aB9b25f102C25DbDCb4)): Error: read ECONNRESET
[2024-01-18T16:32:14.843] [ERROR] default - Error: read ECONNRESET
    at TCP.onStreamRead (node:internal/stream_base_commons:217:20) {
  errno: -104,
  code: 'ECONNRESET',
  syscall: 'read'
}
[2024-01-18T16:32:14.844] [ERROR] default - Error (getReserves(0x9cE65ae286e74f1268D19aB9b25f102C25DbDCb4)): Error: read ECONNRESET
[2024-01-18T16:32:14.844] [ERROR] default - Error: read ECONNRESET
    at TCP.onStreamRead (node:internal/stream_base_commons:217:20) {
  errno: -104,
  code: 'ECONNRESET',
  syscall: 'read'
}
[2024-01-18T16:32:14.844] [ERROR] default - Error (getReserves(0x101640e107C4a72DeC79826768C239F1eB48cc85)): Error: read ECONNRESET
[2024-01-18T16:32:14.845] [ERROR] default - Error: read ECONNRESET
    at TCP.onStreamRead (node:internal/stream_base_commons:217:20) {
  errno: -104,
  code: 'ECONNRESET',
  syscall: 'read'
}
[2024-01-18T16:32:14.846] [ERROR] default - Error (getReserves(0x101640e107C4a72DeC79826768C239F1eB48cc85)): Error: read ECONNRESET
[2024-01-18T16:32:14.846] [ERROR] default - Error: read ECONNRESET
    at TCP.onStreamRead (node:internal/stream_base_commons:217:20) {
  errno: -104,
  code: 'ECONNRESET',
  syscall: 'read'
}
[2024-01-18T16:32:14.846] [ERROR] default - Error (getReserves(0xb965c131f1C48d89B1760860b782D2aCDF87273b)): Error: read ECONNRESET
[2024-01-18T16:32:14.846] [ERROR] default - Error: read ECONNRESET
    at TCP.onStreamRead (node:internal/stream_base_commons:217:20) {
  errno: -104,
  code: 'ECONNRESET',
  syscall: 'read'
}
[2024-01-18T16:32:14.846] [ERROR] default - Error (getReserves(0xb965c131f1C48d89B1760860b782D2aCDF87273b)): Error: read ECONNRESET
[2024-01-18T16:32:14.847] [ERROR] default - Error: read ECONNRESET
    at TCP.onStreamRead (node:internal/stream_base_commons:217:20) {
  errno: -104,
  code: 'ECONNRESET',
  syscall: 'read'
}
[2024-01-18T16:32:14.847] [ERROR] default - Error (getReserves(0x101640e107C4a72DeC79826768C239F1eB48cc85)): Error: read ECONNRESET
[2024-01-18T16:32:14.847] [ERROR] default - Error: read ECONNRESET
    at TCP.onStreamRead (node:internal/stream_base_commons:217:20) {
  errno: -104,
  code: 'ECONNRESET',
  syscall: 'read'
}
[2024-01-18T16:32:14.848] [ERROR] default - Error (getReserves(0x101640e107C4a72DeC79826768C239F1eB48cc85)): Error: read ECONNRESET
[2024-01-18T16:32:14.848] [ERROR] default - Error: read ECONNRESET
    at TCP.onStreamRead (node:internal/stream_base_commons:217:20) {
  errno: -104,
  code: 'ECONNRESET',
  syscall: 'read'
}
[2024-01-18T16:32:14.848] [ERROR] default - Error (getReserves(0x101640e107C4a72DeC79826768C239F1eB48cc85)): Error: read ECONNRESET
[2024-01-18T16:32:14.849] [ERROR] default - Error: read ECONNRESET
    at TCP.onStreamRead (node:internal/stream_base_commons:217:20) {
  errno: -104,
  code: 'ECONNRESET',
  syscall: 'read'
}
[2024-01-18T16:32:14.849] [ERROR] default - Error (getReserves(0x101640e107C4a72DeC79826768C239F1eB48cc85)): Error: read ECONNRESET
[2024-01-18T16:32:14.849] [ERROR] default - Error: read ECONNRESET
    at TCP.onStreamRead (node:internal/stream_base_commons:217:20) {
  errno: -104,
  code: 'ECONNRESET',
  syscall: 'read'
}
[2024-01-18T16:32:14.850] [ERROR] default - Error (getReserves(0xb965c131f1C48d89B1760860b782D2aCDF87273b)): Error: read ECONNRESET
[2024-01-18T16:32:14.850] [ERROR] default - Error: read ECONNRESET
    at TCP.onStreamRead (node:internal/stream_base_commons:217:20) {
  errno: -104,
  code: 'ECONNRESET',
  syscall: 'read'
}
[2024-01-18T16:32:14.850] [ERROR] default - Error (getReserves(0xb965c131f1C48d89B1760860b782D2aCDF87273b)): Error: read ECONNRESET
[2024-01-18T16:32:14.850] [ERROR] default - Error: read ECONNRESET
    at TCP.onStreamRead (node:internal/stream_base_commons:217:20) {
  errno: -104,
  code: 'ECONNRESET',
  syscall: 'read'
}
[2024-01-18T16:32:14.850] [ERROR] default - Error (getReserves(0xb965c131f1C48d89B1760860b782D2aCDF87273b)): Error: read ECONNRESET
[2024-01-18T16:32:14.851] [ERROR] default - Error: read ECONNRESET
    at TCP.onStreamRead (node:internal/stream_base_commons:217:20) {
  errno: -104,
  code: 'ECONNRESET',
  syscall: 'read'
}
[2024-01-18T16:32:14.851] [ERROR] default - Error (getReserves(0xb965c131f1C48d89B1760860b782D2aCDF87273b)): Error: read ECONNRESET
[2024-01-18T16:32:14.851] [ERROR] default - Error: read ECONNRESET
    at TCP.onStreamRead (node:internal/stream_base_commons:217:20) {
  errno: -104,
  code: 'ECONNRESET',
  syscall: 'read'
}
[2024-01-18T16:32:14.851] [ERROR] default - Error (getReserves(0xA2937659873ef52Da71a399e4079EBb2a7e5fFF6)): Error: read ECONNRESET
[2024-01-18T16:32:14.852] [ERROR] default - Error: read ECONNRESET
    at TCP.onStreamRead (node:internal/stream_base_commons:217:20) {
  errno: -104,
  code: 'ECONNRESET',
  syscall: 'read'
}
[2024-01-18T16:32:14.853] [ERROR] default - Error (getReserves(0xA2937659873ef52Da71a399e4079EBb2a7e5fFF6)): Error: read ECONNRESET
[2024-01-18T16:32:14.853] [ERROR] default - Error: read ECONNRESET
    at TCP.onStreamRead (node:internal/stream_base_commons:217:20) {
  errno: -104,
  code: 'ECONNRESET',
  syscall: 'read'
}
[2024-01-18T16:32:14.854] [ERROR] default - Error (getReserves(0x853Ee4b2A13f8a742d64C8F088bE7bA2131f670d)): Error: read ECONNRESET
[2024-01-18T16:32:14.854] [ERROR] default - Error: read ECONNRESET
    at TCP.onStreamRead (node:internal/stream_base_commons:217:20) {
  errno: -104,
  code: 'ECONNRESET',
  syscall: 'read'
}
[2024-01-18T16:32:14.855] [ERROR] default - Error (getReserves(0x853Ee4b2A13f8a742d64C8F088bE7bA2131f670d)): Error: read ECONNRESET
[2024-01-18T16:32:14.855] [ERROR] default - Error: read ECONNRESET
    at TCP.onStreamRead (node:internal/stream_base_commons:217:20) {
  errno: -104,
  code: 'ECONNRESET',
  syscall: 'read'
}
[2024-01-18T16:32:14.856] [ERROR] default - Error (getReserves(0xA2937659873ef52Da71a399e4079EBb2a7e5fFF6)): Error: read ECONNRESET
[2024-01-18T16:32:14.856] [ERROR] default - Error: read ECONNRESET
    at TCP.onStreamRead (node:internal/stream_base_commons:217:20) {
  errno: -104,
  code: 'ECONNRESET',
  syscall: 'read'
}
[2024-01-18T16:32:14.856] [ERROR] default - Error (getReserves(0xA2937659873ef52Da71a399e4079EBb2a7e5fFF6)): Error: read ECONNRESET
[2024-01-18T16:32:14.858] [ERROR] default - Error: read ECONNRESET
    at TCP.onStreamRead (node:internal/stream_base_commons:217:20) {
  errno: -104,
  code: 'ECONNRESET',
  syscall: 'read'
}
[2024-01-18T16:32:14.858] [ERROR] default - Error (getReserves(0x65D43B64E3B31965Cd5EA367D4c2b94c03084797)): Error: read ECONNRESET
[2024-01-18T16:32:14.859] [ERROR] default - Error: read ECONNRESET
    at TCP.onStreamRead (node:internal/stream_base_commons:217:20) {
  errno: -104,
  code: 'ECONNRESET',
  syscall: 'read'
}
[2024-01-18T16:32:14.859] [ERROR] default - Error (getReserves(0x65D43B64E3B31965Cd5EA367D4c2b94c03084797)): Error: read ECONNRESET
[2024-01-18T16:32:14.860] [ERROR] default - Error: read ECONNRESET
    at TCP.onStreamRead (node:internal/stream_base_commons:217:20) {
  errno: -104,
  code: 'ECONNRESET',
  syscall: 'read'
}
[2024-01-18T16:32:14.861] [ERROR] default - Error (getReserves(0xd32f3139A214034A0f9777c87eE0a064c1FF6AE2)): Error: read ECONNRESET
[2024-01-18T16:32:14.861] [ERROR] default - Error: read ECONNRESET
    at TCP.onStreamRead (node:internal/stream_base_commons:217:20) {
  errno: -104,
  code: 'ECONNRESET',
  syscall: 'read'
}
[2024-01-18T16:32:14.862] [ERROR] default - Error (getReserves(0xd32f3139A214034A0f9777c87eE0a064c1FF6AE2)): Error: read ECONNRESET
[2024-01-18T16:32:14.862] [ERROR] default - Error: read ECONNRESET
    at TCP.onStreamRead (node:internal/stream_base_commons:217:20) {
  errno: -104,
  code: 'ECONNRESET',
  syscall: 'read'
}
[2024-01-18T16:32:14.863] [ERROR] default - Error (getReserves(0xd32f3139A214034A0f9777c87eE0a064c1FF6AE2)): Error: read ECONNRESET
[2024-01-18T16:32:14.863] [ERROR] default - Error: read ECONNRESET
    at TCP.onStreamRead (node:internal/stream_base_commons:217:20) {
  errno: -104,
  code: 'ECONNRESET',
  syscall: 'read'
}
[2024-01-18T16:32:14.864] [ERROR] default - Error (getReserves(0xd32f3139A214034A0f9777c87eE0a064c1FF6AE2)): Error: read ECONNRESET
[2024-01-18T16:32:14.864] [ERROR] default - Error: read ECONNRESET
    at TCP.onStreamRead (node:internal/stream_base_commons:217:20) {
  errno: -104,
  code: 'ECONNRESET',
  syscall: 'read'
}
[2024-01-18T16:32:14.864] [ERROR] default - Error (getReserves(0xd32f3139A214034A0f9777c87eE0a064c1FF6AE2)): Error: read ECONNRESET
[2024-01-18T16:32:14.865] [ERROR] default - Error: read ECONNRESET
    at TCP.onStreamRead (node:internal/stream_base_commons:217:20) {
  errno: -104,
  code: 'ECONNRESET',
  syscall: 'read'
}
[2024-01-18T16:32:14.865] [ERROR] default - Error (getReserves(0xd32f3139A214034A0f9777c87eE0a064c1FF6AE2)): Error: read ECONNRESET
[2024-01-18T16:32:14.865] [ERROR] default - Error: read ECONNRESET
    at TCP.onStreamRead (node:internal/stream_base_commons:217:20) {
  errno: -104,
  code: 'ECONNRESET',
  syscall: 'read'
}
[2024-01-18T16:32:14.865] [ERROR] default - Error (getReserves(0xd32f3139A214034A0f9777c87eE0a064c1FF6AE2)): Error: read ECONNRESET
[2024-01-18T16:32:14.866] [ERROR] default - Error: read ECONNRESET
    at TCP.onStreamRead (node:internal/stream_base_commons:217:20) {
  errno: -104,
  code: 'ECONNRESET',
  syscall: 'read'
}
[2024-01-18T16:32:14.866] [ERROR] default - Error (getReserves(0xd32f3139A214034A0f9777c87eE0a064c1FF6AE2)): Error: read ECONNRESET
[2024-01-18T16:32:14.866] [ERROR] default - Error: read ECONNRESET
    at TCP.onStreamRead (node:internal/stream_base_commons:217:20) {
  errno: -104,
  code: 'ECONNRESET',
  syscall: 'read'
}
[2024-01-18T16:32:14.867] [ERROR] default - Error (getReserves(0xd32f3139A214034A0f9777c87eE0a064c1FF6AE2)): Error: read ECONNRESET
[2024-01-18T16:32:14.867] [ERROR] default - Error: read ECONNRESET
    at TCP.onStreamRead (node:internal/stream_base_commons:217:20) {
  errno: -104,
  code: 'ECONNRESET',
  syscall: 'read'
}
[2024-01-18T16:32:14.868] [ERROR] default - Error (getReserves(0xd32f3139A214034A0f9777c87eE0a064c1FF6AE2)): Error: read ECONNRESET
[2024-01-18T16:32:14.868] [ERROR] default - Error: read ECONNRESET
    at TCP.onStreamRead (node:internal/stream_base_commons:217:20) {
  errno: -104,
  code: 'ECONNRESET',
  syscall: 'read'
}
[2024-01-18T16:32:14.869] [ERROR] default - Error (getReserves(0x97B4f2797cC903D76F9b8ff41A94286F0B16198e)): Error: read ECONNRESET
[2024-01-18T16:32:14.870] [ERROR] default - Error: read ECONNRESET
    at TCP.onStreamRead (node:internal/stream_base_commons:217:20) {
  errno: -104,
  code: 'ECONNRESET',
  syscall: 'read'
}
[2024-01-18T16:32:14.871] [ERROR] default - Error (getReserves(0x97B4f2797cC903D76F9b8ff41A94286F0B16198e)): Error: read ECONNRESET
[2024-01-18T16:32:14.871] [ERROR] default - Error: read ECONNRESET
    at TCP.onStreamRead (node:internal/stream_base_commons:217:20) {
  errno: -104,
  code: 'ECONNRESET',
  syscall: 'read'
}
[2024-01-18T16:32:14.872] [ERROR] default - Error (getReserves(0xC8174d091c288FF78De98303c2973140Cbcf3B23)): Error: read ECONNRESET
[2024-01-18T16:32:14.872] [ERROR] default - Error: read ECONNRESET
    at TCP.onStreamRead (node:internal/stream_base_commons:217:20) {
  errno: -104,
  code: 'ECONNRESET',
  syscall: 'read'
}
[2024-01-18T16:32:14.873] [ERROR] default - Error (getReserves(0xC8174d091c288FF78De98303c2973140Cbcf3B23)): Error: read ECONNRESET
[2024-01-18T16:32:14.874] [ERROR] default - Error: read ECONNRESET
    at TCP.onStreamRead (node:internal/stream_base_commons:217:20) {
  errno: -104,
  code: 'ECONNRESET',
  syscall: 'read'
}
[2024-01-18T16:32:14.875] [ERROR] default - Error (getReserves(0xC8174d091c288FF78De98303c2973140Cbcf3B23)): Error: read ECONNRESET
[2024-01-18T16:32:14.876] [ERROR] default - Error: read ECONNRESET
    at TCP.onStreamRead (node:internal/stream_base_commons:217:20) {
  errno: -104,
  code: 'ECONNRESET',
  syscall: 'read'
}
[2024-01-18T16:32:14.877] [ERROR] default - Error (getReserves(0xC8174d091c288FF78De98303c2973140Cbcf3B23)): Error: read ECONNRESET
[2024-01-18T16:32:14.877] [ERROR] default - Error: read ECONNRESET
    at TCP.onStreamRead (node:internal/stream_base_commons:217:20) {
  errno: -104,
  code: 'ECONNRESET',
  syscall: 'read'
}
[2024-01-18T16:32:14.878] [ERROR] default - Error (getReserves(0xC8174d091c288FF78De98303c2973140Cbcf3B23)): Error: read ECONNRESET
[2024-01-18T16:32:14.878] [ERROR] default - Error: read ECONNRESET
    at TCP.onStreamRead (node:internal/stream_base_commons:217:20) {
  errno: -104,
  code: 'ECONNRESET',
  syscall: 'read'
}
[2024-01-18T16:32:14.879] [ERROR] default - Error (getReserves(0xC8174d091c288FF78De98303c2973140Cbcf3B23)): Error: read ECONNRESET
[2024-01-18T16:32:14.879] [ERROR] default - Error: read ECONNRESET
    at TCP.onStreamRead (node:internal/stream_base_commons:217:20) {
  errno: -104,
  code: 'ECONNRESET',
  syscall: 'read'
}
[2024-01-18T16:32:14.879] [ERROR] default - Error (getReserves(0x101640e107C4a72DeC79826768C239F1eB48cc85)): Error: read ECONNRESET
[2024-01-18T16:32:14.880] [ERROR] default - Error: read ECONNRESET
    at TCP.onStreamRead (node:internal/stream_base_commons:217:20) {
  errno: -104,
  code: 'ECONNRESET',
  syscall: 'read'
}
[2024-01-18T16:32:14.880] [ERROR] default - Error (getReserves(0x101640e107C4a72DeC79826768C239F1eB48cc85)): Error: read ECONNRESET
[2024-01-18T16:32:14.881] [ERROR] default - Error: read ECONNRESET
    at TCP.onStreamRead (node:internal/stream_base_commons:217:20) {
  errno: -104,
  code: 'ECONNRESET',
  syscall: 'read'
}
[2024-01-18T16:32:14.881] [ERROR] default - Error (getReserves(0x9cE65ae286e74f1268D19aB9b25f102C25DbDCb4)): Error: read ECONNRESET
[2024-01-18T16:32:14.881] [ERROR] default - Error: read ECONNRESET
    at TCP.onStreamRead (node:internal/stream_base_commons:217:20) {
  errno: -104,
  code: 'ECONNRESET',
  syscall: 'read'
}
[2024-01-18T16:32:14.883] [ERROR] default - Error (getReserves(0x9cE65ae286e74f1268D19aB9b25f102C25DbDCb4)): Error: read ECONNRESET
[2024-01-18T16:32:14.883] [ERROR] default - Error: read ECONNRESET
    at TCP.onStreamRead (node:internal/stream_base_commons:217:20) {
  errno: -104,
  code: 'ECONNRESET',
  syscall: 'read'
}
[2024-01-18T16:32:14.883] [ERROR] default - Error (getReserves(0x101640e107C4a72DeC79826768C239F1eB48cc85)): Error: read ECONNRESET
[2024-01-18T16:32:14.884] [ERROR] default - Error: read ECONNRESET
    at TCP.onStreamRead (node:internal/stream_base_commons:217:20) {
  errno: -104,
  code: 'ECONNRESET',
  syscall: 'read'
}
[2024-01-18T16:32:14.884] [ERROR] default - Error (getReserves(0x101640e107C4a72DeC79826768C239F1eB48cc85)): Error: read ECONNRESET
[2024-01-18T16:32:14.884] [ERROR] default - Error: read ECONNRESET
    at TCP.onStreamRead (node:internal/stream_base_commons:217:20) {
  errno: -104,
  code: 'ECONNRESET',
  syscall: 'read'
}
[2024-01-18T16:32:14.885] [ERROR] default - Error (getReserves(0xb965c131f1C48d89B1760860b782D2aCDF87273b)): Error: read ECONNRESET
[2024-01-18T16:32:14.885] [ERROR] default - Error: read ECONNRESET
    at TCP.onStreamRead (node:internal/stream_base_commons:217:20) {
  errno: -104,
  code: 'ECONNRESET',
  syscall: 'read'
}
[2024-01-18T16:32:14.886] [ERROR] default - Error (getReserves(0xb965c131f1C48d89B1760860b782D2aCDF87273b)): Error: read ECONNRESET
[2024-01-18T16:32:14.886] [ERROR] default - Error: read ECONNRESET
    at TCP.onStreamRead (node:internal/stream_base_commons:217:20) {
  errno: -104,
  code: 'ECONNRESET',
  syscall: 'read'
}
[2024-01-18T16:32:14.887] [ERROR] default - Error (getReserves(0x101640e107C4a72DeC79826768C239F1eB48cc85)): Error: read ECONNRESET
[2024-01-18T16:32:14.887] [ERROR] default - Error: read ECONNRESET
    at TCP.onStreamRead (node:internal/stream_base_commons:217:20) {
  errno: -104,
  code: 'ECONNRESET',
  syscall: 'read'
}
[2024-01-18T16:32:14.888] [ERROR] default - Error (getReserves(0x101640e107C4a72DeC79826768C239F1eB48cc85)): Error: read ECONNRESET
[2024-01-18T16:32:14.888] [ERROR] default - Error: read ECONNRESET
    at TCP.onStreamRead (node:internal/stream_base_commons:217:20) {
  errno: -104,
  code: 'ECONNRESET',
  syscall: 'read'
}
[2024-01-18T16:32:14.889] [ERROR] default - Error (getReserves(0x101640e107C4a72DeC79826768C239F1eB48cc85)): Error: read ECONNRESET
[2024-01-18T16:32:14.889] [ERROR] default - Error: read ECONNRESET
    at TCP.onStreamRead (node:internal/stream_base_commons:217:20) {
  errno: -104,
  code: 'ECONNRESET',
  syscall: 'read'
}
[2024-01-18T16:32:14.890] [ERROR] default - Error (getReserves(0x101640e107C4a72DeC79826768C239F1eB48cc85)): Error: read ECONNRESET
[2024-01-18T16:32:14.890] [ERROR] default - Error: read ECONNRESET
    at TCP.onStreamRead (node:internal/stream_base_commons:217:20) {
  errno: -104,
  code: 'ECONNRESET',
  syscall: 'read'
}
[2024-01-18T16:32:14.892] [ERROR] default - Error (getReserves(0xb965c131f1C48d89B1760860b782D2aCDF87273b)): Error: read ECONNRESET
[2024-01-18T16:32:14.892] [ERROR] default - Error: read ECONNRESET
    at TCP.onStreamRead (node:internal/stream_base_commons:217:20) {
  errno: -104,
  code: 'ECONNRESET',
  syscall: 'read'
}
[2024-01-18T16:32:14.893] [ERROR] default - Error (getReserves(0xb965c131f1C48d89B1760860b782D2aCDF87273b)): Error: read ECONNRESET
[2024-01-18T16:32:14.893] [ERROR] default - Error: read ECONNRESET
    at TCP.onStreamRead (node:internal/stream_base_commons:217:20) {
  errno: -104,
  code: 'ECONNRESET',
  syscall: 'read'
}
[2024-01-18T16:32:14.894] [ERROR] default - Error (getReserves(0xb965c131f1C48d89B1760860b782D2aCDF87273b)): Error: read ECONNRESET
[2024-01-18T16:32:14.894] [ERROR] default - Error: read ECONNRESET
    at TCP.onStreamRead (node:internal/stream_base_commons:217:20) {
  errno: -104,
  code: 'ECONNRESET',
  syscall: 'read'
}
[2024-01-18T16:32:14.895] [ERROR] default - Error (getReserves(0xb965c131f1C48d89B1760860b782D2aCDF87273b)): Error: read ECONNRESET
[2024-01-18T16:32:14.895] [ERROR] default - Error: read ECONNRESET
    at TCP.onStreamRead (node:internal/stream_base_commons:217:20) {
  errno: -104,
  code: 'ECONNRESET',
  syscall: 'read'
}
[2024-01-18T16:32:14.895] [ERROR] default - Error (getReserves(0xA2937659873ef52Da71a399e4079EBb2a7e5fFF6)): Error: read ECONNRESET
[2024-01-18T16:32:14.896] [ERROR] default - Error: read ECONNRESET
    at TCP.onStreamRead (node:internal/stream_base_commons:217:20) {
  errno: -104,
  code: 'ECONNRESET',
  syscall: 'read'
}
[2024-01-18T16:32:14.897] [ERROR] default - Error (getReserves(0xA2937659873ef52Da71a399e4079EBb2a7e5fFF6)): Error: read ECONNRESET
[2024-01-18T16:32:14.897] [ERROR] default - Error: read ECONNRESET
    at TCP.onStreamRead (node:internal/stream_base_commons:217:20) {
  errno: -104,
  code: 'ECONNRESET',
  syscall: 'read'
}
[2024-01-18T16:32:14.898] [ERROR] default - Error (getReserves(0x853Ee4b2A13f8a742d64C8F088bE7bA2131f670d)): Error: read ECONNRESET
[2024-01-18T16:32:14.898] [ERROR] default - Error: read ECONNRESET
    at TCP.onStreamRead (node:internal/stream_base_commons:217:20) {
  errno: -104,
  code: 'ECONNRESET',
  syscall: 'read'
}
[2024-01-18T16:32:14.899] [ERROR] default - Error (getReserves(0x853Ee4b2A13f8a742d64C8F088bE7bA2131f670d)): Error: read ECONNRESET
[2024-01-18T16:32:14.899] [ERROR] default - Error: read ECONNRESET
    at TCP.onStreamRead (node:internal/stream_base_commons:217:20) {
  errno: -104,
  code: 'ECONNRESET',
  syscall: 'read'
}
[2024-01-18T16:32:14.899] [ERROR] default - Error (getReserves(0xA2937659873ef52Da71a399e4079EBb2a7e5fFF6)): Error: read ECONNRESET
[2024-01-18T16:32:14.900] [ERROR] default - Error: read ECONNRESET
    at TCP.onStreamRead (node:internal/stream_base_commons:217:20) {
  errno: -104,
  code: 'ECONNRESET',
  syscall: 'read'
}
[2024-01-18T16:32:14.900] [ERROR] default - Error (getReserves(0xA2937659873ef52Da71a399e4079EBb2a7e5fFF6)): Error: read ECONNRESET
[2024-01-18T16:32:14.901] [ERROR] default - Error: read ECONNRESET
    at TCP.onStreamRead (node:internal/stream_base_commons:217:20) {
  errno: -104,
  code: 'ECONNRESET',
  syscall: 'read'
}
[2024-01-18T16:32:21.718] [INFO] default - New block received: Block # 51502166
[2024-01-18T16:32:21.723] [INFO] default - New block received: Block # 51502167
[2024-01-18T16:32:21.729] [INFO] default - New block received: Block # 51502168
[2024-01-18T16:32:34.991] [INFO] default - New block received: Block # 51502169
[2024-01-18T16:32:34.999] [INFO] default - New block received: Block # 51502170
[2024-01-18T16:32:35.006] [INFO] default - New block received: Block # 51502171
[2024-01-18T16:41:18.411] [ERROR] default - TELEGRAM ERROR: Telegram bot token not found in environment variables
[2024-01-18T16:41:22.452] [INFO] default - New block received: Block # 51502191
[2024-01-18T16:41:22.547] [INFO] default - New block received: Block # 51502192
[2024-01-18T16:41:30.489] [INFO] default - New block received: Block # 51502193
[2024-01-18T16:41:56.929] [INFO] default - New block received: Block # 51502194
[2024-01-18T16:41:56.938] [ERROR] default - >>>>>>>>>>>>>>>>>>>>>>>>>>Error in fetchGasPrice for trade: WMATIC/DAI <<<<<<<<<<<<<<<<<<<<<<<<<<<<<<<<<<<<<<<
[2024-01-18T16:41:56.939] [ERROR] default - >>>>>>>>>>>>>>>>>>>>>>>>>>>>>>>>>>TRADE DATA: WMATIC/DAI <<<<<<<<<<<<<<<<<<<<<<<<<<<<<<<<<<<<<<<<<<<<<<<<
[2024-01-18T16:41:56.939] [ERROR] default - {
  id: '0xdc30d23c4D1195a9e8D35452d72d754572d1cE1c',
  block: 51502194,
  trade: 'multi',
  ticker: 'WMATIC/DAI',
  direction: 'B',
  tradeSize: '0.36639327104829650 WMATIC',
  loanPool: {
    exchange: 'APE',
    priceIn: '1.187153408465126943',
    priceOut: '0.842351117277169792',
    reservesIn: '83897.33913639169457444 WMATIC',
    reservesOut: '70670.760253394559406200 DAI',
    repaysObj: {
      direct: '0.36749245086144136 WMATIC',
      directInTokenOut: '0.30955767657406056 DAI',
      simpleMulti: '0.30955767657406056 DAI',
      getAmountsOut: '0.30770575190924464 DAI',
      getAmountsIn: '0.30956032702093090 DAI'
    },
    amountOut: '0.30770575190924464 DAI',
    amountOutToken0for1: '0.36044613456844180 WMATIC',
    amountRepay: '0.30770575190924464 DAI'
  },
  target: {
    exchange: 'JET',
    priceIn: '1.186331537027375849',
    priceOut: '0.842934684604042476',
    reservesIn: '7.244398206653558500 WMATIC',
    reservesOut: '6.106554517471608260 DAI',
    amountOutToken0for1: '0.35841468699484724 WMATIC',
    amountOut: '0.30453594244431010 DAI'
  },
  result: {
    uniswapkPreT: '5929067169681706415360797487020998427894276005',
    uniswapkPosT: '5929067177470795975262385844176733627829904525',
    uniswapKPositive: true,
    profit: '0.-316980946493455 DAI',
    profperc: '0.104086546878262380%'
  }
}
[2024-01-18T16:41:56.940] [ERROR] default - >>>>>>>>>>>>>>>>>>>>>>>>>>>>>>>>>>END TRADE DATA: WMATIC/DAI <<<<<<<<<<<<<<<<<<<<<<<<<<<<<<<<<<<<<<<<<<<<<<<<
[2024-01-18T16:41:56.941] [ERROR] default - >>>>>>>>>>>>>>>>>>>>>>>>>>>>>>>>>>ERROR DATA: WMATIC/DAI <<<<<<<<<<<<<<<<<<<<<<<<<<<<<<<<<<<<<<<<<<<<<<<<
[2024-01-18T16:41:56.942] [ERROR] default - Error: execution reverted (no data present; likely require(false) occurred (action="estimateGas", data="0x", reason="require(false)", transaction={ "data": "0xde60dce4000000000000000000000000cf083be4164828f00cae704ec15a36d711491284000000000000000000000000c0788a3ad43d79aa53b09c2eacc313a787d1d6070000000000000000000000005c6ec38fb0e2609672bdf628b1fd605a523e59230000000000000000000000000d500b1d8e8ef31e21c99d1db9a6444d3adf12700000000000000000000000008f3cf7ad23cd3cadbd9735aff958023239c6a06300000000000000000000000000000000000000000000000000822b461ce488d2000000000000000000000000000000000000000000000000006c3161f312bc9f000000000000000000000000000000000000000000000000006d51acd3ca1cae", "from": "0xf39Fd6e51aad88F6F4ce6aB8827279cffFb92266", "to": "0x95142498886E95939aFefe44461dcEfcCdeee684" }, invocation=null, revert=null, code=CALL_EXCEPTION, version=6.10.0)
    at makeError (/mnt/c/code/polybotv3/node_modules/ethers/src.ts/utils/errors.ts:694:21)
    at getBuiltinCallException (/mnt/c/code/polybotv3/node_modules/ethers/src.ts/abi/abi-coder.ts:118:21)
    at Function.getBuiltinCallException (/mnt/c/code/polybotv3/node_modules/ethers/src.ts/abi/abi-coder.ts:235:16)
    at JsonRpcProvider.getRpcError (/mnt/c/code/polybotv3/node_modules/ethers/src.ts/providers/provider-jsonrpc.ts:979:32)
    at /mnt/c/code/polybotv3/node_modules/ethers/src.ts/providers/provider-jsonrpc.ts:563:45
    at processTicksAndRejections (node:internal/process/task_queues:95:5) {
  code: 'CALL_EXCEPTION',
  action: 'estimateGas',
  data: '0x',
  reason: 'require(false)',
  transaction: {
    to: '0x95142498886E95939aFefe44461dcEfcCdeee684',
    data: '0xde60dce4000000000000000000000000cf083be4164828f00cae704ec15a36d711491284000000000000000000000000c0788a3ad43d79aa53b09c2eacc313a787d1d6070000000000000000000000005c6ec38fb0e2609672bdf628b1fd605a523e59230000000000000000000000000d500b1d8e8ef31e21c99d1db9a6444d3adf12700000000000000000000000008f3cf7ad23cd3cadbd9735aff958023239c6a06300000000000000000000000000000000000000000000000000822b461ce488d2000000000000000000000000000000000000000000000000006c3161f312bc9f000000000000000000000000000000000000000000000000006d51acd3ca1cae',
    from: '0xf39Fd6e51aad88F6F4ce6aB8827279cffFb92266'
  },
  invocation: null,
  revert: null,
  shortMessage: 'execution reverted (no data present; likely require(false) occurred',
  info: {
    error: {
      code: -32603,
      message: "Error: Transaction reverted: function selector was not recognized and there's no fallback function",
      data: [Object]
    },
    payload: {
      method: 'eth_estimateGas',
      params: [Array],
      id: 257,
      jsonrpc: '2.0'
    }
  }
}
[2024-01-18T16:41:57.161] [ERROR] default - >>>>>>>>>>>>>>>>>>>>>>>>>>>>>>>>>>END ERROR DATA: WMATIC/DAI <<<<<<<<<<<<<<<<<<<<<<<<<<<<<<<<<<<<<<<<<<<<<<<<
[2024-01-18T16:41:57.161] [ERROR] default - >>>>>>>>>>>>>>>>>>>>>>>>>>Error in fetchGasPrice for trade: WMATIC/DAI <<<<<<<<<<<<<<<<<<<<<<<<<<<<<<<<<<<<<<<
[2024-01-18T16:41:57.162] [INFO] default - require(false)
[2024-01-18T16:41:57.162] [ERROR] default - >>>>>>>>>>>>>>>>>>>>>>>>>>Error in fetchGasPrice for trade: WMATIC/DAI <<<<<<<<<<<<<<<<<<<<<<<<<<<<<<<<<<<<<<<
[2024-01-18T16:41:57.163] [ERROR] default - >>>>>>>>>>>>>>>>>>>>>>>>>>>>>>>>>>TRADE DATA: WMATIC/DAI <<<<<<<<<<<<<<<<<<<<<<<<<<<<<<<<<<<<<<<<<<<<<<<<
[2024-01-18T16:41:57.164] [ERROR] default - {
  id: '0xdc30d23c4D1195a9e8D35452d72d754572d1cE1c',
  block: 51502194,
  trade: 'multi',
  ticker: 'WMATIC/DAI',
  direction: 'B',
  tradeSize: '0.36639327104829650 WMATIC',
  loanPool: {
    exchange: 'APE',
    priceIn: '1.187153408465126943',
    priceOut: '0.842351117277169792',
    reservesIn: '83897.33913639169457444 WMATIC',
    reservesOut: '70670.760253394559406200 DAI',
    repaysObj: {
      direct: '0.36749245086144136 WMATIC',
      directInTokenOut: '0.30955767657406056 DAI',
      simpleMulti: '0.30955767657406056 DAI',
      getAmountsOut: '0.30770575190924464 DAI',
      getAmountsIn: '0.30956032702093090 DAI'
    },
    amountOut: '0.30770575190924464 DAI',
    amountOutToken0for1: '0.36044613456844180 WMATIC',
    amountRepay: '0.30770575190924464 DAI'
  },
  target: {
    exchange: 'JET',
    priceIn: '1.186331537027375849',
    priceOut: '0.842934684604042476',
    reservesIn: '7.244398206653558500 WMATIC',
    reservesOut: '6.106554517471608260 DAI',
    amountOutToken0for1: '0.35841468699484724 WMATIC',
    amountOut: '0.30453594244431010 DAI'
  },
  result: {
    uniswapkPreT: '5929067169681706415360797487020998427894276005',
    uniswapkPosT: '5929067177470795975262385844176733627829904525',
    uniswapKPositive: true,
    profit: '0.-316980946493455 DAI',
    profperc: '0.104086546878262380%'
  }
}
[2024-01-18T16:41:57.165] [ERROR] default - >>>>>>>>>>>>>>>>>>>>>>>>>>>>>>>>>>END TRADE DATA: WMATIC/DAI <<<<<<<<<<<<<<<<<<<<<<<<<<<<<<<<<<<<<<<<<<<<<<<<
[2024-01-18T16:41:57.165] [ERROR] default - >>>>>>>>>>>>>>>>>>>>>>>>>>>>>>>>>>ERROR DATA: WMATIC/DAI <<<<<<<<<<<<<<<<<<<<<<<<<<<<<<<<<<<<<<<<<<<<<<<<
[2024-01-18T16:41:57.166] [ERROR] default - Error: execution reverted (no data present; likely require(false) occurred (action="estimateGas", data="0x", reason="require(false)", transaction={ "data": "0xde60dce4000000000000000000000000cf083be4164828f00cae704ec15a36d711491284000000000000000000000000c0788a3ad43d79aa53b09c2eacc313a787d1d6070000000000000000000000005c6ec38fb0e2609672bdf628b1fd605a523e59230000000000000000000000000d500b1d8e8ef31e21c99d1db9a6444d3adf12700000000000000000000000008f3cf7ad23cd3cadbd9735aff958023239c6a06300000000000000000000000000000000000000000000000000822b461ce488d2000000000000000000000000000000000000000000000000006c3161f312bc9f000000000000000000000000000000000000000000000000006d51acd3ca1cae", "from": "0xf39Fd6e51aad88F6F4ce6aB8827279cffFb92266", "to": "0x95142498886E95939aFefe44461dcEfcCdeee684" }, invocation=null, revert=null, code=CALL_EXCEPTION, version=6.10.0)
    at makeError (/mnt/c/code/polybotv3/node_modules/ethers/src.ts/utils/errors.ts:694:21)
    at getBuiltinCallException (/mnt/c/code/polybotv3/node_modules/ethers/src.ts/abi/abi-coder.ts:118:21)
    at Function.getBuiltinCallException (/mnt/c/code/polybotv3/node_modules/ethers/src.ts/abi/abi-coder.ts:235:16)
    at JsonRpcProvider.getRpcError (/mnt/c/code/polybotv3/node_modules/ethers/src.ts/providers/provider-jsonrpc.ts:979:32)
    at /mnt/c/code/polybotv3/node_modules/ethers/src.ts/providers/provider-jsonrpc.ts:563:45
    at processTicksAndRejections (node:internal/process/task_queues:95:5) {
  code: 'CALL_EXCEPTION',
  action: 'estimateGas',
  data: '0x',
  reason: 'require(false)',
  transaction: {
    to: '0x95142498886E95939aFefe44461dcEfcCdeee684',
    data: '0xde60dce4000000000000000000000000cf083be4164828f00cae704ec15a36d711491284000000000000000000000000c0788a3ad43d79aa53b09c2eacc313a787d1d6070000000000000000000000005c6ec38fb0e2609672bdf628b1fd605a523e59230000000000000000000000000d500b1d8e8ef31e21c99d1db9a6444d3adf12700000000000000000000000008f3cf7ad23cd3cadbd9735aff958023239c6a06300000000000000000000000000000000000000000000000000822b461ce488d2000000000000000000000000000000000000000000000000006c3161f312bc9f000000000000000000000000000000000000000000000000006d51acd3ca1cae',
    from: '0xf39Fd6e51aad88F6F4ce6aB8827279cffFb92266'
  },
  invocation: null,
  revert: null,
  shortMessage: 'execution reverted (no data present; likely require(false) occurred',
  info: {
    error: {
      code: -32603,
      message: "Error: Transaction reverted: function selector was not recognized and there's no fallback function",
      data: [Object]
    },
    payload: {
      method: 'eth_estimateGas',
      params: [Array],
      id: 257,
      jsonrpc: '2.0'
    }
  }
}
[2024-01-18T16:41:57.173] [ERROR] default - >>>>>>>>>>>>>>>>>>>>>>>>>>>>>>>>>>END ERROR DATA: WMATIC/DAI <<<<<<<<<<<<<<<<<<<<<<<<<<<<<<<<<<<<<<<<<<<<<<<<
[2024-01-18T16:41:57.174] [ERROR] default - >>>>>>>>>>>>>>>>>>>>>>>>>>Error in fetchGasPrice for trade: WMATIC/DAI <<<<<<<<<<<<<<<<<<<<<<<<<<<<<<<<<<<<<<<
[2024-01-18T16:41:57.174] [INFO] default - require(false)
[2024-01-18T16:41:57.175] [ERROR] default - >>>>>>>>>>>>>>>>>>>>>>>>>>Error in fetchGasPrice for trade: WMATIC/USDT <<<<<<<<<<<<<<<<<<<<<<<<<<<<<<<<<<<<<<<
[2024-01-18T16:41:57.175] [ERROR] default - >>>>>>>>>>>>>>>>>>>>>>>>>>>>>>>>>>TRADE DATA: WMATIC/USDT <<<<<<<<<<<<<<<<<<<<<<<<<<<<<<<<<<<<<<<<<<<<<<<<
[2024-01-18T16:41:57.175] [ERROR] default - {
  id: '0xa789324E64268C5385eA7678435Fa83532705B0F',
  block: 51502194,
  trade: 'multi',
  ticker: 'WMATIC/USDT',
  direction: 'B',
  tradeSize: '17.902443306000000000 WMATIC',
  loanPool: {
    exchange: 'APE',
    priceIn: '1.187473907398618986',
    priceOut: '0.842124',
    reservesIn: '71007.957854894768179700 WMATIC',
    reservesOut: '59797.488949 USDT',
    repaysObj: {
      direct: '17.956150635918000000 WMATIC',
      directInTokenOut: '15.121305 USDT',
      simpleMulti: '15.121305 USDT',
      getAmountsOut: '15.27067 USDT',
      getAmountsIn: '15.117614 USDT'
    },
    amountOut: '15.27067 USDT',
    amountOutToken0for1: '17.612012147045002200 WMATIC',
    amountRepay: '15.27067 USDT'
  },
  target: {
    exchange: 'MMF',
    priceIn: '1.186347648776593507',
    priceOut: '0.842923',
    reservesIn: '3539.753587238227585700 WMATIC',
    reservesOut: '2983.740551 USDT',
    amountOutToken0for1: '17.512600532220840450 WMATIC',
    amountOut: '14.879813 USDT'
  },
  result: {
    uniswapkPreT: '4246097575119127645787354635428036',
    uniswapkPosT: '4246100254218928021886037790191132',
    uniswapKPositive: true,
    profit: '0.-147254 USDT',
    profperc: '0.989623%'
  }
}
[2024-01-18T16:41:57.176] [ERROR] default - >>>>>>>>>>>>>>>>>>>>>>>>>>>>>>>>>>END TRADE DATA: WMATIC/USDT <<<<<<<<<<<<<<<<<<<<<<<<<<<<<<<<<<<<<<<<<<<<<<<<
[2024-01-18T16:41:57.176] [ERROR] default - >>>>>>>>>>>>>>>>>>>>>>>>>>>>>>>>>>ERROR DATA: WMATIC/USDT <<<<<<<<<<<<<<<<<<<<<<<<<<<<<<<<<<<<<<<<<<<<<<<<
[2024-01-18T16:41:57.176] [ERROR] default - Error: execution reverted (no data present; likely require(false) occurred (action="estimateGas", data="0x", reason="require(false)", transaction={ "data": "0xde60dce4000000000000000000000000cf083be4164828f00cae704ec15a36d711491284000000000000000000000000c0788a3ad43d79aa53b09c2eacc313a787d1d60700000000000000000000000051aba405de2b25e5506dea32a6697f450ceb1a170000000000000000000000000d500b1d8e8ef31e21c99d1db9a6444d3adf1270000000000000000000000000c2132d05d31c914a87c6611c10748aeb04b58e8f000000000000000000000000000000000000000000000000f8724155e9b324000000000000000000000000000000000000000000000000000000000000e30c450000000000000000000000000000000000000000000000000000000000e54b7b", "from": "0xf39Fd6e51aad88F6F4ce6aB8827279cffFb92266", "to": "0x95142498886E95939aFefe44461dcEfcCdeee684" }, invocation=null, revert=null, code=CALL_EXCEPTION, version=6.10.0)
    at makeError (/mnt/c/code/polybotv3/node_modules/ethers/src.ts/utils/errors.ts:694:21)
    at getBuiltinCallException (/mnt/c/code/polybotv3/node_modules/ethers/src.ts/abi/abi-coder.ts:118:21)
    at Function.getBuiltinCallException (/mnt/c/code/polybotv3/node_modules/ethers/src.ts/abi/abi-coder.ts:235:16)
    at JsonRpcProvider.getRpcError (/mnt/c/code/polybotv3/node_modules/ethers/src.ts/providers/provider-jsonrpc.ts:979:32)
    at /mnt/c/code/polybotv3/node_modules/ethers/src.ts/providers/provider-jsonrpc.ts:563:45
    at processTicksAndRejections (node:internal/process/task_queues:95:5) {
  code: 'CALL_EXCEPTION',
  action: 'estimateGas',
  data: '0x',
  reason: 'require(false)',
  transaction: {
    to: '0x95142498886E95939aFefe44461dcEfcCdeee684',
    data: '0xde60dce4000000000000000000000000cf083be4164828f00cae704ec15a36d711491284000000000000000000000000c0788a3ad43d79aa53b09c2eacc313a787d1d60700000000000000000000000051aba405de2b25e5506dea32a6697f450ceb1a170000000000000000000000000d500b1d8e8ef31e21c99d1db9a6444d3adf1270000000000000000000000000c2132d05d31c914a87c6611c10748aeb04b58e8f000000000000000000000000000000000000000000000000f8724155e9b324000000000000000000000000000000000000000000000000000000000000e30c450000000000000000000000000000000000000000000000000000000000e54b7b',
    from: '0xf39Fd6e51aad88F6F4ce6aB8827279cffFb92266'
  },
  invocation: null,
  revert: null,
  shortMessage: 'execution reverted (no data present; likely require(false) occurred',
  info: {
    error: {
      code: -32603,
      message: "Error: Transaction reverted: function selector was not recognized and there's no fallback function",
      data: [Object]
    },
    payload: {
      method: 'eth_estimateGas',
      params: [Array],
      id: 258,
      jsonrpc: '2.0'
    }
  }
}
[2024-01-18T16:41:57.180] [ERROR] default - >>>>>>>>>>>>>>>>>>>>>>>>>>>>>>>>>>END ERROR DATA: WMATIC/USDT <<<<<<<<<<<<<<<<<<<<<<<<<<<<<<<<<<<<<<<<<<<<<<<<
[2024-01-18T16:41:57.181] [ERROR] default - >>>>>>>>>>>>>>>>>>>>>>>>>>Error in fetchGasPrice for trade: WMATIC/USDT <<<<<<<<<<<<<<<<<<<<<<<<<<<<<<<<<<<<<<<
[2024-01-18T16:41:57.182] [INFO] default - require(false)
[2024-01-18T16:41:57.182] [ERROR] default - >>>>>>>>>>>>>>>>>>>>>>>>>>Error in fetchGasPrice for trade: WMATIC/USDT <<<<<<<<<<<<<<<<<<<<<<<<<<<<<<<<<<<<<<<
[2024-01-18T16:41:57.182] [ERROR] default - >>>>>>>>>>>>>>>>>>>>>>>>>>>>>>>>>>TRADE DATA: WMATIC/USDT <<<<<<<<<<<<<<<<<<<<<<<<<<<<<<<<<<<<<<<<<<<<<<<<
[2024-01-18T16:41:57.182] [ERROR] default - {
  id: '0xa789324E64268C5385eA7678435Fa83532705B0F',
  block: 51502194,
  trade: 'multi',
  ticker: 'WMATIC/USDT',
  direction: 'B',
  tradeSize: '17.902443306000000000 WMATIC',
  loanPool: {
    exchange: 'APE',
    priceIn: '1.187473907398618986',
    priceOut: '0.842124',
    reservesIn: '71007.957854894768179700 WMATIC',
    reservesOut: '59797.488949 USDT',
    repaysObj: {
      direct: '17.956150635918000000 WMATIC',
      directInTokenOut: '15.121305 USDT',
      simpleMulti: '15.121305 USDT',
      getAmountsOut: '15.27067 USDT',
      getAmountsIn: '15.117614 USDT'
    },
    amountOut: '15.27067 USDT',
    amountOutToken0for1: '17.612012147045002200 WMATIC',
    amountRepay: '15.27067 USDT'
  },
  target: {
    exchange: 'MMF',
    priceIn: '1.186347648776593507',
    priceOut: '0.842923',
    reservesIn: '3539.753587238227585700 WMATIC',
    reservesOut: '2983.740551 USDT',
    amountOutToken0for1: '17.512600532220840450 WMATIC',
    amountOut: '14.879813 USDT'
  },
  result: {
    uniswapkPreT: '4246097575119127645787354635428036',
    uniswapkPosT: '4246100254218928021886037790191132',
    uniswapKPositive: true,
    profit: '0.-147254 USDT',
    profperc: '0.989623%'
  }
}
[2024-01-18T16:41:57.183] [ERROR] default - >>>>>>>>>>>>>>>>>>>>>>>>>>>>>>>>>>END TRADE DATA: WMATIC/USDT <<<<<<<<<<<<<<<<<<<<<<<<<<<<<<<<<<<<<<<<<<<<<<<<
[2024-01-18T16:41:57.184] [ERROR] default - >>>>>>>>>>>>>>>>>>>>>>>>>>>>>>>>>>ERROR DATA: WMATIC/USDT <<<<<<<<<<<<<<<<<<<<<<<<<<<<<<<<<<<<<<<<<<<<<<<<
[2024-01-18T16:41:57.186] [ERROR] default - Error: execution reverted (no data present; likely require(false) occurred (action="estimateGas", data="0x", reason="require(false)", transaction={ "data": "0xde60dce4000000000000000000000000cf083be4164828f00cae704ec15a36d711491284000000000000000000000000c0788a3ad43d79aa53b09c2eacc313a787d1d60700000000000000000000000051aba405de2b25e5506dea32a6697f450ceb1a170000000000000000000000000d500b1d8e8ef31e21c99d1db9a6444d3adf1270000000000000000000000000c2132d05d31c914a87c6611c10748aeb04b58e8f000000000000000000000000000000000000000000000000f8724155e9b324000000000000000000000000000000000000000000000000000000000000e30c450000000000000000000000000000000000000000000000000000000000e54b7b", "from": "0xf39Fd6e51aad88F6F4ce6aB8827279cffFb92266", "to": "0x95142498886E95939aFefe44461dcEfcCdeee684" }, invocation=null, revert=null, code=CALL_EXCEPTION, version=6.10.0)
    at makeError (/mnt/c/code/polybotv3/node_modules/ethers/src.ts/utils/errors.ts:694:21)
    at getBuiltinCallException (/mnt/c/code/polybotv3/node_modules/ethers/src.ts/abi/abi-coder.ts:118:21)
    at Function.getBuiltinCallException (/mnt/c/code/polybotv3/node_modules/ethers/src.ts/abi/abi-coder.ts:235:16)
    at JsonRpcProvider.getRpcError (/mnt/c/code/polybotv3/node_modules/ethers/src.ts/providers/provider-jsonrpc.ts:979:32)
    at /mnt/c/code/polybotv3/node_modules/ethers/src.ts/providers/provider-jsonrpc.ts:563:45
    at processTicksAndRejections (node:internal/process/task_queues:95:5) {
  code: 'CALL_EXCEPTION',
  action: 'estimateGas',
  data: '0x',
  reason: 'require(false)',
  transaction: {
    to: '0x95142498886E95939aFefe44461dcEfcCdeee684',
    data: '0xde60dce4000000000000000000000000cf083be4164828f00cae704ec15a36d711491284000000000000000000000000c0788a3ad43d79aa53b09c2eacc313a787d1d60700000000000000000000000051aba405de2b25e5506dea32a6697f450ceb1a170000000000000000000000000d500b1d8e8ef31e21c99d1db9a6444d3adf1270000000000000000000000000c2132d05d31c914a87c6611c10748aeb04b58e8f000000000000000000000000000000000000000000000000f8724155e9b324000000000000000000000000000000000000000000000000000000000000e30c450000000000000000000000000000000000000000000000000000000000e54b7b',
    from: '0xf39Fd6e51aad88F6F4ce6aB8827279cffFb92266'
  },
  invocation: null,
  revert: null,
  shortMessage: 'execution reverted (no data present; likely require(false) occurred',
  info: {
    error: {
      code: -32603,
      message: "Error: Transaction reverted: function selector was not recognized and there's no fallback function",
      data: [Object]
    },
    payload: {
      method: 'eth_estimateGas',
      params: [Array],
      id: 258,
      jsonrpc: '2.0'
    }
  }
}
[2024-01-18T16:41:57.193] [ERROR] default - >>>>>>>>>>>>>>>>>>>>>>>>>>>>>>>>>>END ERROR DATA: WMATIC/USDT <<<<<<<<<<<<<<<<<<<<<<<<<<<<<<<<<<<<<<<<<<<<<<<<
[2024-01-18T16:41:57.193] [ERROR] default - >>>>>>>>>>>>>>>>>>>>>>>>>>Error in fetchGasPrice for trade: WMATIC/USDT <<<<<<<<<<<<<<<<<<<<<<<<<<<<<<<<<<<<<<<
[2024-01-18T16:41:57.194] [INFO] default - require(false)
[2024-01-18T16:41:57.194] [ERROR] default - >>>>>>>>>>>>>>>>>>>>>>>>>>Error in fetchGasPrice for trade: USDC/DAI <<<<<<<<<<<<<<<<<<<<<<<<<<<<<<<<<<<<<<<
[2024-01-18T16:41:57.195] [ERROR] default - >>>>>>>>>>>>>>>>>>>>>>>>>>>>>>>>>>TRADE DATA: USDC/DAI <<<<<<<<<<<<<<<<<<<<<<<<<<<<<<<<<<<<<<<<<<<<<<<<
[2024-01-18T16:41:57.196] [ERROR] default - {
  id: '0xC8174d091c288FF78De98303c2973140Cbcf3B23',
  block: 51502194,
  trade: 'multi',
  ticker: 'USDC/DAI',
  direction: 'A',
  tradeSize: '109.184203 USDC',
  loanPool: {
    exchange: 'QUICK',
    priceIn: '1.002155',
    priceOut: '0.997850108713122713',
    reservesIn: '192085.345246 USDC',
    reservesOut: '191672.382635918809008300 DAI',
    repaysObj: {
      direct: '109.511755 USDC',
      directInTokenOut: '109.276316632114859840 DAI',
      simpleMulti: '109.276317239805576030 DAI',
      getAmountsOut: '108.561097787206398700 DAI',
      getAmountsIn: '109.215034466360161600 DAI'
    },
    amountOut: '108.561097787206398700 DAI',
    amountOutToken0for1: '107.352531 USDC',
    amountRepay: '108.561097787206398700 DAI'
  },
  target: {
    exchange: 'CAT',
    priceIn: '1.000523',
    priceOut: '0.999476843025279558',
    reservesIn: '18206.892249 USDC',
    reservesOut: '18197.367186331952095040 DAI',
    amountOutToken0for1: '106.609812 USDC',
    amountOut: '107.504149681677910200 DAI'
  },
  result: {
    uniswapkPreT: '36817455792743879948785784976958522',
    uniswapkPosT: '36817494879453696868399713004366743',
    uniswapKPositive: true,
    profit: '-1.-56948105528488510 DAI',
    profperc: '0.983169588018820200%'
  }
}
[2024-01-18T16:41:57.197] [ERROR] default - >>>>>>>>>>>>>>>>>>>>>>>>>>>>>>>>>>END TRADE DATA: USDC/DAI <<<<<<<<<<<<<<<<<<<<<<<<<<<<<<<<<<<<<<<<<<<<<<<<
[2024-01-18T16:41:57.197] [ERROR] default - >>>>>>>>>>>>>>>>>>>>>>>>>>>>>>>>>>ERROR DATA: USDC/DAI <<<<<<<<<<<<<<<<<<<<<<<<<<<<<<<<<<<<<<<<<<<<<<<<
[2024-01-18T16:41:57.197] [ERROR] default - Error: execution reverted: "CatRouter: EXPIRED" (action="estimateGas", data="0x08c379a000000000000000000000000000000000000000000000000000000000000000200000000000000000000000000000000000000000000000000000000000000012436174526f757465723a20455850495245440000000000000000000000000000", reason="CatRouter: EXPIRED", transaction={ "data": "0xde60dce40000000000000000000000005757371414417b8c6caad45baef941abc7d3ab32000000000000000000000000a5e0829caced8ffdd4de3c43696c57f7d7a678ff00000000000000000000000094930a328162957ff1dd48900af67b5439336cbd0000000000000000000000002791bca1f2de4661ed88a30c99a7a9449aa841740000000000000000000000008f3cf7ad23cd3cadbd9735aff958023239c6a06300000000000000000000000000000000000000000000000000000000068204cb000000000000000000000000000000000000000000000005d3eb768dd8d5c0c1000000000000000000000000000000000000000000000005e2967f4190e1f303", "from": "0xf39Fd6e51aad88F6F4ce6aB8827279cffFb92266", "to": "0x95142498886E95939aFefe44461dcEfcCdeee684" }, invocation=null, revert={ "args": [ "CatRouter: EXPIRED" ], "name": "Error", "signature": "Error(string)" }, code=CALL_EXCEPTION, version=6.10.0)
    at makeError (/mnt/c/code/polybotv3/node_modules/ethers/src.ts/utils/errors.ts:694:21)
    at getBuiltinCallException (/mnt/c/code/polybotv3/node_modules/ethers/src.ts/abi/abi-coder.ts:118:21)
    at Function.getBuiltinCallException (/mnt/c/code/polybotv3/node_modules/ethers/src.ts/abi/abi-coder.ts:235:16)
    at JsonRpcProvider.getRpcError (/mnt/c/code/polybotv3/node_modules/ethers/src.ts/providers/provider-jsonrpc.ts:979:32)
    at /mnt/c/code/polybotv3/node_modules/ethers/src.ts/providers/provider-jsonrpc.ts:563:45
    at processTicksAndRejections (node:internal/process/task_queues:95:5) {
  code: 'CALL_EXCEPTION',
  action: 'estimateGas',
  data: '0x08c379a000000000000000000000000000000000000000000000000000000000000000200000000000000000000000000000000000000000000000000000000000000012436174526f757465723a20455850495245440000000000000000000000000000',
  reason: 'CatRouter: EXPIRED',
  transaction: {
    to: '0x95142498886E95939aFefe44461dcEfcCdeee684',
    data: '0xde60dce40000000000000000000000005757371414417b8c6caad45baef941abc7d3ab32000000000000000000000000a5e0829caced8ffdd4de3c43696c57f7d7a678ff00000000000000000000000094930a328162957ff1dd48900af67b5439336cbd0000000000000000000000002791bca1f2de4661ed88a30c99a7a9449aa841740000000000000000000000008f3cf7ad23cd3cadbd9735aff958023239c6a06300000000000000000000000000000000000000000000000000000000068204cb000000000000000000000000000000000000000000000005d3eb768dd8d5c0c1000000000000000000000000000000000000000000000005e2967f4190e1f303',
    from: '0xf39Fd6e51aad88F6F4ce6aB8827279cffFb92266'
  },
  invocation: null,
  revert: {
    signature: 'Error(string)',
    name: 'Error',
    args: [ 'CatRouter: EXPIRED' ]
  },
  shortMessage: 'execution reverted: "CatRouter: EXPIRED"',
  info: {
    error: {
      code: -32603,
      message: "Error: VM Exception while processing transaction: reverted with reason string 'CatRouter: EXPIRED'",
      data: [Object]
    },
    payload: {
      method: 'eth_estimateGas',
      params: [Array],
      id: 259,
      jsonrpc: '2.0'
    }
  }
}
[2024-01-18T16:41:57.204] [ERROR] default - >>>>>>>>>>>>>>>>>>>>>>>>>>>>>>>>>>END ERROR DATA: USDC/DAI <<<<<<<<<<<<<<<<<<<<<<<<<<<<<<<<<<<<<<<<<<<<<<<<
[2024-01-18T16:41:57.205] [ERROR] default - >>>>>>>>>>>>>>>>>>>>>>>>>>Error in fetchGasPrice for trade: USDC/DAI <<<<<<<<<<<<<<<<<<<<<<<<<<<<<<<<<<<<<<<
[2024-01-18T16:41:57.205] [INFO] default - CatRouter: EXPIRED
[2024-01-18T16:41:57.206] [ERROR] default - >>>>>>>>>>>>>>>>>>>>>>>>>>Error in fetchGasPrice for trade: USDC/DAI <<<<<<<<<<<<<<<<<<<<<<<<<<<<<<<<<<<<<<<
[2024-01-18T16:41:57.206] [ERROR] default - >>>>>>>>>>>>>>>>>>>>>>>>>>>>>>>>>>TRADE DATA: USDC/DAI <<<<<<<<<<<<<<<<<<<<<<<<<<<<<<<<<<<<<<<<<<<<<<<<
[2024-01-18T16:41:57.206] [ERROR] default - {
  id: '0xC8174d091c288FF78De98303c2973140Cbcf3B23',
  block: 51502194,
  trade: 'multi',
  ticker: 'USDC/DAI',
  direction: 'A',
  tradeSize: '109.184203 USDC',
  loanPool: {
    exchange: 'QUICK',
    priceIn: '1.002155',
    priceOut: '0.997850108713122713',
    reservesIn: '192085.345246 USDC',
    reservesOut: '191672.382635918809008300 DAI',
    repaysObj: {
      direct: '109.511755 USDC',
      directInTokenOut: '109.276316632114859840 DAI',
      simpleMulti: '109.276317239805576030 DAI',
      getAmountsOut: '108.561097787206398700 DAI',
      getAmountsIn: '109.215034466360161600 DAI'
    },
    amountOut: '108.561097787206398700 DAI',
    amountOutToken0for1: '107.352531 USDC',
    amountRepay: '108.561097787206398700 DAI'
  },
  target: {
    exchange: 'CAT',
    priceIn: '1.000523',
    priceOut: '0.999476843025279558',
    reservesIn: '18206.892249 USDC',
    reservesOut: '18197.367186331952095040 DAI',
    amountOutToken0for1: '106.609812 USDC',
    amountOut: '107.504149681677910200 DAI'
  },
  result: {
    uniswapkPreT: '36817455792743879948785784976958522',
    uniswapkPosT: '36817494879453696868399713004366743',
    uniswapKPositive: true,
    profit: '-1.-56948105528488510 DAI',
    profperc: '0.983169588018820200%'
  }
}
[2024-01-18T16:41:57.207] [ERROR] default - >>>>>>>>>>>>>>>>>>>>>>>>>>>>>>>>>>END TRADE DATA: USDC/DAI <<<<<<<<<<<<<<<<<<<<<<<<<<<<<<<<<<<<<<<<<<<<<<<<
[2024-01-18T16:41:57.208] [ERROR] default - >>>>>>>>>>>>>>>>>>>>>>>>>>>>>>>>>>ERROR DATA: USDC/DAI <<<<<<<<<<<<<<<<<<<<<<<<<<<<<<<<<<<<<<<<<<<<<<<<
[2024-01-18T16:41:57.208] [ERROR] default - Error: execution reverted: "CatRouter: EXPIRED" (action="estimateGas", data="0x08c379a000000000000000000000000000000000000000000000000000000000000000200000000000000000000000000000000000000000000000000000000000000012436174526f757465723a20455850495245440000000000000000000000000000", reason="CatRouter: EXPIRED", transaction={ "data": "0xde60dce40000000000000000000000005757371414417b8c6caad45baef941abc7d3ab32000000000000000000000000a5e0829caced8ffdd4de3c43696c57f7d7a678ff00000000000000000000000094930a328162957ff1dd48900af67b5439336cbd0000000000000000000000002791bca1f2de4661ed88a30c99a7a9449aa841740000000000000000000000008f3cf7ad23cd3cadbd9735aff958023239c6a06300000000000000000000000000000000000000000000000000000000068204cb000000000000000000000000000000000000000000000005d3eb768dd8d5c0c1000000000000000000000000000000000000000000000005e2967f4190e1f303", "from": "0xf39Fd6e51aad88F6F4ce6aB8827279cffFb92266", "to": "0x95142498886E95939aFefe44461dcEfcCdeee684" }, invocation=null, revert={ "args": [ "CatRouter: EXPIRED" ], "name": "Error", "signature": "Error(string)" }, code=CALL_EXCEPTION, version=6.10.0)
    at makeError (/mnt/c/code/polybotv3/node_modules/ethers/src.ts/utils/errors.ts:694:21)
    at getBuiltinCallException (/mnt/c/code/polybotv3/node_modules/ethers/src.ts/abi/abi-coder.ts:118:21)
    at Function.getBuiltinCallException (/mnt/c/code/polybotv3/node_modules/ethers/src.ts/abi/abi-coder.ts:235:16)
    at JsonRpcProvider.getRpcError (/mnt/c/code/polybotv3/node_modules/ethers/src.ts/providers/provider-jsonrpc.ts:979:32)
    at /mnt/c/code/polybotv3/node_modules/ethers/src.ts/providers/provider-jsonrpc.ts:563:45
    at processTicksAndRejections (node:internal/process/task_queues:95:5) {
  code: 'CALL_EXCEPTION',
  action: 'estimateGas',
  data: '0x08c379a000000000000000000000000000000000000000000000000000000000000000200000000000000000000000000000000000000000000000000000000000000012436174526f757465723a20455850495245440000000000000000000000000000',
  reason: 'CatRouter: EXPIRED',
  transaction: {
    to: '0x95142498886E95939aFefe44461dcEfcCdeee684',
    data: '0xde60dce40000000000000000000000005757371414417b8c6caad45baef941abc7d3ab32000000000000000000000000a5e0829caced8ffdd4de3c43696c57f7d7a678ff00000000000000000000000094930a328162957ff1dd48900af67b5439336cbd0000000000000000000000002791bca1f2de4661ed88a30c99a7a9449aa841740000000000000000000000008f3cf7ad23cd3cadbd9735aff958023239c6a06300000000000000000000000000000000000000000000000000000000068204cb000000000000000000000000000000000000000000000005d3eb768dd8d5c0c1000000000000000000000000000000000000000000000005e2967f4190e1f303',
    from: '0xf39Fd6e51aad88F6F4ce6aB8827279cffFb92266'
  },
  invocation: null,
  revert: {
    signature: 'Error(string)',
    name: 'Error',
    args: [ 'CatRouter: EXPIRED' ]
  },
  shortMessage: 'execution reverted: "CatRouter: EXPIRED"',
  info: {
    error: {
      code: -32603,
      message: "Error: VM Exception while processing transaction: reverted with reason string 'CatRouter: EXPIRED'",
      data: [Object]
    },
    payload: {
      method: 'eth_estimateGas',
      params: [Array],
      id: 259,
      jsonrpc: '2.0'
    }
  }
}
[2024-01-18T16:41:57.209] [ERROR] default - >>>>>>>>>>>>>>>>>>>>>>>>>>>>>>>>>>END ERROR DATA: USDC/DAI <<<<<<<<<<<<<<<<<<<<<<<<<<<<<<<<<<<<<<<<<<<<<<<<
[2024-01-18T16:41:57.210] [ERROR] default - >>>>>>>>>>>>>>>>>>>>>>>>>>Error in fetchGasPrice for trade: USDC/DAI <<<<<<<<<<<<<<<<<<<<<<<<<<<<<<<<<<<<<<<
[2024-01-18T16:41:57.210] [INFO] default - CatRouter: EXPIRED
[2024-01-18T16:41:57.210] [ERROR] default - >>>>>>>>>>>>>>>>>>>>>>>>>>Error in fetchGasPrice for trade: WMATIC/DAI <<<<<<<<<<<<<<<<<<<<<<<<<<<<<<<<<<<<<<<
[2024-01-18T16:41:57.210] [ERROR] default - >>>>>>>>>>>>>>>>>>>>>>>>>>>>>>>>>>TRADE DATA: WMATIC/DAI <<<<<<<<<<<<<<<<<<<<<<<<<<<<<<<<<<<<<<<<<<<<<<<<
[2024-01-18T16:41:57.210] [ERROR] default - {
  id: '0x9cE65ae286e74f1268D19aB9b25f102C25DbDCb4',
  block: 51502194,
  trade: 'multi',
  ticker: 'WMATIC/DAI',
  direction: 'B',
  tradeSize: '115.261782933539341150 WMATIC',
  loanPool: {
    exchange: 'APE',
    priceIn: '1.187153408465126943',
    priceOut: '0.842351117277169792',
    reservesIn: '83897.33913639169457444 WMATIC',
    reservesOut: '70670.760253394559406200 DAI',
    repaysObj: {
      direct: '115.607568282339959200 WMATIC',
      directInTokenOut: '97.382164308325761660 DAI',
      simpleMulti: '97.382164308325761660 DAI',
      getAmountsOut: '96.667211309491992200 DAI',
      getAmountsIn: '97.249033331089001400 DAI'
    },
    amountOut: '96.667211309491992200 DAI',
    amountOutToken0for1: '113.280814150076917440 WMATIC',
    amountRepay: '96.667211309491992200 DAI'
  },
  target: {
    exchange: 'CAT',
    priceIn: '1.185879304392170180',
    priceOut: '0.843256136013399968',
    reservesIn: '22781.93828037824392260 WMATIC',
    reservesOut: '19210.297155589890193660 DAI',
    amountOutToken0for1: '112.751413646201188900 WMATIC',
    amountOut: '95.838753366931350300 DAI'
  },
  result: {
    uniswapkPreT: '5929067169681706415360797487020998427894276005',
    uniswapkPosT: '5929069228204108147334903239311349712451997347',
    uniswapKPositive: true,
    profit: '0.-828457942560641900 DAI',
    profperc: '0.864428963708220400%'
  }
}
[2024-01-18T16:41:57.211] [ERROR] default - >>>>>>>>>>>>>>>>>>>>>>>>>>>>>>>>>>END TRADE DATA: WMATIC/DAI <<<<<<<<<<<<<<<<<<<<<<<<<<<<<<<<<<<<<<<<<<<<<<<<
[2024-01-18T16:41:57.212] [ERROR] default - >>>>>>>>>>>>>>>>>>>>>>>>>>>>>>>>>>ERROR DATA: WMATIC/DAI <<<<<<<<<<<<<<<<<<<<<<<<<<<<<<<<<<<<<<<<<<<<<<<<
[2024-01-18T16:41:57.212] [ERROR] default - Error: execution reverted (no data present; likely require(false) occurred (action="estimateGas", data="0x", reason="require(false)", transaction={ "data": "0xde60dce4000000000000000000000000cf083be4164828f00cae704ec15a36d711491284000000000000000000000000c0788a3ad43d79aa53b09c2eacc313a787d1d60700000000000000000000000094930a328162957ff1dd48900af67b5439336cbd0000000000000000000000000d500b1d8e8ef31e21c99d1db9a6444d3adf12700000000000000000000000008f3cf7ad23cd3cadbd9735aff958023239c6a0630000000000000000000000000000000000000000000000063f941ce51bcb436a0000000000000000000000000000000000000000000000053207a669683722fa0000000000000000000000000000000000000000000000053d86ec8569e4b650", "from": "0xf39Fd6e51aad88F6F4ce6aB8827279cffFb92266", "to": "0x95142498886E95939aFefe44461dcEfcCdeee684" }, invocation=null, revert=null, code=CALL_EXCEPTION, version=6.10.0)
    at makeError (/mnt/c/code/polybotv3/node_modules/ethers/src.ts/utils/errors.ts:694:21)
    at getBuiltinCallException (/mnt/c/code/polybotv3/node_modules/ethers/src.ts/abi/abi-coder.ts:118:21)
    at Function.getBuiltinCallException (/mnt/c/code/polybotv3/node_modules/ethers/src.ts/abi/abi-coder.ts:235:16)
    at JsonRpcProvider.getRpcError (/mnt/c/code/polybotv3/node_modules/ethers/src.ts/providers/provider-jsonrpc.ts:979:32)
    at /mnt/c/code/polybotv3/node_modules/ethers/src.ts/providers/provider-jsonrpc.ts:563:45
    at processTicksAndRejections (node:internal/process/task_queues:95:5) {
  code: 'CALL_EXCEPTION',
  action: 'estimateGas',
  data: '0x',
  reason: 'require(false)',
  transaction: {
    to: '0x95142498886E95939aFefe44461dcEfcCdeee684',
    data: '0xde60dce4000000000000000000000000cf083be4164828f00cae704ec15a36d711491284000000000000000000000000c0788a3ad43d79aa53b09c2eacc313a787d1d60700000000000000000000000094930a328162957ff1dd48900af67b5439336cbd0000000000000000000000000d500b1d8e8ef31e21c99d1db9a6444d3adf12700000000000000000000000008f3cf7ad23cd3cadbd9735aff958023239c6a0630000000000000000000000000000000000000000000000063f941ce51bcb436a0000000000000000000000000000000000000000000000053207a669683722fa0000000000000000000000000000000000000000000000053d86ec8569e4b650',
    from: '0xf39Fd6e51aad88F6F4ce6aB8827279cffFb92266'
  },
  invocation: null,
  revert: null,
  shortMessage: 'execution reverted (no data present; likely require(false) occurred',
  info: {
    error: {
      code: -32603,
      message: "Error: Transaction reverted: function selector was not recognized and there's no fallback function",
      data: [Object]
    },
    payload: {
      method: 'eth_estimateGas',
      params: [Array],
      id: 260,
      jsonrpc: '2.0'
    }
  }
}
[2024-01-18T16:41:57.214] [ERROR] default - >>>>>>>>>>>>>>>>>>>>>>>>>>>>>>>>>>END ERROR DATA: WMATIC/DAI <<<<<<<<<<<<<<<<<<<<<<<<<<<<<<<<<<<<<<<<<<<<<<<<
[2024-01-18T16:41:57.214] [ERROR] default - >>>>>>>>>>>>>>>>>>>>>>>>>>Error in fetchGasPrice for trade: WMATIC/DAI <<<<<<<<<<<<<<<<<<<<<<<<<<<<<<<<<<<<<<<
[2024-01-18T16:41:57.214] [INFO] default - require(false)
[2024-01-18T16:41:57.214] [ERROR] default - >>>>>>>>>>>>>>>>>>>>>>>>>>Error in fetchGasPrice for trade: WMATIC/DAI <<<<<<<<<<<<<<<<<<<<<<<<<<<<<<<<<<<<<<<
[2024-01-18T16:41:57.215] [ERROR] default - >>>>>>>>>>>>>>>>>>>>>>>>>>>>>>>>>>TRADE DATA: WMATIC/DAI <<<<<<<<<<<<<<<<<<<<<<<<<<<<<<<<<<<<<<<<<<<<<<<<
[2024-01-18T16:41:57.215] [ERROR] default - {
  id: '0x9cE65ae286e74f1268D19aB9b25f102C25DbDCb4',
  block: 51502194,
  trade: 'multi',
  ticker: 'WMATIC/DAI',
  direction: 'B',
  tradeSize: '115.261782933539341150 WMATIC',
  loanPool: {
    exchange: 'APE',
    priceIn: '1.187153408465126943',
    priceOut: '0.842351117277169792',
    reservesIn: '83897.33913639169457444 WMATIC',
    reservesOut: '70670.760253394559406200 DAI',
    repaysObj: {
      direct: '115.607568282339959200 WMATIC',
      directInTokenOut: '97.382164308325761660 DAI',
      simpleMulti: '97.382164308325761660 DAI',
      getAmountsOut: '96.667211309491992200 DAI',
      getAmountsIn: '97.249033331089001400 DAI'
    },
    amountOut: '96.667211309491992200 DAI',
    amountOutToken0for1: '113.280814150076917440 WMATIC',
    amountRepay: '96.667211309491992200 DAI'
  },
  target: {
    exchange: 'CAT',
    priceIn: '1.185879304392170180',
    priceOut: '0.843256136013399968',
    reservesIn: '22781.93828037824392260 WMATIC',
    reservesOut: '19210.297155589890193660 DAI',
    amountOutToken0for1: '112.751413646201188900 WMATIC',
    amountOut: '95.838753366931350300 DAI'
  },
  result: {
    uniswapkPreT: '5929067169681706415360797487020998427894276005',
    uniswapkPosT: '5929069228204108147334903239311349712451997347',
    uniswapKPositive: true,
    profit: '0.-828457942560641900 DAI',
    profperc: '0.864428963708220400%'
  }
}
[2024-01-18T16:41:57.217] [ERROR] default - >>>>>>>>>>>>>>>>>>>>>>>>>>>>>>>>>>END TRADE DATA: WMATIC/DAI <<<<<<<<<<<<<<<<<<<<<<<<<<<<<<<<<<<<<<<<<<<<<<<<
[2024-01-18T16:41:57.220] [ERROR] default - >>>>>>>>>>>>>>>>>>>>>>>>>>>>>>>>>>ERROR DATA: WMATIC/DAI <<<<<<<<<<<<<<<<<<<<<<<<<<<<<<<<<<<<<<<<<<<<<<<<
[2024-01-18T16:41:57.221] [ERROR] default - Error: execution reverted (no data present; likely require(false) occurred (action="estimateGas", data="0x", reason="require(false)", transaction={ "data": "0xde60dce4000000000000000000000000cf083be4164828f00cae704ec15a36d711491284000000000000000000000000c0788a3ad43d79aa53b09c2eacc313a787d1d60700000000000000000000000094930a328162957ff1dd48900af67b5439336cbd0000000000000000000000000d500b1d8e8ef31e21c99d1db9a6444d3adf12700000000000000000000000008f3cf7ad23cd3cadbd9735aff958023239c6a0630000000000000000000000000000000000000000000000063f941ce51bcb436a0000000000000000000000000000000000000000000000053207a669683722fa0000000000000000000000000000000000000000000000053d86ec8569e4b650", "from": "0xf39Fd6e51aad88F6F4ce6aB8827279cffFb92266", "to": "0x95142498886E95939aFefe44461dcEfcCdeee684" }, invocation=null, revert=null, code=CALL_EXCEPTION, version=6.10.0)
    at makeError (/mnt/c/code/polybotv3/node_modules/ethers/src.ts/utils/errors.ts:694:21)
    at getBuiltinCallException (/mnt/c/code/polybotv3/node_modules/ethers/src.ts/abi/abi-coder.ts:118:21)
    at Function.getBuiltinCallException (/mnt/c/code/polybotv3/node_modules/ethers/src.ts/abi/abi-coder.ts:235:16)
    at JsonRpcProvider.getRpcError (/mnt/c/code/polybotv3/node_modules/ethers/src.ts/providers/provider-jsonrpc.ts:979:32)
    at /mnt/c/code/polybotv3/node_modules/ethers/src.ts/providers/provider-jsonrpc.ts:563:45
    at processTicksAndRejections (node:internal/process/task_queues:95:5) {
  code: 'CALL_EXCEPTION',
  action: 'estimateGas',
  data: '0x',
  reason: 'require(false)',
  transaction: {
    to: '0x95142498886E95939aFefe44461dcEfcCdeee684',
    data: '0xde60dce4000000000000000000000000cf083be4164828f00cae704ec15a36d711491284000000000000000000000000c0788a3ad43d79aa53b09c2eacc313a787d1d60700000000000000000000000094930a328162957ff1dd48900af67b5439336cbd0000000000000000000000000d500b1d8e8ef31e21c99d1db9a6444d3adf12700000000000000000000000008f3cf7ad23cd3cadbd9735aff958023239c6a0630000000000000000000000000000000000000000000000063f941ce51bcb436a0000000000000000000000000000000000000000000000053207a669683722fa0000000000000000000000000000000000000000000000053d86ec8569e4b650',
    from: '0xf39Fd6e51aad88F6F4ce6aB8827279cffFb92266'
  },
  invocation: null,
  revert: null,
  shortMessage: 'execution reverted (no data present; likely require(false) occurred',
  info: {
    error: {
      code: -32603,
      message: "Error: Transaction reverted: function selector was not recognized and there's no fallback function",
      data: [Object]
    },
    payload: {
      method: 'eth_estimateGas',
      params: [Array],
      id: 260,
      jsonrpc: '2.0'
    }
  }
}
[2024-01-18T16:41:57.223] [ERROR] default - >>>>>>>>>>>>>>>>>>>>>>>>>>>>>>>>>>END ERROR DATA: WMATIC/DAI <<<<<<<<<<<<<<<<<<<<<<<<<<<<<<<<<<<<<<<<<<<<<<<<
[2024-01-18T16:41:57.230] [ERROR] default - >>>>>>>>>>>>>>>>>>>>>>>>>>Error in fetchGasPrice for trade: WMATIC/DAI <<<<<<<<<<<<<<<<<<<<<<<<<<<<<<<<<<<<<<<
[2024-01-18T16:41:57.231] [INFO] default - require(false)
[2024-01-18T16:41:57.231] [ERROR] default - >>>>>>>>>>>>>>>>>>>>>>>>>>Error in fetchGasPrice for trade: WMATIC/DAI <<<<<<<<<<<<<<<<<<<<<<<<<<<<<<<<<<<<<<<
[2024-01-18T16:41:57.231] [ERROR] default - >>>>>>>>>>>>>>>>>>>>>>>>>>>>>>>>>>TRADE DATA: WMATIC/DAI <<<<<<<<<<<<<<<<<<<<<<<<<<<<<<<<<<<<<<<<<<<<<<<<
[2024-01-18T16:41:57.231] [ERROR] default - {
  id: '0x8929D3FEa77398F64448c85015633c2d6472fB29',
  block: 51502194,
  trade: 'multi',
  ticker: 'WMATIC/DAI',
  direction: 'B',
  tradeSize: '15.191094508386419170 WMATIC',
  loanPool: {
    exchange: 'APE',
    priceIn: '1.187153408465126943',
    priceOut: '0.842351117277169792',
    reservesIn: '83897.33913639169457444 WMATIC',
    reservesOut: '70670.760253394559406200 DAI',
    repaysObj: {
      direct: '15.236667791911578400 WMATIC',
      directInTokenOut: '12.834624138097785700 DAI',
      simpleMulti: '12.834624138097785700 DAI',
      getAmountsOut: '12.755544029525696400 DAI',
      getAmountsIn: '12.832409116464205400 DAI'
    },
    amountOut: '12.755544029525696400 DAI',
    amountOutToken0for1: '14.956779785243574000 WMATIC',
    amountRepay: '12.755544029525696400 DAI'
  },
  target: {
    exchange: 'SUSHI',
    priceIn: '1.185142287186646683',
    priceOut: '0.843780540793842386',
    reservesIn: '3000.601415089598146300 WMATIC',
    reservesOut: '2531.849084731069859500 DAI',
    amountOutToken0for1: '14.860144842311584300 WMATIC',
    amountOut: '12.639023701775178800 DAI'
  },
  result: {
    uniswapkPreT: '5929067169681706415360797487020998427894276005',
    uniswapkPosT: '5929070009608215611456008964174520594531348432',
    uniswapKPositive: true,
    profit: '0.-116520327750517570 DAI',
    profperc: '0.921909243149469000%'
  }
}
[2024-01-18T16:41:57.232] [ERROR] default - >>>>>>>>>>>>>>>>>>>>>>>>>>>>>>>>>>END TRADE DATA: WMATIC/DAI <<<<<<<<<<<<<<<<<<<<<<<<<<<<<<<<<<<<<<<<<<<<<<<<
[2024-01-18T16:41:57.233] [ERROR] default - >>>>>>>>>>>>>>>>>>>>>>>>>>>>>>>>>>ERROR DATA: WMATIC/DAI <<<<<<<<<<<<<<<<<<<<<<<<<<<<<<<<<<<<<<<<<<<<<<<<
[2024-01-18T16:41:57.233] [ERROR] default - Error: execution reverted (no data present; likely require(false) occurred (action="estimateGas", data="0x", reason="require(false)", transaction={ "data": "0xde60dce4000000000000000000000000cf083be4164828f00cae704ec15a36d711491284000000000000000000000000c0788a3ad43d79aa53b09c2eacc313a787d1d6070000000000000000000000001b02da8cb0d097eb8d57a175b88c7d8b479975060000000000000000000000000d500b1d8e8ef31e21c99d1db9a6444d3adf12700000000000000000000000008f3cf7ad23cd3cadbd9735aff958023239c6a063000000000000000000000000000000000000000000000000d2d19bf831c281d5000000000000000000000000000000000000000000000000af66d517a40d5c37000000000000000000000000000000000000000000000000b104cbb68cbbdf70", "from": "0xf39Fd6e51aad88F6F4ce6aB8827279cffFb92266", "to": "0x95142498886E95939aFefe44461dcEfcCdeee684" }, invocation=null, revert=null, code=CALL_EXCEPTION, version=6.10.0)
    at makeError (/mnt/c/code/polybotv3/node_modules/ethers/src.ts/utils/errors.ts:694:21)
    at getBuiltinCallException (/mnt/c/code/polybotv3/node_modules/ethers/src.ts/abi/abi-coder.ts:118:21)
    at Function.getBuiltinCallException (/mnt/c/code/polybotv3/node_modules/ethers/src.ts/abi/abi-coder.ts:235:16)
    at JsonRpcProvider.getRpcError (/mnt/c/code/polybotv3/node_modules/ethers/src.ts/providers/provider-jsonrpc.ts:979:32)
    at /mnt/c/code/polybotv3/node_modules/ethers/src.ts/providers/provider-jsonrpc.ts:563:45
    at processTicksAndRejections (node:internal/process/task_queues:95:5) {
  code: 'CALL_EXCEPTION',
  action: 'estimateGas',
  data: '0x',
  reason: 'require(false)',
  transaction: {
    to: '0x95142498886E95939aFefe44461dcEfcCdeee684',
    data: '0xde60dce4000000000000000000000000cf083be4164828f00cae704ec15a36d711491284000000000000000000000000c0788a3ad43d79aa53b09c2eacc313a787d1d6070000000000000000000000001b02da8cb0d097eb8d57a175b88c7d8b479975060000000000000000000000000d500b1d8e8ef31e21c99d1db9a6444d3adf12700000000000000000000000008f3cf7ad23cd3cadbd9735aff958023239c6a063000000000000000000000000000000000000000000000000d2d19bf831c281d5000000000000000000000000000000000000000000000000af66d517a40d5c37000000000000000000000000000000000000000000000000b104cbb68cbbdf70',
    from: '0xf39Fd6e51aad88F6F4ce6aB8827279cffFb92266'
  },
  invocation: null,
  revert: null,
  shortMessage: 'execution reverted (no data present; likely require(false) occurred',
  info: {
    error: {
      code: -32603,
      message: "Error: Transaction reverted: function selector was not recognized and there's no fallback function",
      data: [Object]
    },
    payload: {
      method: 'eth_estimateGas',
      params: [Array],
      id: 261,
      jsonrpc: '2.0'
    }
  }
}
[2024-01-18T16:41:57.236] [ERROR] default - >>>>>>>>>>>>>>>>>>>>>>>>>>>>>>>>>>END ERROR DATA: WMATIC/DAI <<<<<<<<<<<<<<<<<<<<<<<<<<<<<<<<<<<<<<<<<<<<<<<<
[2024-01-18T16:41:57.237] [ERROR] default - >>>>>>>>>>>>>>>>>>>>>>>>>>Error in fetchGasPrice for trade: WMATIC/DAI <<<<<<<<<<<<<<<<<<<<<<<<<<<<<<<<<<<<<<<
[2024-01-18T16:41:57.237] [INFO] default - require(false)
[2024-01-18T16:41:57.238] [ERROR] default - >>>>>>>>>>>>>>>>>>>>>>>>>>Error in fetchGasPrice for trade: WMATIC/DAI <<<<<<<<<<<<<<<<<<<<<<<<<<<<<<<<<<<<<<<
[2024-01-18T16:41:57.238] [ERROR] default - >>>>>>>>>>>>>>>>>>>>>>>>>>>>>>>>>>TRADE DATA: WMATIC/DAI <<<<<<<<<<<<<<<<<<<<<<<<<<<<<<<<<<<<<<<<<<<<<<<<
[2024-01-18T16:41:57.239] [ERROR] default - {
  id: '0x8929D3FEa77398F64448c85015633c2d6472fB29',
  block: 51502194,
  trade: 'multi',
  ticker: 'WMATIC/DAI',
  direction: 'B',
  tradeSize: '15.191094508386419170 WMATIC',
  loanPool: {
    exchange: 'APE',
    priceIn: '1.187153408465126943',
    priceOut: '0.842351117277169792',
    reservesIn: '83897.33913639169457444 WMATIC',
    reservesOut: '70670.760253394559406200 DAI',
    repaysObj: {
      direct: '15.236667791911578400 WMATIC',
      directInTokenOut: '12.834624138097785700 DAI',
      simpleMulti: '12.834624138097785700 DAI',
      getAmountsOut: '12.755544029525696400 DAI',
      getAmountsIn: '12.832409116464205400 DAI'
    },
    amountOut: '12.755544029525696400 DAI',
    amountOutToken0for1: '14.956779785243574000 WMATIC',
    amountRepay: '12.755544029525696400 DAI'
  },
  target: {
    exchange: 'SUSHI',
    priceIn: '1.185142287186646683',
    priceOut: '0.843780540793842386',
    reservesIn: '3000.601415089598146300 WMATIC',
    reservesOut: '2531.849084731069859500 DAI',
    amountOutToken0for1: '14.860144842311584300 WMATIC',
    amountOut: '12.639023701775178800 DAI'
  },
  result: {
    uniswapkPreT: '5929067169681706415360797487020998427894276005',
    uniswapkPosT: '5929070009608215611456008964174520594531348432',
    uniswapKPositive: true,
    profit: '0.-116520327750517570 DAI',
    profperc: '0.921909243149469000%'
  }
}
[2024-01-18T16:41:57.241] [ERROR] default - >>>>>>>>>>>>>>>>>>>>>>>>>>>>>>>>>>END TRADE DATA: WMATIC/DAI <<<<<<<<<<<<<<<<<<<<<<<<<<<<<<<<<<<<<<<<<<<<<<<<
[2024-01-18T16:41:57.243] [ERROR] default - >>>>>>>>>>>>>>>>>>>>>>>>>>>>>>>>>>ERROR DATA: WMATIC/DAI <<<<<<<<<<<<<<<<<<<<<<<<<<<<<<<<<<<<<<<<<<<<<<<<
[2024-01-18T16:41:57.243] [ERROR] default - Error: execution reverted (no data present; likely require(false) occurred (action="estimateGas", data="0x", reason="require(false)", transaction={ "data": "0xde60dce4000000000000000000000000cf083be4164828f00cae704ec15a36d711491284000000000000000000000000c0788a3ad43d79aa53b09c2eacc313a787d1d6070000000000000000000000001b02da8cb0d097eb8d57a175b88c7d8b479975060000000000000000000000000d500b1d8e8ef31e21c99d1db9a6444d3adf12700000000000000000000000008f3cf7ad23cd3cadbd9735aff958023239c6a063000000000000000000000000000000000000000000000000d2d19bf831c281d5000000000000000000000000000000000000000000000000af66d517a40d5c37000000000000000000000000000000000000000000000000b104cbb68cbbdf70", "from": "0xf39Fd6e51aad88F6F4ce6aB8827279cffFb92266", "to": "0x95142498886E95939aFefe44461dcEfcCdeee684" }, invocation=null, revert=null, code=CALL_EXCEPTION, version=6.10.0)
    at makeError (/mnt/c/code/polybotv3/node_modules/ethers/src.ts/utils/errors.ts:694:21)
    at getBuiltinCallException (/mnt/c/code/polybotv3/node_modules/ethers/src.ts/abi/abi-coder.ts:118:21)
    at Function.getBuiltinCallException (/mnt/c/code/polybotv3/node_modules/ethers/src.ts/abi/abi-coder.ts:235:16)
    at JsonRpcProvider.getRpcError (/mnt/c/code/polybotv3/node_modules/ethers/src.ts/providers/provider-jsonrpc.ts:979:32)
    at /mnt/c/code/polybotv3/node_modules/ethers/src.ts/providers/provider-jsonrpc.ts:563:45
    at processTicksAndRejections (node:internal/process/task_queues:95:5) {
  code: 'CALL_EXCEPTION',
  action: 'estimateGas',
  data: '0x',
  reason: 'require(false)',
  transaction: {
    to: '0x95142498886E95939aFefe44461dcEfcCdeee684',
    data: '0xde60dce4000000000000000000000000cf083be4164828f00cae704ec15a36d711491284000000000000000000000000c0788a3ad43d79aa53b09c2eacc313a787d1d6070000000000000000000000001b02da8cb0d097eb8d57a175b88c7d8b479975060000000000000000000000000d500b1d8e8ef31e21c99d1db9a6444d3adf12700000000000000000000000008f3cf7ad23cd3cadbd9735aff958023239c6a063000000000000000000000000000000000000000000000000d2d19bf831c281d5000000000000000000000000000000000000000000000000af66d517a40d5c37000000000000000000000000000000000000000000000000b104cbb68cbbdf70',
    from: '0xf39Fd6e51aad88F6F4ce6aB8827279cffFb92266'
  },
  invocation: null,
  revert: null,
  shortMessage: 'execution reverted (no data present; likely require(false) occurred',
  info: {
    error: {
      code: -32603,
      message: "Error: Transaction reverted: function selector was not recognized and there's no fallback function",
      data: [Object]
    },
    payload: {
      method: 'eth_estimateGas',
      params: [Array],
      id: 261,
      jsonrpc: '2.0'
    }
  }
}
[2024-01-18T16:41:57.246] [ERROR] default - >>>>>>>>>>>>>>>>>>>>>>>>>>>>>>>>>>END ERROR DATA: WMATIC/DAI <<<<<<<<<<<<<<<<<<<<<<<<<<<<<<<<<<<<<<<<<<<<<<<<
[2024-01-18T16:41:57.246] [ERROR] default - >>>>>>>>>>>>>>>>>>>>>>>>>>Error in fetchGasPrice for trade: WMATIC/DAI <<<<<<<<<<<<<<<<<<<<<<<<<<<<<<<<<<<<<<<
[2024-01-18T16:41:57.247] [INFO] default - require(false)
[2024-01-18T16:41:57.250] [ERROR] default - >>>>>>>>>>>>>>>>>>>>>>>>>>Error in fetchGasPrice for trade: WMATIC/USDC <<<<<<<<<<<<<<<<<<<<<<<<<<<<<<<<<<<<<<<
[2024-01-18T16:41:57.250] [ERROR] default - >>>>>>>>>>>>>>>>>>>>>>>>>>>>>>>>>>TRADE DATA: WMATIC/USDC <<<<<<<<<<<<<<<<<<<<<<<<<<<<<<<<<<<<<<<<<<<<<<<<
[2024-01-18T16:41:57.250] [ERROR] default - {
  id: '0xb965c131f1C48d89B1760860b782D2aCDF87273b',
  block: 51502194,
  trade: 'multi',
  ticker: 'WMATIC/USDC',
  direction: 'A',
  tradeSize: '91.618857534000000000 WMATIC',
  loanPool: {
    exchange: 'SUSHI',
    priceIn: '1.187595778556769637',
    priceOut: '0.842037',
    reservesIn: '187020.672834612717194500 WMATIC',
    reservesOut: '157478.391395 USDC',
    repaysObj: {
      direct: '91.893714106602000000 WMATIC',
      directInTokenOut: '77.377907 USDC',
      simpleMulti: '77.377907 USDC',
      getAmountsOut: '76.877512 USDC',
      getAmountsIn: '77.340633 USDC'
    },
    amountOut: '76.877512 USDC',
    amountOutToken0for1: '90.127445932895304660 WMATIC',
    amountRepay: '76.877512 USDC'
  },
  target: {
    exchange: 'MMF',
    priceIn: '1.186258327979407139',
    priceOut: '0.842987',
    reservesIn: '18113.938791611058133000 WMATIC',
    reservesOut: '15269.809589 USDC',
    amountOutToken0for1: '89.623708417977605000 WMATIC',
    amountOut: '76.155733 USDC'
  },
  result: {
    uniswapkPreT: '29451714715605385581591885943366355',
    uniswapkPosT: '29451743936660162020550602613112572',
    uniswapKPositive: true,
    profit: '0.-721779 USDC',
    profperc: '0.947767%'
  }
}
[2024-01-18T16:41:57.252] [ERROR] default - >>>>>>>>>>>>>>>>>>>>>>>>>>>>>>>>>>END TRADE DATA: WMATIC/USDC <<<<<<<<<<<<<<<<<<<<<<<<<<<<<<<<<<<<<<<<<<<<<<<<
[2024-01-18T16:41:57.255] [ERROR] default - >>>>>>>>>>>>>>>>>>>>>>>>>>>>>>>>>>ERROR DATA: WMATIC/USDC <<<<<<<<<<<<<<<<<<<<<<<<<<<<<<<<<<<<<<<<<<<<<<<<
[2024-01-18T16:41:57.256] [ERROR] default - Error: execution reverted: "MeerkatV2Router: EXPIRED" (action="estimateGas", data="0x08c379a0000000000000000000000000000000000000000000000000000000000000002000000000000000000000000000000000000000000000000000000000000000184d6565726b61745632526f757465723a20455850495245440000000000000000", reason="MeerkatV2Router: EXPIRED", transaction={ "data": "0xde60dce4000000000000000000000000c35dadb65012ec5796536bd9864ed8773abc74c40000000000000000000000001b02da8cb0d097eb8d57a175b88c7d8b4799750600000000000000000000000051aba405de2b25e5506dea32a6697f450ceb1a170000000000000000000000000d500b1d8e8ef31e21c99d1db9a6444d3adf12700000000000000000000000002791bca1f2de4661ed88a30c99a7a9449aa84174000000000000000000000000000000000000000000000004f77791827930ec0000000000000000000000000000000000000000000000000000000000048a0b550000000000000000000000000000000000000000000000000000000004950ec8", "from": "0xf39Fd6e51aad88F6F4ce6aB8827279cffFb92266", "to": "0x95142498886E95939aFefe44461dcEfcCdeee684" }, invocation=null, revert={ "args": [ "MeerkatV2Router: EXPIRED" ], "name": "Error", "signature": "Error(string)" }, code=CALL_EXCEPTION, version=6.10.0)
    at makeError (/mnt/c/code/polybotv3/node_modules/ethers/src.ts/utils/errors.ts:694:21)
    at getBuiltinCallException (/mnt/c/code/polybotv3/node_modules/ethers/src.ts/abi/abi-coder.ts:118:21)
    at Function.getBuiltinCallException (/mnt/c/code/polybotv3/node_modules/ethers/src.ts/abi/abi-coder.ts:235:16)
    at JsonRpcProvider.getRpcError (/mnt/c/code/polybotv3/node_modules/ethers/src.ts/providers/provider-jsonrpc.ts:979:32)
    at /mnt/c/code/polybotv3/node_modules/ethers/src.ts/providers/provider-jsonrpc.ts:563:45
    at processTicksAndRejections (node:internal/process/task_queues:95:5) {
  code: 'CALL_EXCEPTION',
  action: 'estimateGas',
  data: '0x08c379a0000000000000000000000000000000000000000000000000000000000000002000000000000000000000000000000000000000000000000000000000000000184d6565726b61745632526f757465723a20455850495245440000000000000000',
  reason: 'MeerkatV2Router: EXPIRED',
  transaction: {
    to: '0x95142498886E95939aFefe44461dcEfcCdeee684',
    data: '0xde60dce4000000000000000000000000c35dadb65012ec5796536bd9864ed8773abc74c40000000000000000000000001b02da8cb0d097eb8d57a175b88c7d8b4799750600000000000000000000000051aba405de2b25e5506dea32a6697f450ceb1a170000000000000000000000000d500b1d8e8ef31e21c99d1db9a6444d3adf12700000000000000000000000002791bca1f2de4661ed88a30c99a7a9449aa84174000000000000000000000000000000000000000000000004f77791827930ec0000000000000000000000000000000000000000000000000000000000048a0b550000000000000000000000000000000000000000000000000000000004950ec8',
    from: '0xf39Fd6e51aad88F6F4ce6aB8827279cffFb92266'
  },
  invocation: null,
  revert: {
    signature: 'Error(string)',
    name: 'Error',
    args: [ 'MeerkatV2Router: EXPIRED' ]
  },
  shortMessage: 'execution reverted: "MeerkatV2Router: EXPIRED"',
  info: {
    error: {
      code: -32603,
      message: "Error: VM Exception while processing transaction: reverted with reason string 'MeerkatV2Router: EXPIRED'",
      data: [Object]
    },
    payload: {
      method: 'eth_estimateGas',
      params: [Array],
      id: 262,
      jsonrpc: '2.0'
    }
  }
}
[2024-01-18T16:41:57.258] [ERROR] default - >>>>>>>>>>>>>>>>>>>>>>>>>>>>>>>>>>END ERROR DATA: WMATIC/USDC <<<<<<<<<<<<<<<<<<<<<<<<<<<<<<<<<<<<<<<<<<<<<<<<
[2024-01-18T16:41:57.258] [ERROR] default - >>>>>>>>>>>>>>>>>>>>>>>>>>Error in fetchGasPrice for trade: WMATIC/USDC <<<<<<<<<<<<<<<<<<<<<<<<<<<<<<<<<<<<<<<
[2024-01-18T16:41:57.258] [INFO] default - MeerkatV2Router: EXPIRED
[2024-01-18T16:41:57.258] [ERROR] default - >>>>>>>>>>>>>>>>>>>>>>>>>>Error in fetchGasPrice for trade: WMATIC/USDC <<<<<<<<<<<<<<<<<<<<<<<<<<<<<<<<<<<<<<<
[2024-01-18T16:41:57.258] [ERROR] default - >>>>>>>>>>>>>>>>>>>>>>>>>>>>>>>>>>TRADE DATA: WMATIC/USDC <<<<<<<<<<<<<<<<<<<<<<<<<<<<<<<<<<<<<<<<<<<<<<<<
[2024-01-18T16:41:57.258] [ERROR] default - {
  id: '0xb965c131f1C48d89B1760860b782D2aCDF87273b',
  block: 51502194,
  trade: 'multi',
  ticker: 'WMATIC/USDC',
  direction: 'A',
  tradeSize: '91.618857534000000000 WMATIC',
  loanPool: {
    exchange: 'SUSHI',
    priceIn: '1.187595778556769637',
    priceOut: '0.842037',
    reservesIn: '187020.672834612717194500 WMATIC',
    reservesOut: '157478.391395 USDC',
    repaysObj: {
      direct: '91.893714106602000000 WMATIC',
      directInTokenOut: '77.377907 USDC',
      simpleMulti: '77.377907 USDC',
      getAmountsOut: '76.877512 USDC',
      getAmountsIn: '77.340633 USDC'
    },
    amountOut: '76.877512 USDC',
    amountOutToken0for1: '90.127445932895304660 WMATIC',
    amountRepay: '76.877512 USDC'
  },
  target: {
    exchange: 'MMF',
    priceIn: '1.186258327979407139',
    priceOut: '0.842987',
    reservesIn: '18113.938791611058133000 WMATIC',
    reservesOut: '15269.809589 USDC',
    amountOutToken0for1: '89.623708417977605000 WMATIC',
    amountOut: '76.155733 USDC'
  },
  result: {
    uniswapkPreT: '29451714715605385581591885943366355',
    uniswapkPosT: '29451743936660162020550602613112572',
    uniswapKPositive: true,
    profit: '0.-721779 USDC',
    profperc: '0.947767%'
  }
}
[2024-01-18T16:41:57.259] [ERROR] default - >>>>>>>>>>>>>>>>>>>>>>>>>>>>>>>>>>END TRADE DATA: WMATIC/USDC <<<<<<<<<<<<<<<<<<<<<<<<<<<<<<<<<<<<<<<<<<<<<<<<
[2024-01-18T16:41:57.259] [ERROR] default - >>>>>>>>>>>>>>>>>>>>>>>>>>>>>>>>>>ERROR DATA: WMATIC/USDC <<<<<<<<<<<<<<<<<<<<<<<<<<<<<<<<<<<<<<<<<<<<<<<<
[2024-01-18T16:41:57.259] [ERROR] default - Error: execution reverted: "MeerkatV2Router: EXPIRED" (action="estimateGas", data="0x08c379a0000000000000000000000000000000000000000000000000000000000000002000000000000000000000000000000000000000000000000000000000000000184d6565726b61745632526f757465723a20455850495245440000000000000000", reason="MeerkatV2Router: EXPIRED", transaction={ "data": "0xde60dce4000000000000000000000000c35dadb65012ec5796536bd9864ed8773abc74c40000000000000000000000001b02da8cb0d097eb8d57a175b88c7d8b4799750600000000000000000000000051aba405de2b25e5506dea32a6697f450ceb1a170000000000000000000000000d500b1d8e8ef31e21c99d1db9a6444d3adf12700000000000000000000000002791bca1f2de4661ed88a30c99a7a9449aa84174000000000000000000000000000000000000000000000004f77791827930ec0000000000000000000000000000000000000000000000000000000000048a0b550000000000000000000000000000000000000000000000000000000004950ec8", "from": "0xf39Fd6e51aad88F6F4ce6aB8827279cffFb92266", "to": "0x95142498886E95939aFefe44461dcEfcCdeee684" }, invocation=null, revert={ "args": [ "MeerkatV2Router: EXPIRED" ], "name": "Error", "signature": "Error(string)" }, code=CALL_EXCEPTION, version=6.10.0)
    at makeError (/mnt/c/code/polybotv3/node_modules/ethers/src.ts/utils/errors.ts:694:21)
    at getBuiltinCallException (/mnt/c/code/polybotv3/node_modules/ethers/src.ts/abi/abi-coder.ts:118:21)
    at Function.getBuiltinCallException (/mnt/c/code/polybotv3/node_modules/ethers/src.ts/abi/abi-coder.ts:235:16)
    at JsonRpcProvider.getRpcError (/mnt/c/code/polybotv3/node_modules/ethers/src.ts/providers/provider-jsonrpc.ts:979:32)
    at /mnt/c/code/polybotv3/node_modules/ethers/src.ts/providers/provider-jsonrpc.ts:563:45
    at processTicksAndRejections (node:internal/process/task_queues:95:5) {
  code: 'CALL_EXCEPTION',
  action: 'estimateGas',
  data: '0x08c379a0000000000000000000000000000000000000000000000000000000000000002000000000000000000000000000000000000000000000000000000000000000184d6565726b61745632526f757465723a20455850495245440000000000000000',
  reason: 'MeerkatV2Router: EXPIRED',
  transaction: {
    to: '0x95142498886E95939aFefe44461dcEfcCdeee684',
    data: '0xde60dce4000000000000000000000000c35dadb65012ec5796536bd9864ed8773abc74c40000000000000000000000001b02da8cb0d097eb8d57a175b88c7d8b4799750600000000000000000000000051aba405de2b25e5506dea32a6697f450ceb1a170000000000000000000000000d500b1d8e8ef31e21c99d1db9a6444d3adf12700000000000000000000000002791bca1f2de4661ed88a30c99a7a9449aa84174000000000000000000000000000000000000000000000004f77791827930ec0000000000000000000000000000000000000000000000000000000000048a0b550000000000000000000000000000000000000000000000000000000004950ec8',
    from: '0xf39Fd6e51aad88F6F4ce6aB8827279cffFb92266'
  },
  invocation: null,
  revert: {
    signature: 'Error(string)',
    name: 'Error',
    args: [ 'MeerkatV2Router: EXPIRED' ]
  },
  shortMessage: 'execution reverted: "MeerkatV2Router: EXPIRED"',
  info: {
    error: {
      code: -32603,
      message: "Error: VM Exception while processing transaction: reverted with reason string 'MeerkatV2Router: EXPIRED'",
      data: [Object]
    },
    payload: {
      method: 'eth_estimateGas',
      params: [Array],
      id: 262,
      jsonrpc: '2.0'
    }
  }
}
[2024-01-18T16:41:57.260] [ERROR] default - >>>>>>>>>>>>>>>>>>>>>>>>>>>>>>>>>>END ERROR DATA: WMATIC/USDC <<<<<<<<<<<<<<<<<<<<<<<<<<<<<<<<<<<<<<<<<<<<<<<<
[2024-01-18T16:41:57.260] [ERROR] default - >>>>>>>>>>>>>>>>>>>>>>>>>>Error in fetchGasPrice for trade: WMATIC/USDC <<<<<<<<<<<<<<<<<<<<<<<<<<<<<<<<<<<<<<<
[2024-01-18T16:41:57.261] [INFO] default - MeerkatV2Router: EXPIRED
[2024-01-18T16:41:57.261] [ERROR] default - >>>>>>>>>>>>>>>>>>>>>>>>>>Error in fetchGasPrice for trade: USDC/WETH <<<<<<<<<<<<<<<<<<<<<<<<<<<<<<<<<<<<<<<
[2024-01-18T16:41:57.261] [ERROR] default - >>>>>>>>>>>>>>>>>>>>>>>>>>>>>>>>>>TRADE DATA: USDC/WETH <<<<<<<<<<<<<<<<<<<<<<<<<<<<<<<<<<<<<<<<<<<<<<<<
[2024-01-18T16:41:57.261] [ERROR] default - {
  id: '0x853Ee4b2A13f8a742d64C8F088bE7bA2131f670d',
  block: 51502194,
  trade: 'multi',
  ticker: 'USDC/WETH',
  direction: 'A',
  tradeSize: '2.804083 USDC',
  loanPool: {
    exchange: 'SUSHI',
    priceIn: '2287.000962',
    priceOut: '0.000437253860669178',
    reservesIn: '358096.521027 USDC',
    reservesOut: '156.579086311257354800 WETH',
    repaysObj: {
      direct: '2.812495 USDC',
      directInTokenOut: '0.1229774296862760 WETH',
      simpleMulti: '0.1229774405738971 WETH',
      getAmountsOut: '0.1222408285654893 WETH',
      getAmountsIn: '0.1229775815044291 WETH'
    },
    amountOut: '0.1222408285654893 WETH',
    amountOutToken0for1: '2.770753 USDC',
    amountRepay: '0.1222408285654893 WETH'
  },
  target: {
    exchange: 'QUICK',
    priceIn: '2286.817552',
    priceOut: '0.000437288929899786',
    reservesIn: '1068737.852117 USDC',
    reservesOut: '467.347231695638744060 WETH',
    amountOutToken0for1: '2.770545 USDC',
    amountOut: '0.1215177597093662 WETH'
  },
  result: {
    uniswapkPreT: '56070426073647617185927429882035',
    uniswapkPosT: '56070427387886153303708653788224',
    uniswapKPositive: true,
    profit: '0.-7230688561231 WETH',
    profperc: '0.5950314240918055%'
  }
}
[2024-01-18T16:41:57.261] [ERROR] default - >>>>>>>>>>>>>>>>>>>>>>>>>>>>>>>>>>END TRADE DATA: USDC/WETH <<<<<<<<<<<<<<<<<<<<<<<<<<<<<<<<<<<<<<<<<<<<<<<<
[2024-01-18T16:41:57.262] [ERROR] default - >>>>>>>>>>>>>>>>>>>>>>>>>>>>>>>>>>ERROR DATA: USDC/WETH <<<<<<<<<<<<<<<<<<<<<<<<<<<<<<<<<<<<<<<<<<<<<<<<
[2024-01-18T16:41:57.262] [ERROR] default - Error: execution reverted: "UniswapV2Router: EXPIRED" (action="estimateGas", data="0x08c379a000000000000000000000000000000000000000000000000000000000000000200000000000000000000000000000000000000000000000000000000000000018556e69737761705632526f757465723a20455850495245440000000000000000", reason="UniswapV2Router: EXPIRED", transaction={ "data": "0xde60dce4000000000000000000000000c35dadb65012ec5796536bd9864ed8773abc74c40000000000000000000000001b02da8cb0d097eb8d57a175b88c7d8b47997506000000000000000000000000a5e0829caced8ffdd4de3c43696c57f7d7a678ff0000000000000000000000002791bca1f2de4661ed88a30c99a7a9449aa841740000000000000000000000007ceb23fd6bc0add59e62ac25578270cff1b9f61900000000000000000000000000000000000000000000000000000000002ac973000000000000000000000000000000000000000000000000000451329503871e000000000000000000000000000000000000000000000000000457c61ba30f6d", "from": "0xf39Fd6e51aad88F6F4ce6aB8827279cffFb92266", "to": "0x95142498886E95939aFefe44461dcEfcCdeee684" }, invocation=null, revert={ "args": [ "UniswapV2Router: EXPIRED" ], "name": "Error", "signature": "Error(string)" }, code=CALL_EXCEPTION, version=6.10.0)
    at makeError (/mnt/c/code/polybotv3/node_modules/ethers/src.ts/utils/errors.ts:694:21)
    at getBuiltinCallException (/mnt/c/code/polybotv3/node_modules/ethers/src.ts/abi/abi-coder.ts:118:21)
    at Function.getBuiltinCallException (/mnt/c/code/polybotv3/node_modules/ethers/src.ts/abi/abi-coder.ts:235:16)
    at JsonRpcProvider.getRpcError (/mnt/c/code/polybotv3/node_modules/ethers/src.ts/providers/provider-jsonrpc.ts:979:32)
    at /mnt/c/code/polybotv3/node_modules/ethers/src.ts/providers/provider-jsonrpc.ts:563:45
    at processTicksAndRejections (node:internal/process/task_queues:95:5) {
  code: 'CALL_EXCEPTION',
  action: 'estimateGas',
  data: '0x08c379a000000000000000000000000000000000000000000000000000000000000000200000000000000000000000000000000000000000000000000000000000000018556e69737761705632526f757465723a20455850495245440000000000000000',
  reason: 'UniswapV2Router: EXPIRED',
  transaction: {
    to: '0x95142498886E95939aFefe44461dcEfcCdeee684',
    data: '0xde60dce4000000000000000000000000c35dadb65012ec5796536bd9864ed8773abc74c40000000000000000000000001b02da8cb0d097eb8d57a175b88c7d8b47997506000000000000000000000000a5e0829caced8ffdd4de3c43696c57f7d7a678ff0000000000000000000000002791bca1f2de4661ed88a30c99a7a9449aa841740000000000000000000000007ceb23fd6bc0add59e62ac25578270cff1b9f61900000000000000000000000000000000000000000000000000000000002ac973000000000000000000000000000000000000000000000000000451329503871e000000000000000000000000000000000000000000000000000457c61ba30f6d',
    from: '0xf39Fd6e51aad88F6F4ce6aB8827279cffFb92266'
  },
  invocation: null,
  revert: {
    signature: 'Error(string)',
    name: 'Error',
    args: [ 'UniswapV2Router: EXPIRED' ]
  },
  shortMessage: 'execution reverted: "UniswapV2Router: EXPIRED"',
  info: {
    error: {
      code: -32603,
      message: "Error: VM Exception while processing transaction: reverted with reason string 'UniswapV2Router: EXPIRED'",
      data: [Object]
    },
    payload: {
      method: 'eth_estimateGas',
      params: [Array],
      id: 263,
      jsonrpc: '2.0'
    }
  }
}
[2024-01-18T16:41:57.264] [ERROR] default - >>>>>>>>>>>>>>>>>>>>>>>>>>>>>>>>>>END ERROR DATA: USDC/WETH <<<<<<<<<<<<<<<<<<<<<<<<<<<<<<<<<<<<<<<<<<<<<<<<
[2024-01-18T16:41:57.264] [ERROR] default - >>>>>>>>>>>>>>>>>>>>>>>>>>Error in fetchGasPrice for trade: USDC/WETH <<<<<<<<<<<<<<<<<<<<<<<<<<<<<<<<<<<<<<<
[2024-01-18T16:41:57.264] [INFO] default - UniswapV2Router: EXPIRED
[2024-01-18T16:41:57.265] [ERROR] default - >>>>>>>>>>>>>>>>>>>>>>>>>>Error in fetchGasPrice for trade: USDC/WETH <<<<<<<<<<<<<<<<<<<<<<<<<<<<<<<<<<<<<<<
[2024-01-18T16:41:57.265] [ERROR] default - >>>>>>>>>>>>>>>>>>>>>>>>>>>>>>>>>>TRADE DATA: USDC/WETH <<<<<<<<<<<<<<<<<<<<<<<<<<<<<<<<<<<<<<<<<<<<<<<<
[2024-01-18T16:41:57.265] [ERROR] default - {
  id: '0x853Ee4b2A13f8a742d64C8F088bE7bA2131f670d',
  block: 51502194,
  trade: 'multi',
  ticker: 'USDC/WETH',
  direction: 'A',
  tradeSize: '2.804083 USDC',
  loanPool: {
    exchange: 'SUSHI',
    priceIn: '2287.000962',
    priceOut: '0.000437253860669178',
    reservesIn: '358096.521027 USDC',
    reservesOut: '156.579086311257354800 WETH',
    repaysObj: {
      direct: '2.812495 USDC',
      directInTokenOut: '0.1229774296862760 WETH',
      simpleMulti: '0.1229774405738971 WETH',
      getAmountsOut: '0.1222408285654893 WETH',
      getAmountsIn: '0.1229775815044291 WETH'
    },
    amountOut: '0.1222408285654893 WETH',
    amountOutToken0for1: '2.770753 USDC',
    amountRepay: '0.1222408285654893 WETH'
  },
  target: {
    exchange: 'QUICK',
    priceIn: '2286.817552',
    priceOut: '0.000437288929899786',
    reservesIn: '1068737.852117 USDC',
    reservesOut: '467.347231695638744060 WETH',
    amountOutToken0for1: '2.770545 USDC',
    amountOut: '0.1215177597093662 WETH'
  },
  result: {
    uniswapkPreT: '56070426073647617185927429882035',
    uniswapkPosT: '56070427387886153303708653788224',
    uniswapKPositive: true,
    profit: '0.-7230688561231 WETH',
    profperc: '0.5950314240918055%'
  }
}
[2024-01-18T16:41:57.266] [ERROR] default - >>>>>>>>>>>>>>>>>>>>>>>>>>>>>>>>>>END TRADE DATA: USDC/WETH <<<<<<<<<<<<<<<<<<<<<<<<<<<<<<<<<<<<<<<<<<<<<<<<
[2024-01-18T16:41:57.266] [ERROR] default - >>>>>>>>>>>>>>>>>>>>>>>>>>>>>>>>>>ERROR DATA: USDC/WETH <<<<<<<<<<<<<<<<<<<<<<<<<<<<<<<<<<<<<<<<<<<<<<<<
[2024-01-18T16:41:57.266] [ERROR] default - Error: execution reverted: "UniswapV2Router: EXPIRED" (action="estimateGas", data="0x08c379a000000000000000000000000000000000000000000000000000000000000000200000000000000000000000000000000000000000000000000000000000000018556e69737761705632526f757465723a20455850495245440000000000000000", reason="UniswapV2Router: EXPIRED", transaction={ "data": "0xde60dce4000000000000000000000000c35dadb65012ec5796536bd9864ed8773abc74c40000000000000000000000001b02da8cb0d097eb8d57a175b88c7d8b47997506000000000000000000000000a5e0829caced8ffdd4de3c43696c57f7d7a678ff0000000000000000000000002791bca1f2de4661ed88a30c99a7a9449aa841740000000000000000000000007ceb23fd6bc0add59e62ac25578270cff1b9f61900000000000000000000000000000000000000000000000000000000002ac973000000000000000000000000000000000000000000000000000451329503871e000000000000000000000000000000000000000000000000000457c61ba30f6d", "from": "0xf39Fd6e51aad88F6F4ce6aB8827279cffFb92266", "to": "0x95142498886E95939aFefe44461dcEfcCdeee684" }, invocation=null, revert={ "args": [ "UniswapV2Router: EXPIRED" ], "name": "Error", "signature": "Error(string)" }, code=CALL_EXCEPTION, version=6.10.0)
    at makeError (/mnt/c/code/polybotv3/node_modules/ethers/src.ts/utils/errors.ts:694:21)
    at getBuiltinCallException (/mnt/c/code/polybotv3/node_modules/ethers/src.ts/abi/abi-coder.ts:118:21)
    at Function.getBuiltinCallException (/mnt/c/code/polybotv3/node_modules/ethers/src.ts/abi/abi-coder.ts:235:16)
    at JsonRpcProvider.getRpcError (/mnt/c/code/polybotv3/node_modules/ethers/src.ts/providers/provider-jsonrpc.ts:979:32)
    at /mnt/c/code/polybotv3/node_modules/ethers/src.ts/providers/provider-jsonrpc.ts:563:45
    at processTicksAndRejections (node:internal/process/task_queues:95:5) {
  code: 'CALL_EXCEPTION',
  action: 'estimateGas',
  data: '0x08c379a000000000000000000000000000000000000000000000000000000000000000200000000000000000000000000000000000000000000000000000000000000018556e69737761705632526f757465723a20455850495245440000000000000000',
  reason: 'UniswapV2Router: EXPIRED',
  transaction: {
    to: '0x95142498886E95939aFefe44461dcEfcCdeee684',
    data: '0xde60dce4000000000000000000000000c35dadb65012ec5796536bd9864ed8773abc74c40000000000000000000000001b02da8cb0d097eb8d57a175b88c7d8b47997506000000000000000000000000a5e0829caced8ffdd4de3c43696c57f7d7a678ff0000000000000000000000002791bca1f2de4661ed88a30c99a7a9449aa841740000000000000000000000007ceb23fd6bc0add59e62ac25578270cff1b9f61900000000000000000000000000000000000000000000000000000000002ac973000000000000000000000000000000000000000000000000000451329503871e000000000000000000000000000000000000000000000000000457c61ba30f6d',
    from: '0xf39Fd6e51aad88F6F4ce6aB8827279cffFb92266'
  },
  invocation: null,
  revert: {
    signature: 'Error(string)',
    name: 'Error',
    args: [ 'UniswapV2Router: EXPIRED' ]
  },
  shortMessage: 'execution reverted: "UniswapV2Router: EXPIRED"',
  info: {
    error: {
      code: -32603,
      message: "Error: VM Exception while processing transaction: reverted with reason string 'UniswapV2Router: EXPIRED'",
      data: [Object]
    },
    payload: {
      method: 'eth_estimateGas',
      params: [Array],
      id: 263,
      jsonrpc: '2.0'
    }
  }
}
[2024-01-18T16:41:57.267] [ERROR] default - >>>>>>>>>>>>>>>>>>>>>>>>>>>>>>>>>>END ERROR DATA: USDC/WETH <<<<<<<<<<<<<<<<<<<<<<<<<<<<<<<<<<<<<<<<<<<<<<<<
[2024-01-18T16:41:57.267] [ERROR] default - >>>>>>>>>>>>>>>>>>>>>>>>>>Error in fetchGasPrice for trade: USDC/WETH <<<<<<<<<<<<<<<<<<<<<<<<<<<<<<<<<<<<<<<
[2024-01-18T16:41:57.270] [INFO] default - UniswapV2Router: EXPIRED
[2024-01-18T16:41:57.302] [INFO] default - New block received: Block # 51502195
[2024-01-18T16:41:57.569] [INFO] default - New block received: Block # 51502196
[2024-01-18T16:41:57.601] [INFO] default - New block received: Block # 51502197
